ISO-10303-21;
HEADER;
/* Generated by software containing ST-Developer
 * from STEP Tools, Inc. (www.steptools.com) 
 */
/* OPTION: using custom renumber hook */

FILE_DESCRIPTION(
/* description */ ('STEP AP242 Edition 2',
'CAx-IF Rec.Pracs.---Representation and Presentation of Product Manufa
cturing Information (PMI)---4.0---2014-10-13',
'CAx-IF Rec.Pracs.---3D Tessellated Geometry---0.4---2014-09-14','2;1',
'CAx-IF Rec.Pracs.---User Defined Attributes---1.5---2016-08-15'),
/* implementation_level */ '2;1');

FILE_NAME(
/* name */ 'Cwemkeys',
/* time_stamp */ '2026-09-18T22:53:08Z',
/* author */ (''),
/* organization */ (''),
/* preprocessor_version */ 'ST-DEVELOPER v20',
/* originating_system */ 'ONSHAPE BY PTC INC, 1.221',
/* authorisation */ '  ');

FILE_SCHEMA (('AP242_MANAGED_MODEL_BASED_3D_ENGINEERING_MIM_LF { 1 0 10303 442 3 1 4 }'));
ENDSEC;

DATA;
#10=SHAPE_REPRESENTATION_RELATIONSHIP('','',#94,#14);
#11=SHAPE_REPRESENTATION_RELATIONSHIP('','',#95,#15);
#12=SHAPE_REPRESENTATION_RELATIONSHIP('','',#96,#16);
#13=SHAPE_REPRESENTATION_RELATIONSHIP('','',#97,#17);
#14=TESSELLATED_SHAPE_REPRESENTATION('',(#86),#118);
#15=TESSELLATED_SHAPE_REPRESENTATION('',(#87),#119);
#16=TESSELLATED_SHAPE_REPRESENTATION('',(#88),#120);
#17=TESSELLATED_SHAPE_REPRESENTATION('',(#89),#121);
#18=STYLED_ITEM('',(#26),#78);
#19=STYLED_ITEM('',(#27),#86);
#20=STYLED_ITEM('',(#28),#79);
#21=STYLED_ITEM('',(#29),#87);
#22=STYLED_ITEM('',(#30),#80);
#23=STYLED_ITEM('',(#31),#88);
#24=STYLED_ITEM('',(#32),#81);
#25=STYLED_ITEM('',(#33),#89);
#26=PRESENTATION_STYLE_ASSIGNMENT((#34));
#27=PRESENTATION_STYLE_ASSIGNMENT((#35));
#28=PRESENTATION_STYLE_ASSIGNMENT((#36));
#29=PRESENTATION_STYLE_ASSIGNMENT((#37));
#30=PRESENTATION_STYLE_ASSIGNMENT((#38));
#31=PRESENTATION_STYLE_ASSIGNMENT((#39));
#32=PRESENTATION_STYLE_ASSIGNMENT((#40));
#33=PRESENTATION_STYLE_ASSIGNMENT((#41));
#34=SURFACE_STYLE_USAGE(.BOTH.,#42);
#35=SURFACE_STYLE_USAGE(.BOTH.,#43);
#36=SURFACE_STYLE_USAGE(.BOTH.,#44);
#37=SURFACE_STYLE_USAGE(.BOTH.,#45);
#38=SURFACE_STYLE_USAGE(.BOTH.,#46);
#39=SURFACE_STYLE_USAGE(.BOTH.,#47);
#40=SURFACE_STYLE_USAGE(.BOTH.,#48);
#41=SURFACE_STYLE_USAGE(.BOTH.,#49);
#42=SURFACE_SIDE_STYLE('',(#50));
#43=SURFACE_SIDE_STYLE('',(#51));
#44=SURFACE_SIDE_STYLE('',(#52));
#45=SURFACE_SIDE_STYLE('',(#53));
#46=SURFACE_SIDE_STYLE('',(#54));
#47=SURFACE_SIDE_STYLE('',(#55));
#48=SURFACE_SIDE_STYLE('',(#56));
#49=SURFACE_SIDE_STYLE('',(#57));
#50=SURFACE_STYLE_FILL_AREA(#58);
#51=SURFACE_STYLE_FILL_AREA(#59);
#52=SURFACE_STYLE_FILL_AREA(#60);
#53=SURFACE_STYLE_FILL_AREA(#61);
#54=SURFACE_STYLE_FILL_AREA(#62);
#55=SURFACE_STYLE_FILL_AREA(#63);
#56=SURFACE_STYLE_FILL_AREA(#64);
#57=SURFACE_STYLE_FILL_AREA(#65);
#58=FILL_AREA_STYLE('',(#66));
#59=FILL_AREA_STYLE('',(#67));
#60=FILL_AREA_STYLE('',(#68));
#61=FILL_AREA_STYLE('',(#69));
#62=FILL_AREA_STYLE('',(#70));
#63=FILL_AREA_STYLE('',(#71));
#64=FILL_AREA_STYLE('',(#72));
#65=FILL_AREA_STYLE('',(#73));
#66=FILL_AREA_STYLE_COLOUR('',#74);
#67=FILL_AREA_STYLE_COLOUR('',#74);
#68=FILL_AREA_STYLE_COLOUR('',#75);
#69=FILL_AREA_STYLE_COLOUR('',#75);
#70=FILL_AREA_STYLE_COLOUR('',#76);
#71=FILL_AREA_STYLE_COLOUR('',#76);
#72=FILL_AREA_STYLE_COLOUR('',#77);
#73=FILL_AREA_STYLE_COLOUR('',#77);
#74=COLOUR_RGB('',0.917647058823529,0.917647058823529,0.917647058823529);
#75=COLOUR_RGB('',0.647058823529412,0.647058823529412,0.647058823529412);
#76=COLOUR_RGB('',0.768627450980392,0.886274509803922,0.952941176470588);
#77=COLOUR_RGB('',0.231372549019608,0.380392156862745,0.705882352941177);
#78=COMPLEX_TRIANGULATED_FACE('ConvergentBody',#82,3592,((-0.460195245796091,
-0.121910679408935,-0.879407824614227),(-0.965519910303822,-0.260329220040507,
0.),(-0.463540103575086,0.,-0.886075940525012),(-0.353253966309907,-0.280355710383417,
-0.89253140613747),(-0.478791548049807,1.12724453061811E-6,-0.87792861527279),
(-0.999999999996917,2.48324775952115E-6,0.),(-0.370872101887346,-0.288441391405549,
-0.882754466296089),(-0.641865151183292,-0.766817532204663,0.),(-0.910602378118579,
-0.413283569676788,0.),(-0.641865151183292,-0.766817532204663,0.),(-0.910602378118579,
-0.413283569676788,0.),(0.,0.,-1.),(0.,0.,-1.),(-0.999999999996917,2.48324775952115E-6,
0.),(-0.965519910303822,-0.260329220040507,0.),(0.,0.,-1.),(-0.478791548050082,
0.,-0.877928615273364),(-0.2357099750607,0.444129338768597,-0.864401491265403),
(0.235708420100994,0.444129511126144,-0.864401826722009),(0.478791548050139,
0.,-0.877928615273333),(0.235708420101371,-0.444129511126089,-0.864401826721934),
(-0.235709975061077,-0.444129338768542,-0.864401491265329),(-0.353358266129957,
0.281068501766947,-0.892265898189611),(-0.460169339846036,0.12166760966888,
-0.879455042297856),(-0.965697114840012,0.259671104263983,0.),(-0.203763874450077,
-0.401845156730615,-0.892748986827339),(-0.244776670895158,-0.969579486883609,
0.),(-0.641865151183292,-0.766817532204663,0.),(-7.65019056307657E-6,-0.426412363667777,
-0.904528880717876),(0.457193059895365,0.147884691515517,-0.876986102511821),
(0.8602974209624,0.509792455304552,0.),(0.996665049911416,0.0816013375201272,
0.),(0.996665049911416,0.0816013375201272,0.),(0.473749818874655,-0.0738479566584519,
-0.877557740786099),(0.931796254938879,-0.362981734088479,0.),(0.467379836312055,
-0.00150972993660442,-0.884055320285125),(0.996665049911416,0.0816013375201272,
0.),(0.,0.,-1.),(0.931796254938879,-0.362981734088479,0.),(0.351341818414154,
0.281921429133778,-0.892792940400294),(0.328948937347592,0.325473086614311,
-0.886487375266926),(0.556058477954096,0.831143170034727,0.),(0.8602974209624,
0.509792455304552,0.),(0.8602974209624,0.509792455304552,0.),(0.,0.,-1.),
(0.996665049911416,0.0816013375201272,0.),(0.354605393114255,-0.280005612251256,
-0.892105303359466),(0.387466111457575,-0.268483696483885,-0.881922058457716),
(0.931796254938879,-0.362981734088479,0.),(0.673004705985234,-0.739638199203995,
0.),(0.931796254938879,-0.362981734088479,0.),(0.673004705985234,-0.739638199203995,
0.),(0.,0.,-1.),(0.170687488616093,0.413068206715145,-0.894561589736037),
(0.182522228389929,0.983201727085329,0.),(0.556058477954096,0.831143170034727,
0.),(0.000498726913166994,0.426048953627403,-0.90469997257901),(0.556058477954096,
0.831143170034727,0.),(0.182522228389929,0.983201727085329,0.),(0.,0.,-1.),
(0.,0.,-1.),(0.556058477954096,0.831143170034727,0.),(0.8602974209624,0.509792455304552,
0.),(0.216329973586902,-0.396319686935886,-0.892262320326781),(0.673004705985234,
-0.739638199203995,0.),(0.276079736581476,-0.961134735117352,0.),(0.0667117663628904,
-0.451595501716944,-0.889725262683804),(0.149154394471494,-0.988813919101993,
0.),(0.149154394471494,-0.988813919101993,0.),(0.,0.,-1.),(0.,0.,-1.),(0.673004705985234,
-0.739638199203995,0.),(0.276079736581476,-0.961134735117352,0.),(-0.0495281962706607,
-0.455234250615172,-0.888993101683594),(-0.113542697873719,-0.993533117595764,
0.),(-0.113542697873719,-0.993533117595764,0.),(0.,0.,-1.),(0.,0.,-1.),
(-0.244776670895158,-0.969579486883609,0.),(-0.641865151183292,-0.766817532204663,
0.),(-0.195175262079298,0.406522852668455,-0.892550159559998),(-0.629621401850587,
0.7769021111644,0.),(-0.217983488043387,0.975952457315641,0.),(-0.217983488043387,
0.975952457315641,0.),(-0.00746675954817415,0.457001073155495,-0.889434801790764),
(0.182522228389929,0.983201727085329,0.),(-0.36894705619711,0.290623085472983,
-0.882845565154886),(-0.911166929699719,0.412037408764772,0.),(-0.629621401850587,
0.7769021111644,0.),(-0.629621401850587,0.7769021111644,0.),(0.,0.,-1.),
(-0.217983488043387,0.975952457315641,0.),(0.,0.,-1.),(-0.217983488043387,
0.975952457315641,0.),(0.182522228389929,0.983201727085329,0.),(-0.911166929699719,
0.412037408764772,0.),(0.,0.,-1.),(-0.629621401850587,0.7769021111644,0.),
(-0.965697114840012,0.259671104263983,0.),(0.,0.,-1.),(0.,0.,-1.),(0.,-1.,
0.),(0.727851964230347,-0.685734291228043,0.),(0.,0.,-1.),(0.117361620309486,
-0.993089245777202,0.),(0.,0.,-1.),(0.666260638906397,-0.745718955803083,
0.),(0.,0.,-1.),(0.599744547238516,-0.800191525859695,0.),(0.233101125992676,
-0.972452500156664,0.),(0.,0.,-1.),(0.,-1.,0.),(0.460420837718949,-0.887700767260106,
0.),(0.,0.,-1.),(-0.441188761313658,-0.897414328440615,0.),(0.,-1.,0.),
(0.,0.,-1.),(0.460420837718949,-0.887700767260106,0.),(0.0220474024302358,
-0.999756926480672,0.),(0.0220474024302358,-0.999756926480672,0.),(0.,0.,
-1.),(-0.441188761313658,-0.897414328440615,0.),(0.,0.,-1.),(-0.727851964230362,
-0.685734291228027,0.),(0.,-1.,0.),(0.,0.,-1.),(-0.092382441738821,-0.995723598423967,
0.),(0.,0.,-1.),(-0.183974754638743,-0.982930968916747,0.),(-0.560174354191981,
-0.828374729760389,0.),(0.,0.,-1.),(-0.647950247251538,-0.76168266166867,
0.),(0.116302149982957,-0.993207367602529,-0.00359650516414286),(0.0753634900900838,
-0.640715000075346,0.764071091613791),(0.727851964230347,-0.685734291228043,
0.),(0.,-1.,0.),(0.,0.,-1.),(0.,0.,-1.),(0.0211763936723638,-0.999775755032614,
0.),(-0.183974754638743,-0.982930968916747,0.),(0.,0.,-1.),(-0.560174354191981,
-0.828374729760389,0.),(0.,-1.,0.),(-0.441188761313658,-0.897414328440615,
0.),(0.,0.,-1.),(0.,0.,-1.),(-0.092382441738821,-0.995723598423967,0.),
(0.0220474024302358,-0.999756926480672,0.),(0.,0.,-1.),(-0.441188761313658,
-0.897414328440615,0.),(0.460420837718949,-0.887700767260106,0.),(0.,0.,
-1.),(0.0220474024302358,-0.999756926480672,0.),(-0.647950247251538,-0.76168266166867,
0.),(0.,0.,-1.),(0.,0.,-1.),(-0.727851964230362,-0.685734291228027,0.),
(0.,-1.,0.),(0.,-1.,0.),(0.,0.,-1.),(0.,0.,-1.),(-0.0211765405244769,-0.999775751922107,
0.),(0.,-1.,0.),(1.,0.,0.),(0.,0.,-1.),(-0.114622376295541,-0.99340291937812,
-0.00351434537173593),(-0.074413253948429,-0.641046671279278,0.763886007777707),
(0.117361620309486,-0.993089245777202,0.),(0.,0.,-1.),(0.460420837718949,
-0.887700767260106,0.),(0.,-1.,0.),(0.,0.,-1.),(0.,0.,-1.),(0.599744547238516,
-0.800191525859695,0.),(0.233101125992676,-0.972452500156664,0.),(0.666260638906397,
-0.745718955803083,0.),(0.,0.,-1.),(0.,0.,-1.),(0.,0.,-1.),(-0.229144612104879,
0.973392390941754,0.),(0.,0.,-1.),(-0.995754882840848,-0.0920446266688579,
0.),(0.,0.,-1.),(-0.988123926647419,0.153659056312625,0.),(0.,0.,-1.),(-0.390915834976254,
0.920426428328098,0.),(-0.747741999660856,0.663989383908496,0.),(-0.747741999660856,
0.663989383908496,0.),(0.,0.,-1.),(-0.961167185317089,0.275966740513463,
0.),(-0.0211768636062789,-0.999775745078766,0.),(0.,0.,-1.),(0.,-1.,0.),
(-0.727853629623414,-0.685732523542542,0.),(0.,0.,-1.),(0.,0.,-1.),(0.112872176483607,
0.993609516749841,0.),(0.,-1.,0.),(0.,0.,1.),(1.,0.,0.),(0.,0.,-1.),(0.,
-1.,0.),(-1.,0.,0.),(0.,0.,1.),(0.,-1.,0.),(0.,0.,-1.),(-1.,0.,0.),(0.,
0.,-1.),(0.994742011572608,-0.10241255007313,0.),(0.,-1.,0.),(0.,0.,-1.),
(1.,0.,0.),(0.,0.,-1.),(-0.241464712305942,-0.970403781085859,0.0033607090436176),
(0.,0.,1.),(-0.229144702299392,0.973392369709216,0.),(0.,0.,1.),(0.112871853952162,
0.993609553388755,0.),(0.,0.,1.),(0.,1.,0.),(1.,0.,0.),(0.,0.,1.),(0.994168382861385,
-0.107838891494577,0.),(1.,0.,0.),(0.,1.,0.),(0.,0.,-1.),(0.,0.,1.),(0.973288981043081,
0.229583447530786,0.),(0.,0.,1.),(0.671115516465603,0.741352792912461,0.),
(0.921393260820058,0.388631520743468,0.),(0.,0.,1.),(0.283073566892599,
0.959098199209393,0.),(0.671115516465603,0.741352792912461,0.),(1.,0.,0.),
(0.,0.,-1.),(0.,-1.,0.),(0.,-1.,0.),(1.,0.,0.),(0.,0.,-1.),(0.,0.,-1.),
(-0.99408031350433,0.108646805581791,0.000449377352375024),(0.,0.,-1.),
(-0.994081635697601,-0.108634621621013,0.000469631813935765),(0.,0.,-1.),
(-0.97625668148102,-0.216614514468213,0.00102175602079121),(-0.780925850773334,
-0.624576783203132,0.00765881698258102),(0.,0.,-1.),(-0.60424672234267,
-0.796757950330359,0.00791625691255817),(0.,-1.,0.),(0.,0.,-1.),(0.,0.,
-1.),(-0.0211765111538915,-0.999775752544214,0.),(0.,-1.,0.),(0.,0.,-1.),
(-1.,0.,0.),(-1.,0.,0.),(0.0577837527430486,0.653017060222007,-0.755135588472652),
(0.,0.,1.),(0.,0.,1.),(-0.995756094907935,-0.0920315133728647,0.),(0.,0.,
1.),(-0.747745000283455,0.663986004785565,0.),(-0.390915834976254,0.920426428328098,
0.),(0.,0.,1.),(-0.961166052133105,0.275970687260188,0.),(-0.747745000283455,
0.663986004785565,0.),(0.,0.,1.),(-0.988121145107907,0.153676942286857,
0.),(0.,-1.,0.),(-1.,0.,0.),(0.,0.,-1.),(0.,0.,-1.),(-0.994317745140572,
-0.10645290836125,0.),(0.,0.,-1.),(-0.0741575286042864,-0.997246539703851,
0.),(-0.0417836318517381,0.,-0.999126682713097),(0.,-1.,0.),(0.,-1.,0.),
(0.0528302660341917,0.,-0.998603506398188),(0.,0.,-1.),(0.112871853952162,
0.993609553388755,0.),(0.,0.,-1.),(0.671115516465603,0.741352792912461,
0.),(0.283073566892599,0.959098199209393,0.),(0.,0.,-1.),(0.921393260820058,
0.388631520743468,0.),(0.671115516465603,0.741352792912461,0.),(0.,0.,-1.),
(0.973288981043081,0.229583447530786,0.),(0.,0.,-1.),(0.994168382861385,
-0.107838891494577,0.),(0.0211763936723638,-0.999775755032614,0.),(0.,0.,
-1.),(0.116302149982957,-0.993207367602529,-0.00359650516414286),(0.0748414433956127,
-0.640112742018785,0.764626991320378),(0.,-1.,0.),(0.727851333068635,-0.685734961154972,
0.),(0.,0.,-1.),(0.,0.,-1.),(0.,-1.,0.),(0.727851333068635,-0.685734961154972,
0.),(0.,0.,-1.),(0.,0.,-1.),(-0.994317745140572,-0.10645290836125,0.),(-0.114623308077947,
-0.993402812004096,-0.00351430613660378),(-0.0744138504840886,-0.641046569713646,
0.763886034899512),(0.,-1.,0.),(0.,0.,-1.),(-0.727852679236432,-0.685733532304728,
-1.10796250835503E-6),(-0.241465287968491,-0.970403638048838,0.00336064991841208),
(0.,0.,-1.),(0.,0.,-1.),(0.241503358898869,-0.97039442438348,0.00328462570433298),
(0.,0.,-1.),(0.6042165607016,-0.796781383847788,0.0078596518709873),(0.116301164207089,
-0.993207482755411,-0.00359658209066421),(0.0753629764458849,-0.640715179572342,
0.764070991758488),(-0.0472439108042977,-0.649177982046626,0.75916793960084),
(0.,0.,1.),(0.,0.,1.),(-0.200854242293237,-0.622020721524645,0.756801027580414),
(-0.260554676700765,-0.594040341133963,0.761069861152578),(-0.387030258861628,
-0.922061844148619,-0.00308776468488102),(-0.727852112633592,-0.685734133709265,
0.),(0.,0.,-1.),(0.,-1.,0.),(0.727851964230347,-0.685734291228043,0.),(0.,
0.,-1.),(0.,0.,-1.),(0.182530943256167,0.983200109211759,0.),(-0.217979169700785,
0.975953421827372,0.),(-0.647951038595618,-0.761681988485106,0.),(0.,0.,
-1.),(0.,0.,-1.),(-0.965693481821568,0.259684614806763,0.),(0.,0.,-1.),
(-0.217979169700785,0.975953421827372,0.),(-0.629629926042666,0.776895202862977,
0.),(-0.629629926042666,0.776895202862977,0.),(0.,0.,-1.),(-0.911160465138767,
0.412051703998546,0.),(0.994742011572608,-0.10241255007313,0.),(0.,0.,-1.),
(0.,0.,-1.),(-0.988121145107907,0.153676942286857,0.),(0.,0.,-1.),(-0.747745000283455,
0.663986004785565,0.),(-0.961166052133105,0.275970687260188,0.),(0.,0.,
-1.),(-0.390915834976254,0.920426428328098,0.),(-0.747745000283455,0.663986004785565,
0.),(0.,0.,-1.),(-0.229144702299392,0.973392369709216,0.),(-0.047243699953175,
-0.64917798852782,0.75916794718014),(0.,0.,1.),(0.,0.,1.),(0.0472436296698757,
-0.649177990688199,0.759167949706551),(0.200837249347605,-0.621977853858981,
0.756840768314884),(0.,0.,1.),(0.39024638027358,-0.920705017007247,-0.00316770280366871),
(0.262677082495842,-0.592957647256457,0.761184589236776),(0.,0.,-1.),(0.994168235281731,
-0.107840252024967,0.),(0.,0.,-1.),(0.671117060196521,0.741351395434836,
0.),(0.283074011810098,0.95909806789386,0.),(0.,0.,-1.),(0.97328882187891,
0.229584122285411,0.),(0.,0.,-1.),(0.921392721964139,0.388632798296175,
0.),(0.671117060196521,0.741351395434836,0.),(0.0211759237592147,-0.999775764985801,
0.),(0.,0.,-1.),(0.,0.,-1.),(-0.0211759237592437,-0.999775764985801,0.),
(0.,-1.,0.),(0.,0.,-1.),(-0.727851964230362,-0.685734291228027,0.),(0.,
-1.,0.),(0.,0.,-1.),(0.727851964230347,-0.685734291228043,0.),(0.666262184303766,
-0.74571757506899,0.),(0.,0.,-1.),(0.666262184303766,-0.74571757506899,
0.),(0.,0.,-1.),(0.,0.,-1.),(0.931802041230759,-0.362966879974181,0.),(0.996665493369752,
0.0815959210134291,0.),(0.,0.,-1.),(0.556040727991415,0.831155044991472,
0.),(0.182530943256167,0.983200109211759,0.),(0.,0.,-1.),(0.860302548607567,
0.509783802076258,0.),(0.556040727991415,0.831155044991472,0.),(0.,0.,-1.),
(0.996665493369752,0.0815959210134291,0.),(0.860302548607567,0.509783802076258,
0.),(0.,0.,-1.),(0.241503872962475,-0.970394296036119,0.00328474727939852),
(-0.114620432840386,-0.993403143382479,-0.00351441222573746),(-0.0738522918316651,
-0.640420147697761,0.764465743780576),(-0.241464758984102,-0.970403768589818,
0.00336096346735595),(0.,0.,-1.),(0.,0.,-1.),(0.604215719307098,-0.796782022000234,
0.00785964117657954),(0.0472436296698757,-0.649177990688199,0.759167949706551),
(0.,0.,1.),(0.,0.,1.),(0.20083712891985,-0.621978166076401,0.756840543689005),
(0.39025080999581,-0.92070313918464,-0.00316777416559637),(0.262679632137756,
-0.592956246390353,0.76118480064084),(-0.200853855251554,-0.622020839656198,
0.756801033207531),(0.,0.,1.),(-0.260554704093911,-0.594040131915951,0.76107001507602),
(-0.387030568272559,-0.922061714274977,-0.00308776471094439),(0.116301164207089,
-0.993207482755411,-0.00359658209066421),(0.0748409771589583,-0.640112958077913,
0.764626856079903),(0.,-1.,0.),(-0.727851964230362,-0.685734291228027,0.),
(0.,0.,-1.),(0.,-1.,0.),(0.727851964230347,-0.685734291228043,0.),(0.,0.,
-1.),(0.,0.,-1.),(0.0211759237592147,-0.999775764985801,0.),(0.,0.,-1.),
(0.182525133254291,0.983201187819921,0.),(-0.217984927527953,0.975952135799002,
0.),(-0.6479514067901,-0.761681675267779,0.),(0.,0.,-1.),(-0.6479514067901,
-0.761681675267779,0.),(0.,0.,-1.),(0.,0.,-1.),(-0.965696197900541,0.259674514268225,
0.),(0.,0.,-1.),(-0.217984927527953,0.975952135799002,0.),(-0.629618560487771,
0.776904413869111,0.),(-0.629618560487771,0.776904413869111,0.),(0.,0.,
-1.),(-0.91116908452383,0.412032643619418,0.),(-0.0415771102680677,-0.649341702574562,
0.75935939923025),(0.,0.,1.),(0.,0.,1.),(-0.166513859149,-0.629361996012366,
0.759062983346335),(-0.258459203072666,-0.591697501829085,0.76360520341094),
(-0.387037784550934,-0.922058684960108,-0.00308785031081787),(0.,0.,-1.),
(0.112874020217772,0.993609307303368,0.),(0.,0.,-1.),(-0.229144612104879,
0.973392390941754,0.),(-0.0211768636062789,-0.999775745078766,0.),(0.,0.,
-1.),(0.,0.,-1.),(0.,-1.,0.),(0.727851964230347,-0.685734291228043,0.),
(0.666262184303766,-0.74571757506899,0.),(0.,0.,-1.),(0.,0.,-1.),(0.931794326138044,
-0.362986685398994,0.),(0.996663719362085,0.0816175869977535,0.),(0.,0.,
-1.),(0.556052561201991,0.831147128480094,0.),(0.182525133254291,0.983201187819921,
0.),(0.,0.,-1.),(0.860302548607567,0.509783802076258,0.),(0.556052561201991,
0.831147128480094,0.),(0.,0.,-1.),(0.996663719362085,0.0816175869977535,
0.),(0.860302548607567,0.509783802076258,0.),(0.241506727999088,-0.970393584608756,
0.00328500857587717),(0.,0.,-1.),(0.,0.,-1.),(-0.241466585902922,-0.970403313936733,
0.00336098095695945),(0.,0.,-1.),(-0.604247371334592,-0.796757462894605,
0.00791577898803241),(0.0415776772406225,-0.649341687240967,0.75935938129869),
(0.,0.,1.),(0.,0.,1.),(0.166559196123752,-0.629212735706075,0.759176769541776),
(0.39026129575787,-0.920698694648522,-0.00316776039123309),(0.260771734677907,
-0.590720085856788,0.763575721561669),(-0.114622402538501,-0.993402916645493,
-0.00351426187534647),(-0.0738538925243628,-0.640420209707431,0.764465537193986),
(0.116304946430787,-0.993207040099366,-0.00359651675753892),(0.0748433843626578,
-0.640112491880159,0.764627010741916),(0.0211768636062772,-0.999775745078766,
0.),(0.,0.,-1.),(-0.0415782442285654,-0.649341671906746,0.759359363366398),
(0.,0.,1.),(0.,0.,1.),(-0.166513408734229,-0.62936260880658,0.75906257406612),
(-0.258460183112429,-0.591697623887645,0.763604777113924),(-0.387039415095305,
-0.922058001043889,-0.00308769714047762),(0.241505962754247,-0.970393777255801,
0.00328435950578406),(0.,0.,-1.),(0.0415782442285654,-0.649341671906746,
0.759359363366398),(0.,0.,1.),(0.,0.,1.),(0.166557034359598,-0.629212602317566,
0.759177354371225),(0.260757752800739,-0.59072481816711,0.763576835397554),
(0.390243723441814,-0.920706142993104,-0.0031677387883232),(0.0423620274253491,
-0.999102326407267,0.),(0.,0.,-1.),(0.,0.,-1.),(-0.902382440746296,0.430936109687687,
0.),(-0.637116236607279,0.77076773482767,0.),(0.666262184303766,-0.74571757506899,
0.),(0.,0.,-1.),(-0.114622343039406,-0.993402923193816,-0.00351435145339588),
(-0.0744132379086267,-0.641046676871802,0.763886004647012),(-0.241464927336774,
-0.970403727520767,0.00336072611900827),(0.,0.,-1.),(0.,0.,-1.),(0.241504072640288,
-0.970394246532312,0.00328469102676019),(0.,0.,-1.),(0.60421613993078,-0.796781702874922,
0.00785965717370422),(0.103039070816353,-0.994470064677523,-0.0203037027555518),
(0.0748415270912739,-0.640112733669811,0.76462699011767),(0.0415775709320991,
-0.649341690116063,0.759359384660913),(0.,0.,1.),(-0.387030723076659,-0.922061649396168,
-0.00308773502356291),(-0.260554755189968,-0.594040080756774,0.761070037514538),
(-0.200853812851762,-0.622020857125604,0.756801030102125),(0.,0.,1.),(0.,
0.,1.),(-0.047243699953175,-0.64917798852782,0.75916794718014),(0.0423626566417744,
-0.999102299728237,0.),(0.,0.,-1.),(0.,0.,-1.),(0.,1.,0.),(-1.,0.,0.),(0.23042368304891,
-0.973084990154053,0.00324472295612376),(0.,0.,-1.),(0.400376732881688,
-0.916347704052932,-0.00231452887318143),(0.260761638145177,-0.590723711880196,
0.763576364415719),(0.166558010189135,-0.629212537924055,0.759177193651789),
(0.,0.,1.),(0.,0.,-1.),(0.994169736129307,-0.10782641496676,0.),(0.,0.,
-1.),(0.973281855807214,0.229613651938351,0.),(0.,0.,-1.),(0.921392721964139,
0.388632798296175,0.),(0.671110885297888,0.741356985287577,0.),(0.671110885297888,
0.741356985287577,0.),(0.,0.,-1.),(0.28307757119846,0.959097017347245,0.),
(0.0423620274253491,-0.999102326407267,0.),(0.,0.,-1.),(0.,0.,-1.),(0.243727652130652,
-0.969843715031901,0.),(-0.0211768636062789,-0.999775745078766,0.),(0.,
0.,-1.),(-0.114623308077947,-0.993402812004096,-0.00351430613660378),(-0.0744138504840886,
-0.641046569713646,0.763886034899512),(0.,-1.,0.),(0.,0.,-1.),(-0.727851333068635,
-0.685734961154972,0.),(-0.241465287968491,-0.970403638048838,0.00336064991841208),
(0.,0.,-1.),(0.,-1.,0.),(-0.727851333068635,-0.685734961154972,0.),(0.,
0.,-1.),(0.,0.,-1.),(-0.113619200445223,-0.993524371764573,0.),(0.,0.,-1.),
(-0.113619200445223,-0.993524371764573,0.),(0.0415775354960434,-0.649341691074424,
0.759359385781648),(0.,0.,1.),(0.,0.,1.),(-0.0472439108042977,-0.649177982046626,
0.75916793960084),(-0.200854242293237,-0.622020721524645,0.756801027580414),
(0.,0.,1.),(-0.260554676700765,-0.594040341133963,0.761069861152578),(-0.387030258861628,
-0.922061844148619,-0.00308776468488102),(-0.647953375362593,-0.761680000627706,
0.),(0.,0.,-1.),(0.,0.,-1.),(0.182522228389929,0.983201727085329,0.),(-0.217984927527953,
0.975952135799002,0.),(-0.647953375362593,-0.761680000627706,0.),(0.,0.,
-1.),(0.,0.,-1.),(-0.965696197900541,0.259674514268225,0.),(0.,0.,-1.),
(-0.217984927527953,0.975952135799002,0.),(-0.629618560487771,0.776904413869111,
0.),(-0.629618560487771,0.776904413869111,0.),(0.,0.,-1.),(-0.91116908452383,
0.412032643619418,0.),(-0.225766889485466,-0.974181354580377,0.),(-0.630506551585497,
-0.776183926919235,0.),(0.,0.,-1.),(0.,0.,-1.),(-0.225766889485466,-0.974181354580377,
0.),(-0.630506551585497,-0.776183926919235,0.),(0.,0.,-1.),(0.900185887953804,
0.435399583340305,-0.00962132817808153),(0.,0.,-1.),(-0.604245528913893,
-0.796758855375706,0.0079162597206251),(0.166558064521301,-0.629212528018715,
0.759177189941331),(0.,0.,1.),(0.260760752189914,-0.590724175759702,0.763576308099178),
(0.390246464953559,-0.920704981613668,-0.00316755789641043),(0.666261841118085,
-0.74571788168847,0.),(0.,0.,-1.),(0.,0.,-1.),(0.931798183721129,-0.362976782747884,
0.),(0.996664606424015,0.0816067540198904,0.),(0.,0.,-1.),(0.556058477954096,
0.831143170034727,0.),(0.182522228389929,0.983201727085329,0.),(0.,0.,-1.),
(0.8602974209624,0.509792455304552,0.),(0.556058477954096,0.831143170034727,
0.),(0.,0.,-1.),(0.996664606424015,0.0816067540198904,0.),(0.8602974209624,
0.509792455304552,0.),(0.243727652130652,-0.969843715031901,0.),(0.,0.,
-1.),(0.,0.,-1.),(0.604215077223305,-0.796782504987281,0.0078600383096621),
(0.666261841118085,-0.74571788168847,0.),(0.,0.,-1.),(0.,0.,-1.),(-0.977335556602863,
-0.211696031610828,0.),(-0.810924315083657,-0.585151053323927,0.),(0.,0.,
-1.),(-0.147906677587228,-0.989001321902609,0.),(-0.499586823126489,-0.866263820183195,
0.),(-0.977335556602863,-0.211696031610828,0.),(-0.810924315083657,-0.585151053323927,
0.),(0.,0.,-1.),(0.,0.,-1.),(-0.147906677587228,-0.989001321902609,0.),
(-0.499586823126489,-0.866263820183195,0.),(-0.499586823126489,-0.866263820183195,
0.),(0.,0.,-1.),(-0.810924315083657,-0.585151053323927,0.),(-0.0741575286042864,
-0.997246539703851,0.),(0.,0.,-1.),(0.,0.,-1.),(-1.,0.,0.),(-0.727851736113773,
0.685734533355413,0.),(-0.499586823126489,-0.866263820183195,0.),(-0.810924315083657,
-0.585151053323927,0.),(0.,0.,-1.),(0.,-1.,0.),(-0.993088708035174,0.,-0.117366170479526),
(0.,-1.,0.),(-0.334280925372358,0.,-0.942473481288572),(0.,-1.,0.),(-0.781484592342007,
0.,-0.623924540254707),(-0.972450364053942,0.,-0.233110037217097),(0.,-1.,
0.),(-0.491844564916791,0.,-0.870683021519205),(-0.781484592342007,0.,-0.623924540254707),
(0.,-1.,0.),(-1.,0.,0.),(0.,0.,-1.),(0.,0.,-1.),(0.929596015021672,-0.368580044028197,
0.),(0.,0.,-1.),(0.929596015021672,-0.368580044028197,0.),(0.,0.,-1.),(-0.977337442112511,
-0.211687326604533,0.),(-0.810925263688891,-0.585149738708908,0.),(0.,0.,
-1.),(-0.995756094907935,-0.0920315133728647,0.),(0.,0.,-1.),(0.117361105560136,
-0.993089306609281,0.),(0.75068640107496,-0.660658707080384,0.),(0.,0.,
-1.),(0.75068640107496,-0.660658707080384,0.),(0.,0.,-1.),(0.,0.,-1.),(0.626599180957884,
-0.779341687851297,0.),(0.233100117887229,-0.972452741803405,0.),(0.,0.,
-1.),(0.727851666069804,0.685734607695647,-2.81203348566657E-6),(0.626599180957884,
-0.779341687851297,0.),(0.233100117887229,-0.972452741803405,0.),(0.,0.,
-1.),(0.,0.,-1.),(0.117361105560136,-0.993089306609281,0.),(0.,-1.,0.),
(0.99867202491388,0.,-0.0515187990389024),(0.,-1.,0.),(0.,0.,-1.),(1.,0.,
0.),(0.,0.,-1.),(1.,0.,0.),(0.727850949551201,0.685735368226997,0.),(0.,
-1.,0.),(0.963832628204323,0.,-0.266508282814524),(0.,-1.,0.),(0.906256481196991,
0.,-0.422728270036969),(0.616166496329155,0.,-0.787615927214181),(0.616166496329155,
0.,-0.787615927214181),(0.,-1.,0.),(0.210431982194774,0.,-0.977608500816957),
(0.396467423257666,-0.918048790803314,0.),(0.,0.,-1.),(0.777029175545669,
-0.629464582284674,0.),(0.777029175545669,-0.629464582284674,0.),(0.396467423257666,
-0.918048790803314,0.),(0.,0.,-1.),(0.777029175545669,-0.629464582284674,
0.),(0.976233562604638,-0.216721090907776,0.),(0.,0.,-1.),(0.,0.,-1.),(0.777029175545669,
-0.629464582284674,0.),(0.976233562604638,-0.216721090907776,0.),(0.,0.,
-1.),(0.780903537484265,-0.624604618389679,0.00766393050887117),(0.976258885727992,
-0.216604776473741,0.00097920677099094),(0.,0.,-1.),(-0.998251158668573,
0.0591153467117538,0.),(0.,0.,-1.),(-0.960524516569842,0.278195350551138,
0.),(0.994040633627378,-0.109010177037197,0.),(0.,0.,-1.),(0.994040633627378,
-0.109010177037197,0.),(0.,0.,-1.),(0.,0.,-1.),(1.,0.,0.),(0.994040511975819,
0.109011286346188,0.),(0.,0.,-1.),(0.,0.,-1.),(0.998247085932764,0.0591840808557867,
0.),(0.,0.,-1.),(0.994080723861079,-0.108643048273366,0.000450010782202848),
(0.,0.,-1.),(-1.,0.,0.),(-0.998245371373689,-0.0592129929238932,0.),(0.,
0.,-1.),(0.,0.,-1.),(-0.959985663843001,-0.280049147857859,0.),(0.,0.,-1.),
(-0.959985663843001,-0.280049147857859,0.),(0.,0.,-1.),(-0.976257235832239,
-0.216612021244099,0.00102065554571243),(-0.780924634680337,-0.624578302631516,
0.00765890536027772),(-0.998245371373689,-0.0592129929238932,0.),(0.,0.,
-1.),(0.,0.,-1.),(-1.,0.,0.),(-1.,0.,0.),(-0.619747007850014,-0.784801456819177,
-0.000565363115206922),(0.,0.,-1.),(0.,0.,-1.),(-0.994080447053879,0.108645583932345,
0.000449307421555967),(0.,0.,-1.),(-0.994081736840643,-0.10863369827444,
0.000469125898214335),(-0.900796822542409,-0.434240813947169,0.),(-0.630506551585497,
-0.776183926919235,0.),(0.,0.,-1.),(0.,0.,-1.),(-0.900796822542409,-0.434240813947169,
0.),(-0.630506551585497,-0.776183926919235,0.),(0.,0.,-1.),(0.994398244095022,
0.105574279366367,-0.0051189527258315),(0.,0.,-1.),(1.,0.,0.),(0.994040511975819,
0.109011286346188,0.),(0.,0.,-1.),(0.,0.,-1.),(0.976233078898299,0.216723269781414,
0.),(0.77702534549614,0.629469310178506,0.),(0.,0.,-1.),(0.785392174945727,
0.618986443000662,0.00386198335169163),(0.,0.,-1.),(0.998251069063535,0.0591168598075866,
0.),(0.,0.,-1.),(0.960621254534946,0.277853172816638,0.00210230621815001),
(0.976233078898299,0.216723269781414,0.),(0.77702534549614,0.629469310178506,
0.),(0.,0.,-1.),(0.,0.,-1.),(-1.,0.,0.),(0.243717980036272,0.969846145637049,
0.),(0.,0.,-1.),(0.243717980036272,0.969846145637049,0.),(0.,0.,-1.),(0.,
0.,-1.),(0.0423472434400494,0.99910295313998,0.),(0.396476281378418,0.91804496529546,
0.),(0.77702534549614,0.629469310178506,0.),(0.,0.,-1.),(0.,0.,-1.),(0.0423472434400494,
0.99910295313998,0.),(0.396476281378418,0.91804496529546,0.),(0.,0.,-1.),
(0.77702534549614,0.629469310178506,0.),(0.,0.,-1.),(0.441111202542923,
0.89744521949543,0.00360346998539616),(0.0427799256117122,0.999084519930449,
0.),(0.,0.,-1.),(0.,0.,-1.),(0.112841780425775,0.99361095047407,0.00200291995736422),
(0.,0.,-1.),(-0.846916631601454,0.531725699131467,0.),(0.,1.,0.),(0.0856388313732766,
0.996326247050142,0.),(0.,0.,-1.),(0.,0.,-1.),(0.642482279133945,0.766300542214901,
0.),(-1.,0.,0.),(0.,0.,-1.),(-0.67716244364198,-0.735833557892559,0.),(0.,
0.,-1.),(-0.67716244364198,-0.735833557892559,0.),(-0.90047080885721,-0.43491645450137,
0.),(0.,0.,-1.),(-0.780898471040547,0.624610963276459,0.00766305953198286),
(-0.976257991953513,0.216608811676506,0.000977676319986371),(0.,0.,-1.),
(-0.994317947531701,0.106451017920666,0.),(0.,0.,-1.),(-0.81093398891469,
0.585137646731869,0.),(-0.977336361567308,0.211692315303075,0.),(0.,0.,
-1.),(-0.363590181962025,-0.93155900488419,0.),(-0.635059575335223,-0.772400914500002,
-0.00980627628649575),(-0.90047080885721,-0.43491645450137,0.),(0.,0.,1.),
(0.,0.,1.),(-0.435602765201147,-0.900122720955862,-0.00541462539146598),
(-0.560176876324051,-0.828373024205779,0.),(-0.183971020541513,-0.982931667818732,
0.),(0.,0.,-1.),(0.,0.,-1.),(-0.560176876324051,-0.828373024205779,0.),
(-0.183971020541513,-0.982931667818732,0.),(-0.64795067561174,-0.761682297269859,
0.),(0.,0.,-1.),(-0.560176876324051,-0.828373024205779,0.),(-0.183975999370915,
-0.982930735939961,0.),(0.,0.,-1.),(0.,0.,-1.),(-0.560176876324051,-0.828373024205779,
0.),(-0.183975999370915,-0.982930735939961,0.),(0.,0.,-1.),(-0.56018192064039,
-0.828369613027689,0.),(-0.183973509923132,-0.982931201888801,0.),(0.,0.,
-1.),(0.,0.,-1.),(-0.56018192064039,-0.828369613027689,0.),(-0.183973509923132,
-0.982931201888801,0.),(-0.0923830722049203,-0.995723539929623,0.),(0.,
0.,-1.),(-0.0923830722049203,-0.995723539929623,0.),(0.,0.,-1.),(0.,-1.,
0.),(-0.441187779374387,-0.897414811183043,0.),(0.,0.,-1.),(0.,0.,-1.),
(0.,-1.,0.),(-0.441187779374387,-0.897414811183043,0.),(-0.441187779374387,
-0.897414811183043,0.),(0.,0.,-1.),(0.0220472821413367,-0.999756929133367,
0.),(0.,0.,-1.),(-0.641862057438817,-0.766820121815024,0.),(-0.244778216423392,
-0.969579096703607,0.),(0.,0.,-1.),(-0.999999999996916,2.48354684669098E-6,
0.),(0.,0.,-1.),(-0.910602378118579,-0.413283569676788,0.),(-0.641862057438817,
-0.766820121815024,0.),(0.,0.,-1.),(-0.96551831038276,-0.260335153822183,
0.),(-0.441187779374387,-0.897414811183043,0.),(0.0220472821413367,-0.999756929133367,
0.),(0.,0.,-1.),(0.0220472821413367,-0.999756929133367,0.),(0.,0.,-1.),
(0.460426378649135,-0.887697893342123,0.),(0.0220472821413367,-0.999756929133367,
0.),(0.,0.,-1.),(0.460426378649135,-0.887697893342123,0.),(0.,0.,-1.),(0.460426378649135,
-0.887697893342123,0.),(0.,-1.,0.),(0.460426378649135,-0.887697893342123,
0.),(0.,-1.,0.),(0.,0.,-1.),(0.,0.,-1.),(0.117359738341571,-0.993089468183204,
0.),(0.,0.,-1.),(-0.995761168669181,-0.0919766001251738,0.),(0.,0.,-1.),
(-0.988110771615698,0.153743627565597,0.),(0.,0.,-1.),(-0.390915834976254,
0.920426428328098,0.),(-0.747748000914532,0.663982625622328,0.),(-0.747748000914532,
0.663982625622328,0.),(0.,0.,-1.),(-0.961167185317089,0.275966740513463,
0.),(0.117359738341571,-0.993089468183204,0.),(0.,0.,-1.),(0.,0.,-1.),(0.672995984300187,
-0.739646135064479,0.),(0.931802041230759,-0.362966879974181,0.),(0.,0.,
-1.),(-0.113543489729233,-0.993533027100814,0.),(0.,0.,-1.),(0.149154394471494,
-0.988813919101993,0.),(0.,0.,-1.),(0.276079736581476,-0.961134735117352,
0.),(0.672995984300187,-0.739646135064479,0.),(0.233097440271502,-0.972453383632796,
0.),(0.,0.,-1.),(0.599747863804414,-0.800189040078681,0.),(0.599747863804414,
-0.800189040078681,0.),(0.233097440271502,-0.972453383632796,0.),(0.,0.,
-1.),(0.182530943256167,0.983200109211759,0.),(-0.00746401050943708,0.457001082534883,
-0.889434820045325),(-0.217979169700785,0.975953421827372,0.),(0.556040727991415,
0.831155044991472,0.),(0.170685938178466,0.413071352610023,-0.894560432928409),
(0.182530943256167,0.983200109211759,0.),(-0.999999999996916,2.48354684669098E-6,
0.),(-0.478787423749512,1.12736349910369E-6,-0.877930864509293),(-0.965693481821568,
0.259684614806763,0.),(-0.460165842703493,0.12167246209144,-0.879456200829576),
(-0.641862057438817,-0.766820121815024,0.),(-0.20376292889667,-0.401843953608275,
-0.892749744192582),(-0.244778216423392,-0.969579096703607,0.),(-0.113543489729233,
-0.993533027100814,0.),(-0.0495289468023325,-0.455233593925175,-0.888993396145675),
(0.860302548607567,0.509783802076258,0.),(0.328946564252956,0.325474867946264,
-0.886487601831824),(0.556040727991415,0.831155044991472,0.),(-0.96551831038276,
-0.260335153822183,0.),(-0.460191430380361,-0.121912734348852,-0.879409536341325),
(-0.641862057438817,-0.766820121815024,0.),(-0.910602378118579,-0.413283569676788,
0.),(-0.370869260972628,-0.288439847168738,-0.882756164425314),(0.996665493369752,
0.0815959210134291,0.),(0.931802041230759,-0.362966879974181,0.),(0.473752577441544,
-0.0738457694109098,-0.877556435625427),(0.860302548607567,0.509783802076258,
0.),(0.996665493369752,0.0815959210134291,0.),(0.457195957160244,0.147881565965149,
-0.876985119146285),(0.276079736581476,-0.961134735117352,0.),(0.216328723609689,
-0.396322492295344,-0.892261377311721),(0.672995984300187,-0.739646135064479,
0.),(0.149154394471494,-0.988813919101993,0.),(0.066711416804366,-0.451596378987994,
-0.889724843619018),(-0.629629926042666,0.776895202862977,0.),(-0.368947651875589,
0.290624764441412,-0.882844763516703),(-0.911160465138767,0.412051703998546,
0.),(0.672995984300187,-0.739646135064479,0.),(0.387466571595838,-0.268483067220234,
-0.881922047865787),(0.931802041230759,-0.362966879974181,0.),(-0.217979169700785,
0.975953421827372,0.),(-0.195175921895693,0.406521484754998,-0.892550638308415),
(-0.629629926042666,0.776895202862977,0.),(-0.0923805503914864,-0.995723773899853,
0.),(0.,0.,-1.),(-0.0923805503914864,-0.995723773899853,0.),(0.,0.,-1.),
(0.,-1.,0.),(-0.441191707154421,-0.897412880194043,0.),(0.,0.,-1.),(0.,
0.,-1.),(0.,-1.,0.),(-0.441191707154421,-0.897412880194043,0.),(-0.441191707154421,
-0.897412880194043,0.),(0.,0.,-1.),(0.0220472821413367,-0.999756929133367,
0.),(-0.441191707154421,-0.897412880194043,0.),(0.,0.,-1.),(0.0220472821413367,
-0.999756929133367,0.),(0.,0.,-1.),(-0.64187443253377,-0.766809763148234,
0.),(-0.244772034424217,-0.969580657379173,0.),(0.,0.,-1.),(-0.999999999996916,
2.48354684669098E-6,0.),(0.,0.,-1.),(-0.910602378118579,-0.413283569676788,
0.),(-0.64187443253377,-0.766809763148234,0.),(0.,0.,-1.),(-0.96551831038276,
-0.260335153822183,0.),(0.0220472821413367,-0.999756929133367,0.),(0.,0.,
-1.),(0.46042194589581,-0.88770019248478,0.),(0.46042194589581,-0.88770019248478,
0.),(0.0220472821413367,-0.999756929133367,0.),(0.,0.,-1.),(0.,0.,-1.),
(0.46042194589581,-0.88770019248478,0.),(0.,-1.,0.),(0.46042194589581,-0.88770019248478,
0.),(0.,-1.,0.),(0.,0.,-1.),(0.,0.,-1.),(0.117362247645245,-0.993089171639514,
0.),(0.,0.,-1.),(0.117362247645245,-0.993089171639514,0.),(0.,0.,-1.),(0.673007613243163,
-0.739635553848475,0.),(0.931794326138044,-0.362986685398994,0.),(0.,0.,
-1.),(-0.113540322366943,-0.993533389069945,0.),(0.,0.,-1.),(0.149154394471494,
-0.988813919101993,0.),(0.,0.,-1.),(0.276079736581476,-0.961134735117352,
0.),(0.673007613243163,-0.739635553848475,0.),(0.233102354591537,-0.972452205655312,
0.),(0.599747863804414,-0.800189040078681,0.),(0.,0.,-1.),(0.,0.,-1.),(0.233102354591537,
-0.972452205655312,0.),(0.599747863804414,-0.800189040078681,0.),(0.182525133254291,
0.983201187819921,0.),(-0.0074664468159853,0.457001074222674,-0.889434803867752),
(-0.217984927527953,0.975952135799002,0.),(0.556052561201991,0.831147128480094,
0.),(0.170686971758142,0.413069255362903,-0.894561204136403),(0.182525133254291,
0.983201187819921,0.),(-0.217984927527953,0.975952135799002,0.),(-0.19517491753982,
0.406524055623205,-0.892549686999545),(-0.629618560487771,0.776904413869111,
0.),(-0.999999999996916,2.48354684669098E-6,0.),(-0.478787423749512,1.12736349910369E-6,
-0.877930864509293),(-0.965696197900541,0.259674514268225,0.),(-0.460169139512525,
0.121667319003378,-0.879455187332949),(-0.64187443253377,-0.766809763148234,
0.),(-0.203764828224024,-0.40184453331247,-0.892749049747866),(-0.244772034424217,
-0.969580657379173,0.),(-0.96551831038276,-0.260335153822183,0.),(-0.46019514994388,
-0.121911321338628,-0.879407785784047),(0.860302548607567,0.509783802076258,
0.),(0.328949164621355,0.325472916014028,-0.886487353568136),(0.556052561201991,
0.831147128480094,0.),(-0.910602378118579,-0.413283569676788,0.),(-0.370876133946169,
-0.288441615462891,-0.882752699082988),(-0.64187443253377,-0.766809763148234,
0.),(0.996663719362085,0.0816175869977535,0.),(0.457196573564343,0.147888363824779,
-0.876983651481745),(0.860302548607567,0.509783802076258,0.),(0.931794326138044,
-0.362986685398994,0.),(0.473751228071704,-0.0738470187578711,-0.877557058954646),
(0.996663719362085,0.0816175869977535,0.),(0.149154394471494,-0.988813919101993,
0.),(0.0667118828814398,-0.451595209291308,-0.889725402372863),(-0.113540322366943,
-0.993533389069945,0.),(-0.0495270738717011,-0.455234512755714,-0.888993029978174),
(0.276079736581476,-0.961134735117352,0.),(0.216330390253504,-0.396318751809087,
-0.892262634663838),(0.673007613243163,-0.739635553848475,0.),(-0.629618560487771,
0.776904413869111,0.),(-0.368948333691972,0.290624003971946,-0.882844728919662),
(-0.91116908452383,0.412032643619418,0.),(0.931794326138044,-0.362986685398994,
0.),(0.673007613243163,-0.739635553848475,0.),(0.387465958091005,-0.268483906221031,
-0.881922061987859),(-0.0923818112812225,-0.995723656917119,0.),(0.,0.,
-1.),(-0.0923818112812225,-0.995723656917119,0.),(0.,0.,-1.),(0.,-1.,0.),
(-0.441191707154421,-0.897412880194043,0.),(0.,0.,-1.),(0.,0.,-1.),(0.,
-1.,0.),(-0.441191707154421,-0.897412880194043,0.),(-0.441191707154421,
-0.897412880194043,0.),(0.,0.,-1.),(0.0220472821413367,-0.999756929133367,
0.),(-0.441191707154421,-0.897412880194043,0.),(0.,0.,-1.),(0.0220472821413367,
-0.999756929133367,0.),(0.,0.,-1.),(-0.641868244947394,-0.766814942556646,
0.),(-0.244775125386399,-0.969579877056075,0.),(0.,0.,-1.),(-0.999999999996916,
2.48354684669098E-6,0.),(0.,0.,-1.),(-0.910602378118579,-0.413283569676788,
0.),(-0.641868244947394,-0.766814942556646,0.),(0.,0.,-1.),(-0.96551831038276,
-0.260335153822183,0.),(0.0220472821413367,-0.999756929133367,0.),(0.,0.,
-1.),(0.460419729546761,-0.887701342031253,0.),(0.460419729546761,-0.887701342031253,
0.),(0.0220472821413367,-0.999756929133367,0.),(0.,0.,-1.),(0.460419729546761,
-0.887701342031253,0.),(0.,-1.,0.),(0.,0.,-1.),(0.,0.,-1.),(0.460419729546761,
-0.887701342031253,0.),(0.,-1.,0.),(0.,0.,-1.),(0.117362247645245,-0.993089171639514,
0.),(0.,0.,-1.),(0.117362247645245,-0.993089171639514,0.),(0.,0.,-1.),(0.673001798742278,
-0.739640844525002,0.),(0.931798183721129,-0.362976782747884,0.),(0.,0.,
-1.),(-0.113541906028201,-0.993533208088931,0.),(0.,0.,-1.),(0.149154394471494,
-0.988813919101993,0.),(0.,0.,-1.),(0.276079736581476,-0.961134735117352,
0.),(0.673001798742278,-0.739640844525002,0.),(0.233102354591537,-0.972452205655312,
0.),(0.,0.,-1.),(0.599747863804414,-0.800189040078681,0.),(0.599747863804414,
-0.800189040078681,0.),(0.233102354591537,-0.972452205655312,0.),(0.,0.,
-1.),(0.182522228389929,0.983201727085329,0.),(-0.00746706134966809,0.457001072125575,
-0.889434799786289),(-0.217984927527953,0.975952135799002,0.),(0.556058477954096,
0.831143170034727,0.),(0.8602974209624,0.509792455304552,0.),(0.328948937347592,
0.325473086614311,-0.886487375266926),(0.182522228389929,0.983201727085329,
0.),(0.556058477954096,0.831143170034727,0.),(0.170687488616093,0.413068206715145,
-0.894561589736037),(-0.217984927527953,0.975952135799002,0.),(-0.195175104469566,
0.406522935138361,-0.892550156462809),(-0.629618560487771,0.776904413869111,
0.),(-0.999999999996916,2.48354684669098E-6,0.),(-0.4787915480498,1.12737335643577E-6,
-0.877928615272794),(-0.91116908452383,0.412032643619418,0.),(-0.629618560487771,
0.776904413869111,0.),(-0.368946119639505,0.290621786716396,-0.882846384083167),
(-0.965696197900541,0.259674514268225,0.),(-0.460169191153711,0.121669824249764,
-0.879454813722667),(-0.641868244947394,-0.766814942556646,0.),(-0.910602378118579,
-0.413283569676788,0.),(-0.370872697416693,-0.2884407313251,-0.882754431777891),
(-0.113541906028201,-0.993533208088931,0.),(-0.0495277280361574,-0.455234480319722,
-0.88899301014328),(-0.244775125386399,-0.969579877056075,0.),(-0.641868244947394,
-0.766814942556646,0.),(-0.203764426870372,-0.401844709129437,-0.892749062215619),
(-0.96551831038276,-0.260335153822183,0.),(-0.46019520248788,-0.121913826059144,
-0.879407411057446),(0.996664606424015,0.0816067540198904,0.),(0.931798183721129,
-0.362976782747884,0.),(0.473750136669532,-0.0738472492956282,-0.877557628749855),
(0.8602974209624,0.509792455304552,0.),(0.996664606424015,0.0816067540198904,
0.),(0.457193951878149,0.147887285521623,-0.876985200073004),(0.149154394471494,
-0.988813919101993,0.),(0.0667118828814398,-0.451595209291308,-0.889725402372863),
(0.673001798742278,-0.739640844525002,0.),(0.276079736581476,-0.961134735117352,
0.),(0.21632908184981,-0.396318904070217,-0.892262884256989),(0.931798183721129,
-0.362976782747884,0.),(0.673001798742278,-0.739640844525002,0.),(0.387463746046985,
-0.268481340635804,-0.881923814867043),(0.000499444888659168,0.426049517104414,
-0.904699706825364),(0.351341857964008,0.28192454258145,-0.892791941682181),
(0.467379316109642,-0.00150884573627793,-0.884055596813587),(0.354604049585316,
-0.280008164935984,-0.892105036185133),(-7.00798537303085E-6,-0.426412219196718,
-0.90452894882951),(-0.353256272561831,-0.280351285594739,-0.89253188321824),
(-0.46354244433183,0.,-0.886074715981987),(-0.353360229265079,0.281064650991497,
-0.892266333746129),(-0.478795672411015,0.,-0.877926365978653),(-0.235708420100994,
0.444129511126144,-0.864401826722009),(0.235708420100994,0.444129511126144,
-0.864401826722009),(0.47878742374975,0.,-0.877930864509887),(0.235708420101371,
-0.444129511126089,-0.864401826721934),(-0.235708420101371,-0.444129511126089,
-0.864401826721934),(0.000501143890271336,0.426049567796581,-0.9046996820134),
(0.351344111497952,0.281919667079242,-0.892792594407931),(0.467383613108863,
-0.00150970190968803,-0.884053323616539),(0.354607788596048,-0.280003338545449,
-0.892105064816036),(-6.06718254384688E-6,-0.426412666009712,-0.904528738199997),
(-0.353250913522402,-0.280356398275559,-0.892532398314786),(-0.463536346907567,
0.,-0.886077905770861),(-0.35335618086702,0.281069638582873,-0.892266365896399),
(-0.478787423749863,0.,-0.877930864509825),(-0.235708420100994,0.444129511126144,
-0.864401826722009),(0.235708420100994,0.444129511126144,-0.864401826722009),
(0.478795672410745,0.,-0.8779263659788),(0.235708420101371,-0.444129511126089,
-0.864401826721934),(-0.235708420101371,-0.444129511126089,-0.864401826721934),
(0.000498032972511289,0.426048885244077,-0.904700005164937),(0.35134062118782,
0.281924302433037,-0.892792504225367),(0.467378364009123,-0.00150976588135988,
-0.884056098595072),(0.354603342928873,-0.280007708103947,-0.892105460461958),
(-8.35878436060418E-6,-0.42641206056431,-0.904529023600365),(-0.353254357210739,
-0.280357028148794,-0.89253083749482),(-0.463540292281593,0.,-0.886075841805419),
(-0.353358327211671,0.281069858718591,-0.892265446551687),(-0.478791548050082,
0.,-0.877928615273364),(-0.235711530040318,0.444129166407639,-0.864401155802159),
(0.235708420100994,0.444129511126144,-0.864401826722009),(0.47878742374975,
0.,-0.877930864509887),(0.235708420101371,-0.444129511126089,-0.864401826721934),
(-0.235711530040695,-0.444129166407584,-0.864401155802084),(0.99867202491388,
0.,-0.0515187990389024),(0.727314754705439,0.685229231701542,-0.0383946299562982),
(0.963832628204323,0.,-0.266508282814524),(0.700104538861507,0.686946588192756,
-0.194828179778616),(0.616166496329155,0.,-0.787615927214181),(0.906256481196991,
0.,-0.422728270036969),(0.568469441968969,0.677421788350737,-0.466842815319223),
(0.105809969244497,0.,-0.994386368776482),(0.0808601233961694,0.651347212367503,
-0.754459044206801),(0.616166496329155,0.,-0.787615927214181),(0.314301086376132,
0.662839662932414,-0.67960165416693),(0.210431982194774,0.,-0.977608500816957),
(-0.0836408235142417,0.,-0.996495967197991),(-0.0625554145103768,0.651704437202192,
-0.755888977725174),(0.693810927359961,0.681003380901799,-0.234223808090107),
(0.,1.,0.),(0.,1.,0.),(0.727705508165869,0.683746359331221,-0.0541812650863225),
(0.368234661899511,0.659082231723545,-0.65575440951782),(0.,1.,0.),(0.,
1.,0.),(0.566565684438727,0.672005040240827,-0.476877920549275),(0.00914766093553555,
0.650013606864223,-0.759867508971644),(0.,1.,0.),(0.,1.,0.),(0.197572386660467,
0.656328356191397,-0.728147128599973),(0.,0.,1.),(-1.,0.,0.),(0.,1.,0.),
(0.018025781846728,0.650322138540787,-0.759444657175592),(0.,1.,0.),(-0.0477512069761343,
0.649162557374796,-0.759149389998396),(0.,1.,0.),(-0.208120146132583,0.651557951404577,
-0.729491768791961),(0.0422308758132714,0.99785846335003,0.0499503778640339),
(0.727852047725004,0.685734202605149,0.),(0.,0.,-1.),(0.,1.,0.),(0.,0.,
-1.),(0.,1.,0.),(0.,0.,-1.),(-0.499589609688409,-0.866262213126824,0.),
(-0.0648413093307803,-0.99789558802726,0.),(-0.0648413093307803,-0.99789558802726,
0.),(0.,0.,-1.),(0.383655156731365,-0.923476432137513,0.),(0.,0.,-1.),(-0.810925263688891,
-0.585149738708908,0.),(-0.499589609688409,-0.866262213126824,0.),(0.,0.,
1.),(-0.0648413093307803,-0.99789558802726,0.),(-0.499589609688409,-0.866262213126824,
0.),(0.,0.,1.),(-0.810925263688891,-0.585149738708908,0.),(-0.977337442112511,
-0.211687326604533,0.),(0.,0.,1.),(-0.499589609688409,-0.866262213126824,
0.),(-0.810925263688891,-0.585149738708908,0.),(-0.334280925372358,0.,-0.942473481288572),
(-0.247244742779894,0.66031171050013,-0.709125152666366),(-0.993088708035174,
0.,-0.117366170479526),(-0.719694768523907,0.689244819207659,-0.0835524946050163),
(-0.781484592342007,0.,-0.623924540254707),(-0.648478380849273,0.687803114986726,
-0.326194212986162),(-0.972450364053942,0.,-0.233110037217097),(-0.491844564916791,
0.,-0.870683021519205),(-0.477496886958668,0.670796760932163,-0.567475487107329),
(-0.781484592342007,0.,-0.623924540254707),(-0.43933031585673,0.659752333033052,
-0.609684945382999),(0.,1.,0.),(0.,1.,0.),(-0.704379351033333,0.683179165186298,
-0.192655023534849),(-0.622348858040601,0.673573515231642,-0.398723737033612),
(0.,1.,0.),(0.,1.,0.),(-0.726998843703684,0.684930993637342,-0.0483964379729619),
(-0.727851736113773,0.685734533355413,0.),(0.,1.,0.),(0.,0.,-1.),(0.,1.,
0.),(0.,0.,-1.),(0.,0.,-1.),(0.0423402266959646,0.999103250521854,0.),(0.,
0.,1.),(0.960985913104152,-0.276597315271459,0.),(0.747266364532811,-0.664524627412646,
0.),(0.747266364532811,-0.664524627412646,0.),(0.,0.,1.),(0.383655156731365,
-0.923476432137513,0.),(0.,0.,1.),(0.383655156731365,-0.923476432137513,
0.),(-0.0648413093307803,-0.99789558802726,0.),(0.960985913104152,-0.276597315271459,
0.),(0.,0.,-1.),(0.747266364532811,-0.664524627412646,0.),(0.,0.,-1.),(0.747266364532811,
-0.664524627412646,0.),(0.383655156731365,-0.923476432137513,0.),(0.0423740305648449,
-0.999101817400854,0.),(0.,0.,-1.),(0.,0.,-1.),(0.99422893906399,-0.107264892023389,
0.00174919035650563),(0.,0.,-1.),(0.998245635280657,0.0592085436665815,
0.),(0.,0.,-1.),(0.96407938650385,0.265565463227026,0.00509129250538163),
(0.,0.,-1.),(-1.,0.,0.),(-0.26529594216249,-0.962945257218499,0.0485231354357531),
(-0.0295596152614775,-0.999563019096642,0.),(0.,0.,-1.),(0.113656375476858,
0.993520119732592,0.),(-0.0437193478992668,-0.999043852200324,0.),(-0.0275897780392248,
-0.649630714407708,0.759749129019493),(0.,0.,-1.),(0.617679517883043,0.786093315740135,
0.0230067845743564),(0.228644923044784,0.973506491821193,-0.0025709040895906),
(0.,0.,-1.),(0.782098514541829,0.622249358869029,0.03358048448946),(0.0687845181407268,
-0.997631264805009,-0.00074131484970178),(0.0444381129546443,-0.649259342090602,
0.759267779393481),(0.,0.,-1.),(-0.241491065242147,0.970397482848619,0.00328491845836221),
(0.,0.,-1.),(-0.780899987638284,0.624609068866865,0.00766292344969065),
(-0.976257438570288,0.216611305078551,0.000977828382973137),(0.,0.,-1.),
(-0.241488803465271,0.970398044596629,0.00328524640628137),(0.,0.,-1.),
(-0.604217831005611,0.796780411711227,0.00786054757393345),(0.,0.,-1.),
(-0.0423404565163438,0.999103240782447,0.),(0.,0.,-1.),(0.113664060427906,
0.993519240562075,0.),(0.,0.,-1.),(-0.24148937479751,0.970397902595643,
0.00328519373611869),(0.,0.,-1.),(-0.0423411027818507,0.9991032133945,0.),
(0.,0.,-1.),(0.113664060427906,0.993519240562075,0.),(0.,0.,-1.),(-0.241488976379875,
0.970398001363295,0.00328530624495522),(0.,0.,-1.),(-0.0423392227913817,
0.999103293065047,0.),(0.,0.,-1.),(0.113664060427906,0.993519240562075,
0.),(0.,0.,-1.),(0.602733879092843,-0.796756929348754,0.043477195498765),
(0.,0.,-1.),(0.798505142204302,-0.60112093393498,0.0322979977463688),(0.976235562840193,
-0.216611017772987,0.00661761478494959),(-0.0946573791853864,0.994954905043874,
0.0332372907272727),(-0.116120151064051,0.99323517382182,0.),(0.,0.,-1.),
(0.,0.,-1.),(0.,1.,0.),(0.600043812186137,-0.799967138985612,0.),(0.41235949011967,
-0.522791025971828,0.746089266825069),(0.346738822395462,-0.561392291885765,
0.751405937995606),(0.,0.,1.),(0.754595801514351,-0.656016880067738,0.0150674949180105),
(0.502610922231715,-0.43667535735458,0.746121232195301),(0.8307528427909,
-0.556619489808924,-0.00494547871199377),(0.623678046122779,-0.247571621309379,
0.741440481162661),(0.977048489660387,-0.21299303478092,0.00319624579315727),
(0.509929195510218,-0.426510869047369,0.747034600370532),(0.,0.,1.),(0.,
0.,1.),(0.598040909860469,-0.300220997283203,0.743111312606356),(-0.577621526227875,
-0.344385885237198,0.740102516201352),(0.994448025930152,-0.105228911063565,
0.),(0.670287973841992,-0.0730567655698528,0.738496270218928),(0.995701928417602,
0.0910924525049148,-0.016728264766787),(0.670294007242251,0.0729353661292311,
0.738502793645847),(0.674509801700714,-0.0893729005923085,0.732836279157481),
(-0.674533070899623,-0.0893470982813517,0.732818007619509),(0.672083983260311,
1.59359342736289E-6,0.740474928301029),(-0.672078174429104,0.00405563083254647,
0.74046909409819),(0.926779085124507,0.375600956614075,-0.00210920989327155),
(0.63339407679661,0.230333714619487,0.73875457588333),(0.674107414854748,
0.0881969945593177,0.733348814268184),(-0.672455844221637,0.10018187033233,
0.733325801011312),(0.,0.,-1.),(0.,1.,0.),(-1.,0.,0.),(-1.,0.,0.),(0.,0.,
-1.),(-0.226722268260839,-0.973959451453016,0.),(-0.228015543014172,-0.973657486786226,
-0.000102806041169195),(0.,0.,-1.),(-0.631479105721037,-0.775386505102103,
0.00314749794365236),(-0.0874622852418846,-0.996167831572706,0.),(-0.320191382262757,
-0.914730310736458,0.246466909228498),(-0.142797920677065,-0.644309765224653,
0.751314634681409),(-0.2669873621677,-0.96232336298559,0.0514926547658856),
(-0.611414638544493,-0.79130894134657,0.00151628443140677),(-0.299330936650226,
-0.587114270722657,0.752128860952631),(0.115483407286011,0.993308310189955,
-0.0014776837245403),(0.07238313938096,0.639591828386322,0.765299271001089),
(0.686057260227228,0.727493428856401,0.00887393149993493),(0.456233386657961,
0.49746889110311,0.737818269822081),(0.597384199865237,0.801943358933605,
0.00435509054536384),(0.320155609878693,0.593545987143396,0.738378999301289),
(0.231781859860603,0.972752523316886,-0.00544957064288446),(0.82271674376025,
0.568442809092566,0.00315155953219877),(0.548272935280753,0.371941413200166,
0.749036964098095),(-0.116294035047996,0.993208315535486,-0.00359713266623581),
(-0.08421821326972,0.647591050045184,0.757319697654189),(-1.,0.,0.),(0.,
1.,0.),(0.,0.,-1.),(0.,0.,-1.),(-0.0423403977651447,0.99910324327223,0.),
(0.603390965839863,0.295582000093157,0.740642034699467),(-0.585723568216674,
0.325697663452374,0.742191978976593),(0.,0.,1.),(0.,0.,1.),(0.464306234884731,
0.47422469574372,0.748017819436102),(0.,-0.649898775776049,0.760020776850734),
(0.542064913470436,0.3842078805434,0.747361983320424),(0.,0.,1.),(0.240449530815879,
0.611462000440377,0.75385558640092),(0.,-0.649886073758083,0.76003163824622),
(-0.000173880256559306,0.649899904117515,0.760019792106562),(-0.000174092787929584,
-0.649903024116071,0.760017124107403),(0.0443574054028791,0.649259980401572,
0.759271952883073),(0.,-0.649902444358471,0.760017639806396),(-0.104808942054774,
-0.649206900230052,0.753356148417895),(-0.101082938456162,0.651753371199292,
0.751664674361796),(0.243271563807036,-0.969955807564872,0.00216277924372681),
(0.,0.,-1.),(-1.11674035371022E-6,-0.649836461830887,0.760074057492997),
(-0.0403985694691061,0.649373291451083,0.759395999419826),(0.,-0.649902863422765,
0.760017281458054),(0.0403986133691577,0.649373290297537,0.759395998070835),
(0.,-0.649902863422765,0.760017281458054),(-0.0403986133691577,0.649373290297537,
0.759395998070835),(0.,-0.649902864225295,0.760017280771795),(0.0403986133691577,
0.649373290297537,0.759395998070835),(1.45891146882316E-6,-0.649940356195882,
0.759985219189059),(0.19691176239437,0.625483926658097,0.754980539698283),
(-1.24407552089393E-6,-0.649874339306058,0.760041671956194),(-0.0407339003737318,
0.649364443452799,0.759385652313487),(0.,-0.649902859611237,0.760017284717303),
(0.0403986133691577,0.649373290297537,0.759395998070835),(3.47829872051109E-6,
-0.649921005293523,0.760001767673048),(0.19691176239437,0.625483926658097,
0.754980539698283),(0.,-0.6499014628501,0.7600184791077),(-0.196920657338271,
0.625367663685578,0.755074526076668),(-1.05247063154854E-5,-0.649859950540986,
0.76005397477554),(-0.0403993157829042,0.649373271840285,0.759395976486389),
(0.0999740709480338,-0.649955951746325,0.753367404343728),(0.0979568283586802,
0.651293077287405,0.752477100817965),(0.166442699686734,-0.637817419198501,
0.751987877221405),(0.256099276869057,-0.966650272254457,0.000641511908959707),
(0.,0.,-1.),(0.113665923139083,0.993519027455911,0.),(0.,0.,-1.),(-0.0423411027818507,
0.9991032133945,0.),(-0.241482406746121,0.970399638398445,0.00328466562494479),
(0.,0.,-1.),(-0.256714670163127,0.607201681888299,0.751933305310423),(-0.390241013234914,
0.920707289985413,-0.00316824195802329),(0.,-0.649898665418088,0.760020871218538),
(0.,0.,1.),(-0.46595854114945,0.476701738100014,0.745411356783825),(0.,
-0.649948544840551,0.759978216174203),(-0.221740289494904,0.622595016524436,
0.750470978395336),(-0.621587412413385,0.248858916384939,0.742763978976462),
(-0.977652127473056,0.210229184776339,8.66930415533889E-5),(-0.830794866980556,
0.556578254097832,-0.00073216403200834),(-0.668061291147378,0.0706705022828911,
0.740742729547569),(-0.994448051174205,0.105228672498637,0.),(-0.50137776535114,
0.427300329178723,0.752352819556923),(-0.754475517670299,0.656328188512966,
4.68980092669886E-5),(-0.27871799912043,0.599887897287623,0.749967191051808),
(-0.390257469905586,0.920700314721319,-0.00316822583703216),(-0.402072085994435,
0.537605056010143,0.741160469410245),(-0.600045755515248,0.799965681318973,
0.),(-0.670293729268199,-0.0729351919480969,0.738503063148166),(-0.994465364307115,
-0.105064928465767,0.),(-0.623763949536503,-0.247367647944144,0.741436296662906),
(-0.830978655834785,-0.556303773346679,-0.000765053762686479),(-0.977715312124723,
-0.209935133392794,9.05770616408456E-5),(-0.0731974158876984,0.638974620726644,
0.765737273726835),(-0.116294096656122,0.993208308339245,-0.00359712785858482),
(0.116657914105523,0.993172087661792,-0.000367921276898812),(0.0722470473328817,
0.639299077881678,0.765556694942521),(-0.366916725914679,-0.548110676309122,
0.751629431807995),(0.,0.,1.),(-0.323850493495838,0.575768733474934,0.750740450099215),
(-0.994678804792371,-0.103000894663856,-0.0022115594645575),(-0.669735311539302,
-0.0769322242122212,0.738604119508628),(-0.929447837851199,-0.36894758674863,
-0.00209641267268826),(-0.624276668572339,-0.257716845986597,0.737469096553166),
(-0.960616081899247,-0.277871050192567,0.00210301246298688),(0.,0.,-1.),
(-0.668377479964252,-0.055946007850372,0.741715301502027),(0.671218482481703,
-0.0507214875379761,0.739522196743881),(-0.998249283486055,-0.0591470034708201,
0.),(0.,0.,-1.),(0.,0.,-1.),(-0.994087884850721,0.10857843797467,0.),(-0.995627122047811,
0.0934055902931887,0.00142462092310816),(-0.670527617974961,0.0680081249702441,
0.738760860137336),(-0.672083617557425,0.,0.74047526022881),(0.997580835163936,
-0.0682180004853515,0.0133709282925502),(-0.672083333582155,-0.000907310542033393,
0.740474962107888),(0.67208339602933,-2.84490026778146E-5,0.740475460749603),
(-0.672083949875521,0.,0.740474958604082),(0.67172501367101,0.0326451423488708,
0.740080941985202),(-0.672083512758577,0.,0.740475355348233),(0.945935840582693,
-0.324353796803913,0.),(0.780907990474393,-0.624641881188646,0.00228706763211782),
(-0.672083106228991,0.,0.740475724329698),(0.974552378296926,-0.223638817721129,
0.01527550863642),(-0.78540065926247,-0.618975678126583,0.00386190598211025),
(0.,0.,-1.),(-0.809168739040267,-0.587576336963908,0.),(-0.539791755602608,
-0.398703650513211,0.741390760429946),(-0.631268933726689,-0.210836090753294,
0.746356266234456),(0.623932723997095,-0.217218747260174,0.750682337453257),
(0.,0.,-1.),(0.81091580472666,-0.585162847115667,0.),(0.97733827912378,
-0.211683462177301,0.),(0.,0.,-1.),(0.994318429660182,-0.106446514447915,
0.),(-0.686100476891846,-0.727506325746242,0.000825595533081782),(-0.445792404143456,
-0.486642993263151,0.751297364241269),(0.,0.,-1.),(-0.606033424984688,0.795427370455691,
0.00433429709098275),(0.,0.,-1.),(0.147890613753213,-0.989003724140459,
0.),(0.499597481211238,-0.866257673424823,0.),(0.499597481211238,-0.866257673424823,
0.),(0.,0.,-1.),(0.81091580472666,-0.585162847115667,0.),(-0.516485943496117,
-0.417989116696795,0.747346886321177),(0.,0.,1.),(-0.576370771760093,-0.330941273374408,
0.747177761337956),(0.569854649298739,-0.325337293639909,0.754600108693122),
(0.,0.,1.),(-0.568746622784686,0.822512783530439,0.),(-0.380787316984389,
0.534690472366408,0.754391886213272),(-0.645181291639376,0.763953278743316,
0.0107929984658826),(-0.428940884019618,0.500629106890677,0.75191769187213),
(-0.778137892051257,0.628091301208022,0.00165478120597396),(-0.976256472801298,
0.216615657358045,0.00097790639199725),(0.,0.,-1.),(0.,0.,-1.),(0.113664526100095,
0.993519187286507,0.),(0.,0.,-1.),(-0.117369492515376,-0.993088315421485,
0.),(0.,0.,-1.),(0.0741494297332776,-0.997247141921314,0.),(-0.752220902241258,
0.658800188869129,0.0120840960501158),(-0.505161240298282,0.426238059571453,
0.75042203983696),(-0.830795016550738,0.556578030948409,-0.000732079265046253),
(-0.623062447802044,0.247579039475737,0.741955393100688),(-0.977651322713113,
0.2102329272037,8.6698702281793E-5),(-0.994080073991695,0.108648996864975,
0.000449413951665803),(0.,0.,-1.),(0.,0.,-1.),(0.96063853877946,0.277783548310506,
0.00314612455078154),(0.,0.,-1.),(0.784238447532787,0.620431357509146,0.00591506810809041),
(0.,0.,-1.),(0.628530143335854,0.777770193983873,0.00483572833176068),(0.226357953409908,
0.974044184040933,-6.68139998739934E-5),(-0.447316187676291,0.489581935692876,
0.748476957885789),(0.,0.,1.),(0.,0.,1.),(-0.579684391925684,0.340803841952975,
0.740147787315372),(0.594476742922075,0.307376558874667,0.743045794806168),
(-0.994447853031829,0.105230544997092,0.),(-0.67028778861342,0.0730581164874071,
0.738496304696945),(-0.994081579155864,-0.108635138636255,0.000469719560743154),
(0.,0.,-1.),(0.,0.,-1.),(0.998245860270754,0.0592047502511577,0.),(-0.674122560304252,
0.0883625979508336,0.73331495619019),(0.672513427515604,0.100300116904798,
0.733256828376046),(-0.994465376929766,-0.10506480898921,0.),(-0.670293657690758,
-0.0729350933956355,0.738503137847711),(-0.672083791071654,4.70852450293039E-6,
0.740475102725664),(0.672078106504236,0.00405243785562363,0.740469173230802),
(-0.977715336525898,-0.209935019743676,9.05940006764624E-5),(-0.623829449302851,
-0.247370529916262,0.741380225735384),(-0.83097835963006,-0.556304216028479,
-0.000764889190917372),(-0.976256429809614,-0.216615647818886,0.00102194686341101),
(-0.780925931146521,-0.624576681582696,0.00765890893582131),(0.,0.,-1.),
(0.,0.,-1.),(0.994080098808225,-0.108648768427966,0.000449747167547476),
(-0.6745735023561,-0.0894828058145035,0.732764230419709),(0.674550177532558,
-0.0895084337231383,0.732782572311341),(-0.754587963623333,-0.656198905952181,
3.13361216161979E-5),(-0.502934149859795,-0.427445662806756,0.751230621215947),
(-0.577371150958223,-0.344803934829242,0.740103236425466),(0.597881587764158,
-0.300620709672728,0.743077920495875),(0.,0.,1.),(-0.604247011312894,-0.796757730546114,
0.00791632076423782),(0.,0.,-1.),(0.,0.,-1.),(0.780904844676884,-0.624603002048952,
0.00766246641812636),(0.976256472107504,-0.216615657204106,0.000978632843639617),
(-0.598696177520944,-0.800976208773884,0.),(-0.400516947618356,-0.522031572392894,
0.753039980409724),(-0.409802360532444,-0.52154080336221,0.748369705246236),
(0.,0.,1.),(0.0144263211721466,0.115314254620183,0.993224296893119),(0.,
0.,1.),(0.509825706201181,-0.426657711883761,0.747021382683642),(0.,0.,
1.),(0.346738713801776,-0.561392526526392,0.751405812801182),(0.623743664477599,
-0.247573779305256,0.741384559337844),(0.977652322350728,-0.210228278484067,
8.67632008883388E-5),(0.830788637150873,-0.556587555050189,-0.000730714888476152),
(0.502594492322786,-0.436677042081402,0.746131313647831),(0.754482436188805,
-0.656320235257162,4.76926601185111E-5),(0.670287709673855,-0.0730560117834659,
0.73849658455708),(0.994448126906079,-0.105227956803273,0.),(0.,0.,1.),
(-0.409933669460376,-0.521460414209208,0.748353808739898),(-0.50296819844758,
-0.427456357865174,0.75120173952876),(-0.754587981182716,-0.656198885765969,
3.12104755376783E-5),(-0.400516761506328,-0.522031768520753,0.753039943434329),
(-0.598695860935348,-0.800976445408276,0.),(0.6680672643477,0.0705489878418995,
0.74074892549464),(0.994693322806562,0.102828311829785,-0.00339585781168643),
(0.412359052020366,-0.522791225047097,0.746089369466299),(0.600043378801521,
-0.799967464061102,0.),(0.62173542159094,0.248667466941429,0.742704218665862),
(0.920819696366636,0.389957897212301,-0.00489133775326269),(0.,0.,1.),(0.515211317749489,
0.418847455840094,0.747746017574896),(0.,0.,1.),(0.515320406278522,-0.415429925563077,
0.74957511686261),(0.481508197070511,0.444022827474805,0.755641174655793),
(0.724570989596862,0.689199044547842,-0.00124821030560845),(0.,0.,1.),(0.394693010713172,
-0.528622993156399,0.751515241628899),(0.395665033498996,0.530453945447497,
0.749711806646675),(0.455893557639706,-0.476288018604141,0.751871523225048),
(0.81091580472666,-0.585162847115667,0.),(0.499597481211238,-0.866257673424823,
0.),(0.277164569262652,0.584503669284973,0.762584593430691),(0.231825647350303,
0.972757029021475,-0.000794808106524076),(0.597338393178536,0.801989052994726,
0.000634753107406636),(0.198794645659646,0.615224953890263,0.762875445251569),
(0.207466278095749,-0.618678021372511,0.757756721727819),(0.212506890359614,
-0.610896264862706,0.762657573965198),(0.499597481211238,-0.866257673424823,
0.),(0.147890613753213,-0.989003724140459,0.),(-0.00479290440682291,0.110412903674584,
0.993874246959591),(0.600040535489133,-0.799969596778474,0.),(0.401457081221459,
-0.521330781711976,0.753024852164075),(0.409948653453385,-0.521468400423105,
0.748340035606759),(0.,0.,1.),(0.780906471209979,-0.62460096651349,0.00766262701637723),
(0.976255666875922,-0.216619283948308,0.000979139608178062),(0.,0.,-1.),
(0.754480321874186,-0.656322665787,4.77375202016913E-5),(0.502914994341463,
-0.427544888777242,0.751186978419476),(0.,0.,-1.),(-0.604245528913893,-0.796758855375706,
0.0079162597206251),(0.830788640154615,-0.556587551151443,-0.000730269323388349),
(0.623679136995071,-0.247571345016508,0.741439655807403),(0.977652253004809,
-0.210228600953718,8.68081951887666E-5),(0.994079914304068,-0.10865045556778,
0.000449980144332356),(0.,0.,-1.),(0.,0.,-1.),(-0.976257234788345,-0.216612021012452,
0.00102170265489282),(-0.780924303402372,-0.62457871619074,0.00765895796089426),
(0.577618523088288,-0.344374307109683,0.740110247455087),(0.,0.,1.),(-0.577621054658483,
-0.344386698622142,0.740102505756712),(0.994448126906079,-0.105227956803273,
0.),(0.670289015783979,-0.0730561545527023,0.738495384956004),(0.994693290429961,
0.102828641558512,-0.00339535695446815),(0.670294999323563,0.0729345138898719,
0.738501977360571),(0.998245451624346,0.0592116399984437,0.),(0.,0.,-1.),
(0.,0.,-1.),(-0.994080447053879,0.108645583932345,0.000449307421555967),
(0.,0.,-1.),(-0.994081772606606,-0.108633368908212,0.000469607240734478),
(0.674510932057237,-0.0893726485811638,0.732835269498449),(-0.674532728216668,
-0.089346906280651,0.732818346456102),(-0.419115971874363,-0.515792697326299,
0.747194549969865),(0.,0.,1.),(-0.400514355094179,-0.522033733827896,0.753039860903259),
(-0.598692265057338,-0.800979133161729,0.),(-0.603154906490756,-0.298002124199437,
0.739864104243983),(0.,0.,1.),(-0.50679898887787,-0.428076371230449,0.748268270920623),
(-0.754588319465662,-0.656198496783443,3.07430967291875E-5),(0.116339657106127,
0.00726500720625926,0.993182915607554),(0.0526949394512217,0.110638265722471,
0.99246280409603),(0.0967665992421212,0.0760014966402327,0.992401127457824),
(0.117562389830569,0.0335183410381364,0.992499675219784),(-0.620186915739499,
-0.248903479333688,0.743918844714336),(-0.830983109454026,-0.556297119445672,
-0.000765962509860329),(-0.977714300784024,-0.209939843421569,9.04794664720548E-5),
(-0.671864986612589,-0.072538776116006,0.737112993864344),(0.,0.,1.),(-0.670292001037841,
-0.07293709036801,0.738504444261059),(-0.994465073982595,-0.105067676422356,
0.),(-0.664551019521515,0.0654571863876581,0.744370404572298),(-0.994448126906073,
0.105227956803324,0.),(-0.671442193293387,0.0436260639544008,0.739771686136481),
(0.,0.,1.),(0.0559338155223957,0.64147096619618,0.765105488026616),(0.0477175445604041,
-0.649162319781058,0.759151709816688),(0.0829138396177673,0.647664783444638,
0.75740057003243),(0.116659239235242,0.993171931970099,-0.00036803238300305),
(0.0496608947208078,-0.648711978692978,0.759411985838893),(0.0741494297332776,
-0.997247141921314,0.),(-0.0842190020559077,0.647593651209194,0.75731738564901),
(-0.116295000661164,0.993208202640942,-0.00359708603854125),(-0.0563281577855928,
0.641116385432638,0.765373711967082),(-0.0477177268838671,-0.649162314120428,
0.759151703196961),(-0.0423411027818507,0.9991032133945,0.),(0.,0.,-1.),
(0.,0.,-1.),(-0.24148937479751,0.970397902595643,0.00328519373611869),(-0.390257246131087,
0.920700409582468,-0.00316822298080285),(-0.255743544956931,0.597748486348941,
0.75979733237253),(0.196911489829504,0.625484363354383,0.754980248994825),
(0.,-0.649955609092596,0.759972174628172),(0.,-0.649954037901152,0.759973518364929),
(-0.221740904468782,0.622594565540606,0.750471170828481),(0.226356892552227,
0.974044430574181,-6.67946082634194E-5),(0.,0.,-1.),(0.628532300353739,
0.777768449020014,0.00483602326691568),(0.231822913600102,0.972757680715357,
-0.000794568586499758),(0.597343396744728,0.801985325682856,0.000635417054321963),
(0.283083340933699,0.578996089277832,0.764609279754563),(0.,0.,-1.),(-0.780898471040547,
0.624610963276459,0.00766305953198286),(-0.976257991953513,0.216608811676506,
0.000977676319986371),(0.,0.,-1.),(-0.604216640791751,0.796781314186028,
0.00786055687068026),(0.920819776680058,0.389957717128961,-0.0048905752685035),
(0.624580718782651,0.251599839971644,0.739321612189979),(0.960637185809776,
0.277788222506438,0.00314653399585015),(0.,0.,-1.),(0.674534436184891,0.089346809168314,
0.732816786169758),(-0.674509224257709,0.0893727454037624,0.732836829567305),
(0.78424024194559,0.620429084401012,0.00591558470858245),(0.,0.,-1.),(0.72457308223962,
0.68919684548658,-0.00124766386660964),(0.485905709412125,0.441382606885717,
0.754371947980217),(0.50241192458556,0.426603270533209,0.752058446933883),
(0.,0.,1.),(0.,-0.649887095037652,0.760030764971735),(0.584295074079388,
0.319591837324777,0.745962682660424),(-0.589593627855687,0.318907719786519,
0.742076290048761),(0.,0.,1.),(0.403049892797984,0.523618906483237,0.750582456955152),
(0.,-0.649903292363271,0.760016914663969),(-0.623763760888917,-0.247367272417353,
0.741436580658462),(-0.830978358122692,-0.556304217973677,-0.000765112024421061),
(-0.977715774096608,-0.20993298187596,9.05722807574705E-5),(-0.670293210042914,
-0.0729343186157154,0.738503620667108),(-0.994465477910483,-0.105063853176414,
0.),(0.,0.,1.),(-0.409933103306083,-0.521461084211775,0.748353652003199),
(-0.502966549806398,-0.427458052779513,0.751201878917908),(-0.754585671457246,
-0.656201541800408,3.11478085135085E-5),(-0.400514355094179,-0.522033733827896,
0.753039860903259),(-0.598692265057338,-0.800979133161729,0.),(-0.67028722655048,
0.0730559589738655,0.738497028282223),(-0.994448126906073,0.105227956803324,
0.),(-0.62367961448223,0.247568154440171,0.741440319504129),(-0.977652451331796,
0.210227678700004,8.66795128333877E-5),(-0.830795015048578,0.556578032897582,
-0.000732302049295608),(0.60004502992968,-0.799966225572486,0.),(0.401460241088101,
-0.521328423620113,0.753024800090443),(0.409948995487168,-0.521468487804363,
0.748339787346692),(0.,0.,1.),(0.780902886820652,-0.624605451159788,0.00766235842609875),
(0.976255666875922,-0.216619283948308,0.000979139608178062),(0.,0.,-1.),
(0.754477479677458,-0.656325933042082,4.77073529641779E-5),(0.502913657239033,
-0.427547113126314,0.751186607588165),(0.,0.,-1.),(-0.604246943791146,-0.796757778928273,
0.00791660510223268),(0.830783871804743,-0.556594668496471,-0.000730308444190825),
(0.623679103745446,-0.247573831889084,0.74143885338916),(0.977652253004809,
-0.210228600953718,8.68081951887666E-5),(0.994079914304068,-0.10865045556778,
0.000449980144332356),(0.,0.,-1.),(0.,0.,-1.),(-0.976255624296162,-0.216619274500002,
0.00102271462518002),(-0.780923972124437,-0.624579129749475,0.00765901056146131),
(0.577618831800894,-0.344374803117106,0.74010977572724),(0.,0.,1.),(-0.598043042459055,
-0.300234686591169,0.743104065615186),(0.994448126906079,-0.105227956803273,
0.),(0.670290805023044,-0.0730563501320999,0.738493741616634),(0.994693290429961,
0.102828641558512,-0.00339535695446815),(0.670296788609781,0.072934709164551,
0.738500334040884),(0.998245451624346,0.0592116399984437,0.),(0.,0.,-1.),
(0.,0.,-1.),(-0.994081403585655,-0.108636743678049,0.000470072551567929),
(0.674512639861839,-0.0893725517580903,0.732833709417669),(-0.674532728216668,
-0.089346906280651,0.732818346456102),(-1.86202029636879E-6,-0.649894015302673,
0.760024847534804),(0.,0.,1.),(-0.46756363396502,0.475117233307448,0.745417911515212),
(-0.50159441951354,0.427312850685544,0.752201280211532),(-0.754473455963063,
0.656330558527603,4.67973985538379E-5),(-0.278718050309863,0.599887869133832,
0.749967194547561),(-0.390257246131087,0.920700409582468,-0.00316822298080285),
(-0.402070098971058,0.537607148073932,0.741160029854023),(-0.60004226200855,
0.799968301749302,0.),(-0.0731979220816679,0.638974471646202,0.765737349740355),
(-0.116295000661164,0.993208202640942,-0.00359708603854125),(0.0722475626148489,
0.639298902152472,0.765556793061662),(0.116658771230152,0.993171986941963,
-0.000368033727828237),(0.22635704228966,0.974044395775519,-6.68145318647055E-5),
(0.,0.,-1.),(0.62852832027593,0.777771668777783,0.00483547906014779),(0.231824735645886,
0.972757246294081,-0.000794811343856828),(0.597338393178536,0.801989052994726,
0.000634753107406636),(0.283081952911213,0.578996625506156,0.764609387588498),
(0.,0.,-1.),(-0.901669674659855,0.432401166427921,0.00458574645671862),
(0.,0.,-1.),(-0.604217950045947,0.796780320022502,0.00786069126172035),
(0.920818193914975,0.389961450598617,-0.00489088971302064),(0.624580555079709,
0.251601721841238,0.739321110061688),(0.960637185809776,0.277788222506438,
0.00314653399585015),(0.,0.,-1.),(0.67453614415826,0.0893467120554808,0.732815225871421),
(-0.674509224257709,0.0893727454037624,0.732836829567305),(0.784238581444839,
0.620431186066222,0.00591529626038752),(0.,0.,-1.),(0.724567974572841,0.689202214100929,
-0.00124831958508348),(0.485902007525901,0.44138601337696,0.75437233928445),
(0.502411980374576,0.426603920513823,0.752058040963816),(0.,0.,1.),(0.,
-0.649887095037652,0.760030764971735),(0.584296118395034,0.319592229831784,
0.74596169650971),(-0.601777183405483,0.299742462599576,0.740282836250649),
(0.,0.,1.),(0.,0.,-1.),(-0.994080078058597,0.108648958167719,0.000449773368659053),
(0.40304963637155,0.523618785449959,0.750582679086503),(-1.59674620362389E-6,
-0.649906932185754,0.760013802173587),(-0.62376232751846,-0.247369536728133,
0.741437031087376),(-0.830973606784642,-0.556311316379245,-0.000764261548691695),
(-0.977715635604346,-0.209933626832786,9.06621277176118E-5),(-0.670293210042914,
-0.0729343186157154,0.738503620667108),(-0.994465477910483,-0.105063853176414,
0.),(0.,0.,1.),(-0.509927281177444,-0.426511979646951,0.747035273015016),
(0.,0.,1.),(-0.346858099601195,-0.561436663636303,0.751317730035692),(-0.502660278123586,
-0.436591702125237,0.746136938123364),(-0.754583023466916,-0.656204586771509,
3.15525152428413E-5),(-0.411454955285345,-0.523265561256924,0.746255969606683),
(-0.598700874373742,-0.800972698051636,0.),(-0.67028722655048,0.0730559589738655,
0.738497028282223),(-0.994448126906073,0.105227956803324,0.),(-0.634087938014217,
0.230856143313518,0.737995886139813),(-0.933222041072905,0.359300141500611,
-0.000174279550990811),(0.,0.,1.),(-0.346857957763984,-0.561436913371644,
0.751317608897542),(0.60421360910556,-0.796783614265264,0.00786044591712434),
(0.,0.,-1.),(0.600042732578155,-0.799967948783037,0.),(0.412361800691678,
-0.522794096316404,0.746085838350408),(0.346739847751421,-0.56139268649498,
0.751405170018992),(0.,0.,1.),(0.780897031382961,-0.624612760350472,0.00766328810903889),
(0.976258887727965,-0.216604776916926,0.000977112544895509),(0.,0.,-1.),
(0.754473658965834,-0.656330325158076,4.69531742907826E-5),(0.502598641991855,
-0.436685408919743,0.746123621596676),(0.830793396482418,-0.556580449278402,
-0.000732012472656713),(0.623707682357272,-0.247570955455991,0.741415773357384),
(0.977652530387947,-0.210227311074454,8.6628217952511E-5),(0.994080652305028,
-0.108643706989829,0.000449048235395078),(0.,0.,-1.),(0.,0.,-1.),(-0.994082141617116,
-0.108629994125838,0.00046914192867885),(0.,0.,-1.),(-0.976258845231004,
-0.216604767488527,0.00102069068116878),(-0.780923984119357,-0.624579135318411,
0.00765733322098668),(0.509886516874582,-0.426572076702429,0.747028783439623),
(0.,0.,1.),(0.,0.,1.),(0.597975133386719,-0.300390639444122,0.743095689386964),
(-0.597977668870658,-0.300402230767908,0.743088963235007),(0.994448126906079,
-0.105227956803273,0.),(0.670286398544499,-0.0730558684655043,0.738497788763782),
(0.994693355182813,0.102827982100934,-0.00339635866903498),(0.670292382015111,
0.0729342282483958,0.738504381139557),(0.998246268870976,0.0591978604780211,
0.),(0.,0.,-1.),(0.674526283162736,-0.0894327962930775,0.732813801910052),
(-0.674549782869978,-0.0894069633556277,0.732795322947404),(0.,-0.649891582349616,
0.760026927938001),(-0.350185869375402,0.55893329484298,0.751640491728435),
(0.,-0.649946810113345,0.759979699744322),(-0.172063366885757,0.62761331816395,
0.75927315285026),(-2.76636409753669E-6,-0.649897376354892,0.760021973497724),
(0.,0.,1.),(-0.47964165492622,0.45752760562674,0.748740524446954),(0.,0.,
1.),(-0.537732859640126,0.389678450185189,0.747659064764496),(-0.548465452961943,
0.372832369994394,0.748452851415247),(-0.81851653077329,0.574463773865634,
0.00469695293903592),(-0.482356888561093,0.453110025381598,0.749682023898365),
(-0.721731384922214,0.692155970724777,0.00489082899970466),(-0.403552910427025,
0.520665681886129,0.752364470314707),(-0.600046756598489,0.799964930416099,
0.),(-0.261482931006619,0.589265439533551,0.764455962474961),(-0.390260863215437,
0.920698875885867,-0.00316837258572679),(-0.0732108064446211,0.638999867782634,
0.765714925278008),(-0.116293029211339,0.993208432919335,-0.00359723988199889),
(0.116658771230152,0.993171986941963,-0.000368033727828237),(0.0722475626148489,
0.639298902152472,0.765556793061662),(0.22635704228966,0.974044395775519,
-6.68145318647055E-5),(0.,0.,-1.),(0.62852832027593,0.777771668777783,0.00483547906014779),
(0.231824735645886,0.972757246294081,-0.000794811343856828),(0.597338393178536,
0.801989052994726,0.000634753107406636),(0.283081952911213,0.578996625506156,
0.764609387588498),(0.,0.,-1.),(-0.780897489047769,0.624612209617052,0.00766154006660756),
(-0.976259600308633,0.216601557796585,0.000978757028542055),(0.,0.,-1.),
(-0.604218163008365,0.79678017090945,0.007859436131441),(0.920821305733991,
0.389954085677823,-0.00489223563631293),(0.624609065858655,0.251604422037818,
0.73929610418167),(0.960640852617119,0.277775553424302,0.00314550518621019),
(0.,0.,-1.),(0.674549679335604,0.0894065325554439,0.73279547081341),(-0.674527537993636,
0.0894307840718121,0.732812892455192),(0.784238967351203,0.620430707370356,
0.0059143418770083),(0.,0.,-1.),(0.724573805421955,0.689196083542713,-0.00124856947448772),
(0.485906329738232,0.44138150628302,0.754372192376981),(0.502350878289526,
0.426648142175248,0.752073771554461),(0.,0.,1.),(0.,-0.649887095037652,
0.760030764971735),(0.584183268406798,0.319769970746169,0.745973910215729),
(-0.584223097997761,0.319754927791786,0.745949165773894),(0.,0.,1.),(0.,
0.,-1.),(-0.99408088759406,0.108641550967157,0.000449804020506364),(0.40304963637155,
0.523618785449959,0.750582679086503),(0.,-0.649903295965487,0.760016911583681),
(-0.623790864180476,-0.247371720159721,0.741412294091618),(-0.83097359472492,
-0.556311331941223,-0.000766044206434941),(-0.977715912588474,-0.209932336918869,
9.04824337695903E-5),(-0.67029238201511,-0.0729342282484168,0.738504381139556),
(-0.994465477910483,-0.105063853176414,0.),(0.,0.,1.),(-0.509888430889146,
-0.426568109090206,0.747029742615788),(-0.502660174505512,-0.436583593377834,
0.746141752590878),(-0.754591771654264,-0.656194526961188,3.0624508980415E-5),
(-0.411460591372624,-0.523259510444517,0.746257104808159),(-0.598712175971226,
-0.80096425035316,0.),(-0.670286682509244,0.0730501002425241,0.73849810162607),
(-0.994448934683484,0.105220322689503,0.),(-0.624515382908267,0.251790526486611,
0.739311887691883),(-0.977655535875251,0.210213333645953,8.67751758258272E-5),
(-0.830780716368562,0.556599376730211,-0.000731528318116287),(0.645084378726987,
-0.188725178190578,0.74043835087018),(0.,0.,1.),(0.,0.,1.),(0.671444892870474,
-0.0436194019562299,0.739769628743394),(0.664553348986423,-0.0654512205484727,
0.744368849482328),(0.994448934683492,-0.105220322689425,0.),(-0.114942051463723,
0.0123546249751369,0.993295367978244),(0.610070700052693,-0.251400838952316,
0.751406254373284),(0.977655476248188,-0.210213610942014,8.68138667983493E-5),
(0.830793408497935,-0.556580433684329,-0.000730230202050093),(0.537760860979515,
-0.398994891963496,0.742708780468906),(0.,0.,1.),(0.,0.,1.),(0.671444907325718,
0.0436189093377313,0.739769644669572),(0.664583205130563,0.0653693689432039,
0.744349386419009),(0.994693419934238,0.102827322643109,-0.00339736038402151),
(0.502617942520307,-0.43668409402228,0.74611138972984),(0.75447403685234,
-0.656329890701746,4.78243559297062E-5),(0.412350647282345,-0.522799687370698,
0.746088084994615),(0.600024754340748,-0.79998143364601,0.),(0.346737989554456,
-0.561391402529584,0.751406986769221),(0.,0.,1.),(-0.0282327630737014,0.116263847519267,
0.9928170168008),(-0.110582307956744,0.0522227403682337,0.992493999254097),
(-0.0741455467500234,0.0963125526810071,0.992585678968424),(0.645084036017201,
0.188728529293246,0.740437795298543),(0.,0.,1.),(0.,0.,1.),(0.643840785241558,
-0.189799010524935,0.741245828901107),(0.960642597600579,0.277769525511687,
0.00314489621842697),(0.,0.,-1.),(0.920824203749765,0.389947236754942,-0.00489268186140883),
(0.610178431466186,0.25118334503031,0.751391515092398),(0.784234988759966,
0.620435734531457,0.00591453472958196),(0.,0.,-1.),(0.724579759392755,0.689189826251775,
-0.00124726476111381),(0.481743350883623,0.444163485937362,0.755408592510959),
(0.543678232482222,0.389776043901624,0.74329577903107),(0.,0.,1.),(0.,0.,
-1.),(0.607065042784715,-0.794648592002078,0.00237677468576722),(0.,0.,
-1.),(0.901324464219084,-0.433144553535556,7.70886770747609E-5),(0.,0.,
-1.),(0.994087370765492,-0.108583144569271,0.),(0.628528315069551,0.777771664593019,
0.00483682871675725),(0.226360387334618,0.974043618421243,-6.67725567163916E-5),
(0.,0.,-1.),(0.597338404493338,0.801989043549609,0.000636037527944621),
(0.277861863450823,0.592679366701266,0.755992032448902),(0.231824738329692,
0.972757246061639,-0.000794312876016002),(0.116658928980283,0.993171968497802,
-0.000367803444553077),(0.082913631049878,0.64766605403141,0.757399506364711),
(0.360467287015926,0.55557857113361,0.749263495900151),(0.,0.,1.),(0.359764409732954,
-0.551992615041476,0.752245785916526),(-0.116296811210999,0.993207990320951,
-0.00359717455384773),(-0.0731993177440488,0.638974377661039,0.76573729475225),
(0.,-0.649903296011254,0.760016911544545),(-0.403326877571399,0.523997770365916,
0.750169158576954),(0.,-0.649887095037652,0.760030764971735),(0.,0.,1.),
(-0.502349313191852,0.426686957360564,0.752052795988458),(-0.506792476611651,
0.425466286701069,0.749759844570668),(-0.754474246227858,0.656329650070627,
4.70858036867782E-5),(-0.390253776118756,0.920701880015657,-0.00316833721168221),
(-0.265167554148619,0.59301310538442,0.760277334312398),(-0.600049054902708,
0.799963206472877,0.),(-0.400975668571799,0.521977601569073,0.752833246259487),
(0.,0.,1.),(0.540606518679108,-0.388238928209432,0.746334460268616),(0.39330721528012,
-0.534404500671313,0.748145215897851),(0.599329648111211,-0.800502325352582,
0.),(0.283537897682121,-0.594804953744695,0.752205641815305),(0.450678952218456,
-0.892684893581753,0.00147064550737491),(0.671444646559889,-0.0436193855616793,
0.739769853271467),(0.,0.,1.),(0.66690211929598,-0.0636388954982137,0.74242282713983),
(0.995628078252524,-0.0933953766287626,0.00142598020961295),(0.63798887550965,
-0.20454335676107,0.742382792049254),(0.956855469913672,-0.290560352145005,
0.0015137561415118),(0.58197539829072,-0.327296911180409,0.744433588519568),
(0.875091668172316,-0.483944030366278,0.00357040169128723),(0.671444653787564,
0.0436191392511344,0.73976986123462),(0.,0.,1.),(-0.112672109853644,-0.00684088224187888,
0.993608674474655),(0.664939079537412,0.0709755526702314,0.743517647017941),
(0.994679764712685,0.102991599713574,-0.00221270412747486),(0.486892557498595,
-0.454634080524955,0.745817330368305),(0.751482014063414,-0.659742766744373,
0.00377680654454426),(0.643798145404516,0.189776778757328,0.74128855529962),
(0.,0.,1.),(0.613904434121829,0.250029433596702,0.748736688095935),(0.929453106498173,
0.368934307713183,-0.00209747779234649),(0.041225149708928,0.6498070086339,
0.758980459934074),(0.,0.,1.),(0.0276153164771485,0.649654739557946,0.759727657562738),
(0.0437244370286443,0.999043629480979,0.),(0.131905897366847,0.635361697088733,
0.760865525643246),(0.211220516519028,0.977438321404436,-0.000470373800908758),
(-0.0740718311137872,0.643324293334097,0.762002111179251),(-0.11851373965928,
0.992950103476502,-0.00214138225810767),(0.167419125553543,0.63011024517982,
0.75824264936649),(0.,0.,1.),(-0.0143352453083768,-0.115271696511578,0.993230555674407),
(-0.0472436197413534,0.649176913212971,0.759168871691281),(0.,0.,1.),(0.30478348604368,
0.575810015250738,0.758650020083046),(0.477748042229389,0.878496886735162,
0.000167757605245454),(0.346737478271844,0.558913418875768,0.753252222938826),
(0.,0.,1.),(0.446210850829102,0.489281128354565,0.749332939379054),(0.686111692395173,
0.727495747993691,0.00082595988483856),(0.535102966963653,0.397429099490956,
0.745462893526233),(0.,0.,1.),(-0.116091675654632,-0.0340906723220967,0.992653287358848),
(-0.0523340367997121,-0.110722174627551,0.992472543014663),(-0.0966451419240634,
-0.0762070568929071,0.992397199221259),(0.528933185457458,0.40126067735353,
0.747809838215313),(0.809189138150142,0.587548243721169,0.),(-0.042372174972558,
0.999101896098739,0.),(0.,0.,-1.),(0.,0.,-1.),(0.244948601710217,0.969536065610872,
0.),(-0.236771537534067,0.971565354988409,0.),(0.,0.,-1.),(-0.749456579098441,
0.662053499383594,0.),(0.,0.,-1.),(-0.236771537534067,0.971565354988409,
0.),(-0.632148070430126,0.774847608921566,0.),(-0.201837285812635,0.620873817909984,
0.757480964968539),(0.,0.,1.),(-0.243267987493411,0.969956963733708,0.00204322426353011),
(0.,0.,-1.),(-0.390196348057631,0.920729427183368,-0.00203270289880175),
(-0.249407167861549,0.601187243380498,0.759190333853006),(0.,0.,1.),(0.225318812792579,
0.974285087950002,0.),(0.629708241105908,0.776831726362475,0.),(0.,0.,-1.),
(0.848384804416828,0.529376183548959,-0.00201988261056699),(0.,1.,0.),(0.,
0.,-1.),(0.657146247035357,0.753763099393533,0.),(0.244949296186932,0.969535890154421,
0.),(0.244949296186932,0.969535890154421,0.),(0.,0.,-1.),(-0.236771537534067,
0.971565354988409,0.),(-0.607062356884311,0.794650646369344,0.00237593746758782),
(0.,0.,-1.),(-0.599333216758504,0.800499653522642,0.),(-0.382583945388696,
0.535108359527458,0.753185613441104),(-0.395733498583164,0.517958644440627,
0.758362605056682),(0.,0.,1.),(-0.751492997626873,0.659730259369352,0.00377616077838739),
(-0.48783704767923,0.44468893694931,0.751176919418126),(-0.875109112512451,
0.483912493346767,0.0035693109398725),(-0.579585423968099,0.32846490414543,
0.745782503863192),(-0.901326501344065,0.433140314589717,7.64982921677542E-5),
(0.,0.,-1.),(0.,0.,-1.),(0.963458769713653,0.267807659667867,-0.00512410822231712),
(-0.523657461339362,0.407319796936791,0.748246915267271),(0.915430329832478,
0.402360517602025,0.00966049159368885),(-0.956863602311733,0.290533579272521,
0.0015119147169894),(-0.641018475647166,0.199908599220751,0.741034321631988),
(-0.668327767061721,0.0551720341226994,0.741818065582834),(0.998921265028163,
0.0463569453387921,0.00270922376156252),(-0.635782433824779,0.209184943544396,
0.74298206992778),(0.977904666520981,0.208386339445947,0.016661234312261),
(0.,0.,-1.),(0.99401708557768,-0.109224693085657,0.),(0.,0.,-1.),(0.998243058395794,
0.0592519735081493,0.),(0.664933790325102,-0.0687791199943994,0.743728772562074),
(0.994318429660182,-0.106446514447915,0.),(0.610767292014525,-0.288662279597786,
0.737317708550835),(0.97733827912378,-0.211683462177301,0.),(0.81091580472666,
-0.585162847115667,0.),(0.66398404553832,0.064927068082308,0.744922588663279),
(0.994742175142357,0.102410961293465,0.),(-0.453625828285357,0.447009780413144,
0.770977213753698),(0.,0.,1.),(0.833170095785567,0.553016766125241,-0.000218799108878562),
(0.,0.,1.),(0.721457900716678,0.692458280178753,0.000166449295453536),(-0.977652451331796,
0.210227678700004,8.66795128333877E-5),(-0.830795015048578,0.556578032897582,
-0.000732302049295608),(-0.610068648179349,0.251402980278237,0.751407203862088),
(-0.645082337714081,0.188729390763399,0.740439055312058),(0.,0.,1.),(0.,
0.,1.),(-0.671442503186407,-0.0436260845843537,0.739771403650216),(-0.604216640791751,
0.796781314186028,0.00786055687068026),(0.,0.,-1.),(-0.60004226200855,0.799968301749302,
0.),(-0.405621736423623,0.520106186700627,0.751638584358478),(-0.395870870269345,
0.530878415212575,0.749302583962965),(-0.395527822860037,-0.528327384205837,
0.751284178218746),(0.,0.,1.),(-0.198549308702932,0.614776667459714,0.763300609956992),
(-0.205935035846294,-0.620128137565742,0.756988674955068),(0.,0.,-1.),(-0.626567199807082,
-0.77936739996353,0.),(-0.233116543207939,-0.972448804453366,0.),(-0.754473455963063,
0.656330558527603,4.67973985538379E-5),(-0.502396841920548,0.430748926035613,
0.749701791346016),(0.,0.,-1.),(-0.994742175142358,-0.102410961293464,0.),
(0.,0.,-1.),(-0.929602520330427,-0.368563636561339,0.),(0.,0.,-1.),(-0.750683451324827,
-0.660662058776684,0.),(-0.544039510181752,0.389225554955046,0.743319903360011),
(0.,0.,1.),(0.,0.,1.),(-0.644410166841695,-0.189399696783807,0.740853083768476),
(0.,0.,1.),(-0.54228378550788,-0.388399625793287,0.745032903071319),(-0.287918432643405,
-0.575354713328936,0.765552042642656),(-0.233116543207939,-0.972448804453366,
0.),(-0.626567199807082,-0.77936739996353,0.),(-0.495760213071345,-0.430852653845357,
0.754047612428995),(-0.750683451324827,-0.660662058776684,0.),(-0.0736877745428134,
-0.641632683023094,0.763464217864539),(-0.117369492515376,-0.993088315421485,
0.),(0.994742175142357,0.102410961293465,0.),(0.,0.,-1.),(0.,0.,-1.),(0.603403387624285,
-0.797436071462997,0.00025245435029848),(0.,0.,-1.),(0.776256762604769,
-0.630416876765179,0.),(0.976041889626436,-0.217562681396229,0.0029511621675977),
(0.651384525764093,0.175252217460442,0.738230898750713),(-0.672093858819926,
0.,0.740465964738718),(0.929598757479441,0.368573127198225,0.),(0.,0.,-1.),
(0.616909279609927,0.245248874896577,0.747847531314454),(0.929598757479441,
0.368573127198225,0.),(0.166728589560775,0.629722887146315,0.758716457464305),
(0.,0.,1.),(0.,0.,1.),(0.0415816713701985,0.649339473535338,0.75936105556903),
(0.074035590439869,0.641749223393817,0.763332604846441),(0.117358581719705,
0.993089604867929,0.),(0.,0.,1.),(0.976173663892041,-0.21699073234493,0.),
(0.776516325512902,-0.630097132362892,0.),(0.29729123180479,0.576697215340457,
0.760945625725356),(0.233095175095764,0.972453926593479,0.),(0.626589332105533,
0.77934960633309,0.),(0.324816086463425,0.568662298940131,0.755723295749648),
(0.,0.,1.),(-0.0502504335669062,0.649218483735574,0.758940217871223),(-0.0741500515010713,
0.997247095690124,0.),(-0.0472437541317196,0.649175881713255,0.759169745378041),
(0.,0.,1.),(0.,0.,1.),(-0.113467201009714,-0.993541742603209,0.),(0.,0.,
1.),(0.243443210556104,-0.969915152595389,0.),(0.,0.,1.),(0.0423330724986094,
-0.99910355367841,0.),(0.,0.,1.),(0.776516325512902,-0.630097132362892,
0.),(0.395982097835792,-0.918258230670199,0.),(0.117358581719705,0.993089604867929,
0.),(0.,0.,-1.),(0.,0.,-1.),(-0.0741500515010713,0.997247095690124,0.),
(0.534231498114154,0.383300059991756,0.753443939807749),(-0.672083587602188,
0.,0.740475287417326),(0.496079536195145,0.442628075019321,0.74698425751357),
(0.750686087148091,0.660659063785769,0.),(0.750686087148091,0.660659063785769,
0.),(0.,0.,-1.),(0.439719473989622,0.482315836811235,0.757639899791035),
(-0.672081940094818,0.,0.740476782754443),(0.,0.,1.),(0.626589332105533,
0.77934960633309,0.),(0.233095175095764,0.972453926593479,0.),(0.,0.,-1.),
(-0.672083818248634,0.,0.740475078073758),(0.683305496984928,-0.730131771642029,
0.00109262484523602),(0.,0.,1.),(0.,0.,1.),(0.505562114835468,-0.862790210910561,
0.),(0.,0.,1.),(0.243310118729444,-0.969948548183801,0.),(0.,0.,1.),(0.0423297993902466,
-0.999103692358096,0.),(0.,0.,1.),(0.994025569060485,-0.109147460135266,
0.),(0.,0.,-1.),(0.243310118729444,-0.969948548183801,0.),(0.,0.,-1.),(0.395982097835792,
-0.918258230670199,0.),(0.776516325512902,-0.630097132362892,0.),(0.,0.,
-1.),(0.0423297993902466,-0.999103692358096,0.),(0.,0.,-1.),(0.994025569060485,
-0.109147460135266,0.),(0.,0.,-1.),(0.776516325512902,-0.630097132362892,
0.),(0.976173663892041,-0.21699073234493,0.),(0.,0.,-1.),(-0.62997401529118,
-0.776616211560065,0.),(-0.225468801238999,-0.974250388590042,0.),(0.,0.,
-1.),(0.0423330724986094,-0.99910355367841,0.),(0.,0.,-1.),(0.243443210556104,
-0.969915152595389,0.),(0.,0.,-1.),(-0.113467201009714,-0.993541742603209,
0.),(-0.202339335374735,0.619716426407489,0.758294365138527),(0.,0.,1.),
(-0.147891847009433,0.989003539724777,0.),(-0.215005140439039,0.612930744327382,
0.760321440078517),(-0.499581353483019,0.86626697458236,0.),(0.,0.,1.),
(-0.225468801238999,-0.974250388590042,0.),(-0.62997401529118,-0.776616211560065,
0.),(-0.147891847009433,0.989003539724777,0.),(-0.499581353483019,0.86626697458236,
0.),(0.,0.,-1.),(0.,0.,-1.),(-0.900584761476488,-0.434680442850074,0.),
(-0.62997401529118,-0.776616211560065,0.),(-0.415617024087058,0.512159055628103,
0.751635277928828),(0.,0.,1.),(-0.443668921770269,0.48284070863888,0.754998501943091),
(-0.81093398891469,0.585137646731869,0.),(-0.499581353483019,0.86626697458236,
0.),(-0.600025499974956,0.297448217263481,0.742626391550005),(0.,0.,1.),
(0.,0.,1.),(-0.113391114806777,-0.993550429058775,0.),(0.,0.,1.),(-0.959909479595053,
-0.280310169247487,0.),(0.,0.,1.),(-0.998243721242689,-0.0592408051899163,
0.),(0.,0.,1.),(-0.62997401529118,-0.776616211560065,0.),(-0.900584761476488,
-0.434680442850074,0.),(-0.61221710824353,0.265754533726436,0.744691036724475),
(-0.977336361567308,0.211692315303075,0.),(-0.81093398891469,0.585137646731869,
0.),(-0.81093398891469,0.585137646731869,0.),(-0.499581353483019,0.86626697458236,
0.),(0.,0.,-1.),(-0.671044310022894,0.0732750852336865,0.737787432713444),
(0.,0.,1.),(-0.670155891643753,0.075661462665407,0.738353860938302),(-0.994317947531701,
0.106451017920666,0.),(-0.66538133030393,-0.0663924705098587,0.743545375308441),
(-0.994742175142358,-0.102410961293464,0.),(-0.616425973607174,-0.243385046666222,
0.748854283637163),(-0.929602520330427,-0.368563636561339,0.),(0.,0.,-1.),
(-0.113391114806777,-0.993550429058775,0.),(0.,0.,-1.),(-0.998243721242689,
-0.0592408051899163,0.),(0.,0.,-1.),(-0.959909479595053,-0.280310169247487,
0.),(0.,-1.,0.),(0.,0.,-1.),(1.,0.,0.),(1.,0.,0.),(0.,-1.,0.),(0.,0.,1.),
(-1.,0.,0.),(0.,-1.,0.),(0.,0.,1.),(-1.,0.,0.),(0.,0.,-1.),(0.,-1.,0.),
(-0.959869278109414,-0.280447800743227,0.),(0.,0.,1.),(-0.959869278109414,
-0.280447800743227,0.),(0.,0.,-1.),(0.,0.,-1.),(-0.998242990021037,-0.0592531254353784,
0.),(-0.998242990021037,-0.0592531254353784,0.),(0.,0.,1.),(0.,0.,1.),(-0.994017080532356,
0.10922473900144,0.),(-0.994017080532356,0.10922473900144,0.),(0.,0.,-1.),
(0.,0.,-1.),(1.,0.,0.),(0.117564752656004,-0.0125324903090458,0.992986135663327),
(-0.976139912780135,0.217142512368239,0.),(-0.776258306052506,0.630414976253335,
0.),(0.,0.,1.),(-0.976139912780135,0.217142512368239,0.),(0.,0.,-1.),(-0.776258306052506,
0.630414976253335,0.),(-0.243305154652323,0.969949793401498,0.),(0.,0.,
1.),(-0.243305154652323,0.969949793401498,0.),(0.,0.,-1.),(0.,0.,-1.),(-0.0423253460869123,
0.999103881024703,0.),(-0.395734884261472,0.918364797549732,0.),(0.,0.,
1.),(-0.776258306052506,0.630414976253335,0.),(-0.0423253460869123,0.999103881024703,
0.),(0.,0.,1.),(0.00468911699783815,-0.110353750720812,0.993881311768981),
(-0.395734884261472,0.918364797549732,0.),(-0.776258306052506,0.630414976253335,
0.),(0.,0.,-1.),(0.,1.,0.),(-0.727854598800119,0.685731494832721,0.),(0.,
0.,-1.),(0.,0.,-1.),(-0.663519023982567,0.748159411364464,0.),(0.,1.,0.),
(0.,0.,-1.),(-0.727854598800119,0.685731494832721,0.),(0.108425502242076,
-0.0571218842585065,0.992462090360288),(0.0709764098061626,-0.0985566455758522,
0.992597066721368),(0.0273549526691357,-0.116308439042604,0.99283636797407),
(0.,0.,1.),(0.113390722834803,0.993550473793355,0.),(0.,1.,0.),(0.0523219547768917,
0.418889061956663,-0.906528745722601),(0.,1.,0.),(-0.236078172672015,0.379991250507249,
-0.894356610041978),(0.,1.,0.),(-0.900977634702461,0.433865534199203,0.),
(-0.435929713841298,0.209921834776199,-0.87515604772774),(0.629708241105908,
0.776831726362475,0.),(0.225318812792579,0.974285087950002,0.),(0.,0.,-1.),
(0.,0.,-1.),(0.724611757189042,0.689157312479095,0.),(0.113390722834803,
0.993550473793355,0.),(0.,0.,-1.),(0.,0.,-1.),(-0.999999999999229,-1.24157968552415E-6,
0.),(0.807418981240175,0.589978464635005,0.),(0.,0.,-1.),(0.,1.,0.),(0.,
0.,-1.),(0.,1.,0.),(0.727851520179857,0.685734762551725,0.),(0.,1.,0.),
(0.347584717443382,0.313564732567263,-0.883663976118652),(0.,1.,0.),(0.447763047767804,
0.211180258438332,-0.868856231778081),(0.904453980249589,0.426571210480356,
0.),(0.,1.,0.),(0.727851520179857,0.685734762551725,0.),(0.,0.,-1.),(0.,
0.,-1.),(0.647950000635921,0.761682871460236,0.),(-0.0585808416706421,0.998282667879774,
0.),(0.,0.,-1.),(0.,0.,-1.),(0.,1.,0.),(0.657146247035357,0.753763099393533,
0.),(-0.117366057474181,0.993088721390474,0.),(0.,0.,-1.),(0.,0.,-1.),(0.14915397975146,
-0.988813981658988,0.),(0.,0.,-1.),(-0.965520170494282,-0.260328255033318,
0.),(0.,0.,-1.),(-0.910602716776236,-0.413282823499523,0.),(-0.641866698062977,
-0.766816237385288,0.),(0.,0.,-1.),(-0.113542884908187,-0.99353309622112,
0.),(0.,0.,-1.),(-0.641866698062977,-0.766816237385288,0.),(-0.244776670895158,
-0.969579486883609,0.),(-0.749456579098441,0.662053499383594,0.),(0.,0.,
-1.),(-0.632148070430126,0.774847608921566,0.),(-0.236771537534067,0.971565354988409,
0.),(0.,0.,-1.),(0.,0.,-1.),(-0.846916631601454,0.531725699131467,0.),(0.,
1.,0.),(-0.236771537534067,0.971565354988409,0.),(0.244948601710217,0.969536065610872,
0.),(0.,0.,-1.),(0.,0.,-1.),(0.657144744683901,0.753764409171945,0.),(0.244948601710217,
0.969536065610872,0.),(0.244949296186932,0.969535890154421,0.),(0.,0.,-1.),
(-0.236771537534067,0.971565354988409,0.),(0.,0.,-1.),(-0.236771537534067,
0.971565354988409,0.),(-0.651041801979518,0.759041877682162,0.),(0.657146247035357,
0.753763099393533,0.),(0.,0.,-1.),(0.244949296186932,0.969535890154421,
0.),(0.,0.,-1.),(0.,1.,0.),(0.657144744683901,0.753764409171945,0.),(0.657144744683901,
0.753764409171945,0.),(0.,0.,-1.),(0.244948601710217,0.969536065610872,
0.),(0.,0.,-1.),(-0.651041801979518,0.759041877682162,0.),(0.,1.,0.),(-0.651041801979518,
0.759041877682162,0.),(-0.236771537534067,0.971565354988409,0.),(0.,0.,
-1.),(0.,0.,-1.),(-0.0585799436550336,0.998282720576377,0.),(0.657144744683901,
0.753764409171945,0.),(0.,1.,0.),(0.,0.,-1.),(0.657146247035357,0.753763099393533,
0.),(0.,1.,0.),(0.,0.,-1.),(0.,0.,-1.),(-0.651041801979518,0.759041877682162,
0.),(0.,1.,0.),(0.0461426045473199,0.998934862764129,0.),(0.,0.,-1.),(0.,
0.,-1.),(0.,1.,0.),(-0.761650252341357,0.647988343342955,0.),(0.,0.,-1.),
(-0.499588920102286,-0.866262610823664,0.),(-0.0648412052334255,-0.997895594791297,
0.),(0.,0.,-1.),(-0.977337442112511,-0.211687326604533,0.),(-0.810923055946707,
-0.585152798279264,0.),(-0.810923055946707,-0.585152798279264,0.),(0.,0.,
-1.),(-0.499588920102286,-0.866262610823664,0.),(0.,0.,-1.),(0.560171581909373,
0.828376604462699,0.),(0.183978736848521,0.982930223559955,0.),(0.,0.,-1.),
(0.647949019071033,0.761683706458847,0.),(0.,0.,-1.),(0.994168600503013,
-0.107836885034206,0.),(0.,0.,-1.),(0.747265614389041,-0.664525470957862,
0.),(0.960986670154732,-0.27659468502652,0.),(0.,0.,-1.),(-0.0648412052334255,
-0.997895594791297,0.),(0.383655730751052,-0.923476193662769,0.),(0.383655730751052,
-0.923476193662769,0.),(0.,0.,-1.),(0.747265614389041,-0.664525470957862,
0.),(0.,0.,-1.),(-0.23310981590335,0.972450417105935,0.),(-0.599737422205268,
0.800196866031466,0.),(0.,0.,-1.),(-0.117366854512615,0.993088627193875,
0.),(0.,0.,-1.),(-0.599739013674556,0.800195673242908,0.),(-0.233111376851993,
0.972450042923629,0.),(0.,0.,-1.),(-0.666258105865235,0.745721218934307,
0.),(0.,0.,-1.),(-0.666257364301578,0.745721881477213,0.),(-0.23310981590335,
0.972450417105935,0.),(0.,0.,-1.),(-0.599737422205268,0.800196866031466,
0.),(0.,0.,-1.),(0.,0.,-1.),(0.931797757638435,-0.362977876543439,0.),(0.996664679050583,
0.0816058670255909,0.),(0.,0.,-1.),(0.672991925307087,-0.739649828277855,
0.),(0.931797757638435,-0.362977876543439,0.),(0.,0.,-1.),(0.27607929222975,
-0.9611348627544,0.),(0.672991925307087,-0.739649828277855,0.),(0.,0.,-1.),
(0.,1.,0.),(-0.761651894567256,0.64798641305363,0.),(0.,0.,-1.),(0.149122993643333,
-0.988818655147065,0.),(0.,0.,-1.),(-0.910602378118579,-0.413283569676788,
0.),(-0.64187443253377,-0.766809763148234,0.),(0.,0.,-1.),(-0.113578269282328,
-0.993529051788035,0.),(0.,0.,-1.),(-0.64187443253377,-0.766809763148234,
0.),(-0.244772034424217,-0.969580657379173,0.),(0.,0.,-1.),(0.931803543816644,
-0.362963022539132,0.),(0.996663719362085,0.0816175869977535,0.),(0.,0.,
-1.),(0.27609211214045,-0.961131180231827,0.),(0.672983203513835,-0.739657763961318,
0.),(0.672983203513835,-0.739657763961318,0.),(0.,0.,-1.),(0.931803543816644,
-0.362963022539132,0.),(0.,0.,-1.),(-0.117367481873985,0.993088553049807,
0.),(0.,0.,-1.),(-0.599739013674556,0.800195673242908,0.),(-0.233112605498671,
0.972449748397119,0.),(0.,0.,-1.),(-0.666258372298477,0.74572098089177,
0.),(0.,0.,-1.),(-0.666255406884184,0.745723630306557,0.),(0.,0.,-1.),(-0.233106279878392,
0.972451264733229,0.),(-0.599732649592813,0.800200443021862,0.),(0.170648430927793,
0.985331981122039,0.),(0.,0.,-1.),(0.550892788426382,0.834576021498225,
0.),(0.550892788426382,0.834576021498225,0.),(0.170648430927793,0.985331981122039,
0.),(0.,0.,-1.),(0.,0.,-1.),(0.643689813504158,0.76528649798032,0.),(0.,
0.,-1.),(0.643689813504158,0.76528649798032,0.),(0.642482279133945,0.766300542214901,
0.),(0.,0.,-1.),(0.548258066996964,0.836309208351045,0.),(0.170027931851524,
0.985439243378451,0.),(0.,0.,-1.),(0.,0.,-1.),(0.548258066996964,0.836309208351045,
0.),(0.170027931851524,0.985439243378451,0.),(0.0853251329373394,0.996353161127733,
0.),(0.,0.,-1.),(0.0853251329373394,0.996353161127733,0.),(0.,0.,-1.),(0.,
0.,-1.),(0.,1.,0.),(0.686751601986945,0.726892177126955,0.),(0.,1.,0.),
(0.686751601986945,0.726892177126955,0.),(0.,0.,-1.),(0.,0.,-1.),(0.563138932038467,
0.826362234871956,0.),(0.,0.,-1.),(0.563138932038467,0.826362234871956,
0.),(0.,0.,-1.),(0.860305587008845,0.509778674486652,0.),(0.556043717248423,
0.831153045177936,0.),(0.,0.,-1.),(0.996663719362085,0.0816175869977535,
0.),(0.860305587008845,0.509778674486652,0.),(0.42534958605438,0.905029131930773,
0.),(0.,0.,-1.),(-0.0144435810809922,0.999895686042077,0.),(0.,0.,-1.),
(0.556043717248423,0.831153045177936,0.),(0.182525133254291,0.983201187819921,
0.),(0.42534958605438,0.905029131930773,0.),(-0.0144435810809922,0.999895686042077,
0.),(0.,0.,-1.),(0.,0.,-1.),(-0.0423357077637432,-0.999103442015962,0.),
(-0.0144435810809922,0.999895686042077,0.),(-0.454063532675597,0.890969308278437,
0.),(0.,0.,-1.),(0.,0.,-1.),(-0.0144435810809922,0.999895686042077,0.),
(-0.454063532675597,0.890969308278437,0.),(0.,0.,-1.),(0.182525133254291,
0.983201187819921,0.),(-0.217984927527953,0.975952135799002,0.),(-0.454063532675597,
0.890969308278437,0.),(0.,0.,-1.),(-0.761651894567256,0.64798641305363,
0.),(-0.761651894567256,0.64798641305363,0.),(-0.454063532675597,0.890969308278437,
0.),(0.,0.,-1.),(0.,0.,-1.),(0.860292293291452,0.509801108377899,0.),(0.556055550830189,
0.831145128356615,0.),(0.,0.,-1.),(0.,-1.,0.),(0.,0.,-1.),(0.182519323615909,
0.983202266325089,0.),(-0.217972037798251,0.975955014710247,0.),(0.,0.,
-1.),(0.556055550830189,0.831145128356615,0.),(0.182519323615909,0.983202266325089,
0.),(-0.761651894567256,0.64798641305363,0.),(0.,1.,0.),(0.,0.,-1.),(0.,
0.,-1.),(-0.629611548353159,0.776910096587975,0.),(-0.911171033319308,0.412028334025494,
0.),(0.,0.,-1.),(-0.217984927527953,0.975952135799002,0.),(-0.629611548353159,
0.776910096587975,0.),(0.,0.,-1.),(-0.117367481873985,0.993088553049807,
0.),(0.,0.,-1.),(0.9966655659771,0.0815950341353433,0.),(0.860292293291452,
0.509801108377899,0.),(0.,0.,-1.),(-0.965696811993574,0.259672230524267,
0.),(0.,0.,-1.),(-0.999999999999229,1.24180401353108E-6,0.),(0.,0.,-1.),
(-0.965517987112547,-0.26033635274801,0.),(-0.233112605498671,0.972449748397119,
0.),(-0.599739013674556,0.800195673242908,0.),(0.,0.,-1.),(0.,0.,-1.),(-0.666258372298477,
0.74572098089177,0.),(-0.666255406884184,0.745723630306557,0.),(0.,0.,-1.),
(-0.599732649592813,0.800200443021862,0.),(-0.233106279878392,0.972451264733229,
0.),(0.,0.,-1.),(0.,0.,-1.),(-0.117364251939785,0.993088934772014,0.),(0.,
0.,-1.),(0.931795828875499,-0.36298282781727,0.),(0.9966655659771,0.0815950341353433,
0.),(0.,1.,0.),(0.,0.,-1.),(0.,0.,-1.),(-0.113543489729233,-0.993533027100814,
0.),(0.,0.,-1.),(0.149158051756855,-0.988813367423853,0.),(0.,0.,-1.),(0.276086846394916,
-0.961132692840957,0.),(0.672983203513835,-0.739657763961318,0.),(0.672983203513835,
-0.739657763961318,0.),(0.,0.,-1.),(0.931795828875499,-0.36298282781727,
0.),(0.182525133254291,0.983201187819921,0.),(-0.00746638310225813,0.456997267544731,
-0.889436760303969),(-0.217984927527953,0.975952135799002,0.),(-0.217984927527953,
0.975952135799002,0.),(-0.195818881308975,0.418521508317642,-0.886845371413995),
(-0.629611548353159,0.776910096587975,0.),(0.556043717248423,0.831153045177936,
0.),(0.860305587008845,0.509778674486652,0.),(0.339577921725487,0.316819433456051,
-0.885614070383475),(0.182525133254291,0.983201187819921,0.),(0.556043717248423,
0.831153045177936,0.),(0.168911626239407,0.427371949290328,-0.88815656248262),
(-0.113578269282328,-0.993529051788035,0.),(-0.0495440213293081,-0.455233672371792,
-0.88899251599179),(0.27609211214045,-0.961131180231827,0.),(0.218538873109545,
-0.406319939128972,-0.887211850690825),(0.672983203513835,-0.739657763961318,
0.),(0.149122993643333,-0.988818655147065,0.),(0.0666974146673358,-0.451593065885492,
-0.889727575003065),(-0.965696811993574,0.259672230524267,0.),(-0.444186181058116,
0.127762395532241,-0.886778104626445),(-0.965517987112547,-0.26033635274801,
0.),(-0.444246685239849,-0.127977895518415,-0.886716719652948),(-0.999999999999229,
1.24180401353108E-6,0.),(-0.478795672410638,0.,-0.877926365978678),(0.996663719362085,
0.0816175869977535,0.),(0.441555859622102,0.150180255704098,-0.884575781733842),
(0.860305587008845,0.509778674486652,0.),(0.931803543816644,-0.362963022539132,
0.),(0.466360357962543,-0.0773922985767425,-0.88120284193939),(0.996663719362085,
0.0816175869977535,0.),(-0.64187443253377,-0.766809763148234,0.),(-0.910602378118579,
-0.413283569676788,0.),(-0.369911760929724,-0.27068388965884,-0.888760665761617),
(-0.911171033319308,0.412028334025494,0.),(-0.629611548353159,0.776910096587975,
0.),(-0.368689574161673,0.272789318323329,-0.888624772169434),(-0.244772034424217,
-0.969580657379173,0.),(-0.64187443253377,-0.766809763148234,0.),(-0.205131891280727,
-0.41344521570221,-0.887121164662723),(0.931803543816644,-0.362963022539132,
0.),(0.672983203513835,-0.739657763961318,0.),(0.384134456209277,-0.257048949792248,
-0.886773114704943),(0.092384458758076,0.995723411284468,0.),(0.,0.,-1.),
(0.183978736848521,0.982930223559955,0.),(0.560171581909373,0.828376604462699,
0.),(0.,0.,-1.),(0.,0.,-1.),(-0.113541906028201,-0.993533208088931,0.),
(0.,0.,-1.),(0.,0.,-1.),(-0.99999999999923,-1.24120581126899E-6,0.),(0.,
0.,-1.),(-0.965521972506358,-0.260321571536882,0.),(0.,0.,-1.),(0.931799686382856,
-0.362972925239352,0.),(0.996664679050583,0.0816058670255909,0.),(0.,0.,
-1.),(-0.641862057438817,-0.766820121815024,0.),(-0.244778216423392,-0.969579096703607,
0.),(0.,0.,-1.),(-0.910595738039798,-0.413298199686082,0.),(-0.641862057438817,
-0.766820121815024,0.),(0.,0.,-1.),(0.149154394471494,-0.988813919101993,
0.),(0.,0.,-1.),(0.276079736581476,-0.961134735117352,0.),(0.67298901802785,
-0.739652473540047,0.),(0.67298901802785,-0.739652473540047,0.),(0.,0.,
-1.),(0.931799686382856,-0.362972925239352,0.),(0.,0.,-1.),(0.647949019071033,
0.761683706458847,0.),(0.,0.,-1.),(-0.999999999999229,-1.24150491124984E-6,
0.),(0.,0.,-1.),(-0.965521477689978,-0.260323406783489,0.),(0.,0.,-1.),
(-0.910604327232203,-0.413279275098556,0.),(-0.641868244947394,-0.766814942556646,
0.),(-0.641868244947394,-0.766814942556646,0.),(0.,0.,-1.),(-0.244775125386399,
-0.969579877056075,0.),(0.647950293614115,0.761682622228827,0.),(0.,0.,
-1.),(0.647950293614115,0.761682622228827,0.),(0.,0.,-1.),(0.560174354191868,
0.828374729760465,0.),(0.183974754638933,0.982930968916711,0.),(0.,0.,-1.),
(0.,0.,-1.),(0.560174354191868,0.828374729760465,0.),(0.183974754638933,
0.982930968916711,0.),(0.0923824417389174,0.995723598423958,0.),(0.,0.,
-1.),(0.0923824417389174,0.995723598423958,0.),(0.,0.,-1.),(0.,1.,0.),(0.750477689255203,
0.660895784469966,0.),(0.,0.,-1.),(0.,0.,-1.),(0.,1.,0.),(0.750477689255203,
0.660895784469966,0.),(0.750477689255203,0.660895784469966,0.),(0.,0.,-1.),
(0.425345343795402,0.905031125714233,0.),(0.750477689255203,0.660895784469966,
0.),(0.,0.,-1.),(0.425345343795402,0.905031125714233,0.),(0.,0.,-1.),(0.921396695575727,
0.388623377297521,0.),(0.67110715147757,0.741360365298592,0.),(0.,0.,-1.),
(0.973289846420855,0.229579778844019,0.),(0.425345343795402,0.905031125714233,
0.),(-0.0144436205280126,0.999895685472261,0.),(0.,0.,-1.),(0.,0.,-1.),
(0.425345343795402,0.905031125714233,0.),(-0.0144436205280126,0.999895685472261,
0.),(0.,0.,-1.),(0.67110715147757,0.741360365298592,0.),(0.28308607134983,
0.959094508485852,0.),(0.,0.,-1.),(-0.96569835415255,0.259666495310921,
0.),(-0.0144436205280126,0.999895685472261,0.),(0.,0.,-1.),(-0.454065722364595,
0.890968192346685,0.),(-0.454065722364595,0.890968192346685,0.),(-0.0144436205280126,
0.999895685472261,0.),(0.,0.,-1.),(0.,0.,-1.),(0.,-1.,0.),(-0.454065722364595,
0.890968192346685,0.),(-0.761650252341357,0.647988343342955,0.),(0.,0.,
-1.),(0.,0.,-1.),(-0.454065722364595,0.890968192346685,0.),(-0.761650252341357,
0.647988343342955,0.),(0.,0.,-1.),(-0.390904507917362,0.920431238979797,
0.),(-0.747750329231743,0.663980003564731,0.),(0.,0.,-1.),(0.112878423233753,
0.993608807110858,0.),(0.,0.,-1.),(-0.229138622678411,0.973393800882788,
0.),(-0.761650252341357,0.647988343342955,0.),(0.,1.,0.),(0.,0.,-1.),(0.,
0.,-1.),(-0.117366854512615,0.993088627193875,0.),(0.,0.,-1.),(-0.988123696381971,
0.153660537056299,0.),(0.,0.,-1.),(-0.995754503829374,-0.0920487267892268,
0.),(0.,0.,-1.),(-0.747750329231743,0.663980003564731,0.),(-0.961165674402094,
0.275972002839361,0.),(-0.233111376851993,0.972450042923629,0.),(-0.599739013674556,
0.800195673242908,0.),(0.,0.,-1.),(0.,0.,-1.),(-0.666258105865235,0.745721218934307,
0.),(-0.666257364301578,0.745721881477213,0.),(0.,0.,-1.),(-0.995754503829374,
-0.0920487267892268,0.),(-0.478379261391143,-0.0414904254657266,-0.877172632305373),
(-0.988123696381971,0.153660537056299,0.),(-0.471589011475184,0.0725990804959821,
-0.878824884585659),(-0.977337442112511,-0.211687326604533,0.),(-0.421281759201481,
-0.19210122057426,-0.886351397820292),(-0.810923055946707,-0.585152798279264,
0.),(-0.229138622678411,0.973393800882788,0.),(-0.103886912054448,0.443219254197049,
-0.890373069119233),(-0.747750329231743,0.663980003564731,0.),(-0.406886715085851,
0.222841399088952,-0.88588086780262),(-0.961165674402094,0.275972002839361,
0.),(-0.747750329231743,0.663980003564731,0.),(-0.390904507917362,0.920431238979797,
0.),(-0.26581105938954,0.3793488843484,-0.886249910944895),(0.28308607134983,
0.959094508485852,0.),(0.67110715147757,0.741360365298592,0.),(0.219942047077219,
0.405180423065879,-0.887386229717161),(0.112878423233753,0.993608807110858,
0.),(0.0512878606592604,0.453198204627438,-0.889933111346838),(0.994168600503013,
-0.107836885034206,0.),(0.474214957635691,-0.052391613199297,-0.878848845263481),
(0.973289846420855,0.229579778844019,0.),(0.452488827270161,0.113831798232292,
-0.884475088912558),(-0.499588920102286,-0.866262610823664,0.),(-0.810923055946707,
-0.585152798279264,0.),(-0.312930690905422,-0.344966888395573,-0.884913684265381),
(-0.0648412052334255,-0.997895594791297,0.),(-0.499588920102286,-0.866262610823664,
0.),(-0.133295813540384,-0.441241160132237,-0.887433639602289),(0.747265614389041,
-0.664525470957862,0.),(0.383655730751052,-0.923476193662769,0.),(0.264142528965147,
-0.380324168596043,-0.886330779773345),(0.960986670154732,-0.27659468502652,
0.),(0.747265614389041,-0.664525470957862,0.),(0.406743473508239,-0.223086133514323,
-0.885885051116725),(0.67110715147757,0.741360365298592,0.),(0.921396695575727,
0.388623377297521,0.),(0.379255022481858,0.260824135741452,-0.887770464780739),
(0.383655730751052,-0.923476193662769,0.),(-0.0648412052334255,-0.997895594791297,
0.),(0.0780013170180503,-0.450569294153485,-0.889327333274695),(-0.450785925845848,
0.000632875679051426,-0.892631866184306),(-0.294975497227802,0.334965889058064,
-0.894867201992983),(0.000867823080106999,0.444072314487899,-0.895990528068496),
(0.296655734661526,0.333916610924652,-0.894703901880966),(0.45072078097657,
0.00138200739234124,-0.892663916404958),(0.294849540739812,-0.335408534306814,
-0.894742903542508),(0.00185365421135171,-0.443942037580412,-0.896053587256374),
(-0.295256108513867,-0.333286874040457,-0.895401412762783),(0.,0.457010006162517,
-0.889461553001206),(0.467059168399576,0.220017830111237,-0.856415721275035),
(0.467059465971289,-0.220015074515041,-0.856416266912741),(0.,-0.457010006162454,
-0.889461553001238),(-0.467059781813783,-0.220012149686149,-0.856416846052517),
(-0.467059484249781,0.22001490524944,-0.85641630042895),(-0.00094987297532145,
0.443109828113727,-0.896466830379326),(0.29747358637667,0.332641391917747,
-0.894907352629995),(0.452454323736513,-0.00122468547054455,-0.891786737442105),
(0.296598526561528,-0.334065976180315,-0.894667109935435),(0.000429022189844187,
-0.444916954829177,-0.895571727582717),(-0.299463236954745,-0.332373693155074,
-0.894343053761275),(-0.4514286429488,1.50904408691233E-6,-0.892307223058924),
(-0.300039777531713,0.332330424223425,-0.894165880043629),(0.,0.457010006162521,
-0.889461553001215),(0.467054708219356,0.220021876287697,-0.856417114194347),
(0.467055005799172,-0.220019120645981,-0.856417659853009),(0.,-0.457010006162459,
-0.889461553001247),(-0.467055005799156,-0.220019120645996,-0.856417659853014),
(-0.46705470821934,0.220021876287712,-0.856417114194352),(0.154858701328824,
0.984488728479683,0.0824665151392244),(0.059844083731074,0.980617389026562,
0.186569616982819),(0.241131917575849,0.97048442878769,-0.00392068958523784),
(0.,0.,-1.),(0.,0.,-1.),(-0.230669236852637,0.973032221033724,0.),(-0.637116236607279,
0.77076773482767,0.),(-0.0630799694722906,0.9813525795501,0.181571011072086),
(-0.249652607747041,0.967096922551902,0.0489603700531716),(-0.230425887837027,
0.972005701692106,-0.0459219565410177),(-0.542521991756468,0.838959050733565,
0.0426333162307414),(0.0247074544571217,0.214800507211012,0.97634537116542),
(0.0620308159394755,0.580966872097472,0.811560023287965),(-0.0233810625788098,
0.217210211159279,0.97584478790473),(-0.0811966478696341,0.608045141500049,
0.789739330585048),(0.045629965055218,0.687161607240722,0.725070225442617),
(0.196902424806984,0.720365366403426,0.665058774839929),(0.104791330996058,
0.189772184495072,0.976219900913746),(0.278636450747011,0.502423622068091,
0.818493880431057),(-0.0939818483840183,0.731346305136316,0.675499810612691),
(-0.347939268474424,0.639329260567717,0.685708656818199),(-0.287619480675767,
0.527989353338535,0.79906337489398),(-0.106058423130157,0.191366495392035,
0.975771733206345),(0.0566728802024573,0.823751665813287,0.564111139510108),
(-0.0885419642171998,0.861399837983595,0.500150617008913),(-0.435035111046272,
0.747072623287037,0.502620082857801),(-0.0619024268357629,0.939932864161084,
0.33569971763733),(0.0609660164089622,0.925701470529731,0.373309432377907),
(0.253115679520714,0.906165695067194,0.338815858342192),(-0.237646305341433,
0.886515484381085,0.39700696405748),(-0.733105089651114,0.208363306905974,
0.647411507360534),(-0.590207889206875,0.436526136938599,0.679043135071277),
(-0.707407853456031,0.51952206437912,0.479239974847662),(-0.488945291777601,
0.36473740883853,0.792400860828831),(-0.179138887060438,0.129078601481015,
0.975319421411495),(-0.909433379134139,0.271472797605965,0.315013410947299),
(-0.881889801525052,0.0651290096947571,0.466935316786259),(-0.623805120068407,
0.0313491989606978,0.78095095870417),(-0.593984438001281,0.168212560421583,
0.78669372816155),(-0.211409811504303,0.0634660425332758,0.975334790236091),
(-0.860435834032599,0.405898811196398,0.308052480239937),(-0.640028671938788,
0.704534541143569,0.306585028062188),(-0.505614484808471,0.801477077873826,
0.319356362696434),(-0.933822981987097,0.0623533107857523,0.352259425632275),
(-0.983977709700866,0.0647282090716061,0.166126836369747),(-0.901416840381775,
0.424301319394866,0.0861166083628103),(-0.658254214618982,0.72492364745902,
0.202946037879673),(-0.960576070410715,0.270073300536791,0.0659850383910919),
(-0.216055028887306,0.0184277512598828,0.976207274340859),(-0.625502345910382,
0.0382219898922793,0.779285502719821),(-0.625502345910382,-0.0382219898922835,
0.77928550271982),(-0.217833014848077,-0.0170962457372525,0.975836305957044),
(-0.881889801525052,-0.0651290096947484,0.466935316786261),(-0.623805120068405,
-0.0313491989606975,0.780950958704172),(-0.984138659104291,-0.0681261113849214,
0.163798451164767),(-0.933822981987098,-0.0623533107857431,0.352259425632276),
(-0.902343176662776,0.430917358977746,-0.00932851873423008),(-0.652472265068505,
0.753178554668242,0.0836780025110131),(-0.54194052228097,0.829847320873323,
0.132867958324033),(-0.997302833694258,0.0589624485021474,0.0437091245855469),
(-0.996815163958172,-0.0667211791954686,0.0436785204626833),(0.640835502838581,
0.69171138635839,0.332964286799315),(0.586179711174025,0.642761450046596,
0.493204891036102),(0.402715190758521,0.437475253450699,0.804012361690151),
(0.729884983214044,0.47825036898879,0.488410171721189),(0.510694398848668,
0.332863915424391,0.792712334200081),(0.456667988470382,0.832076740387282,
0.314805728049682),(0.789234765222339,0.532532014638463,0.305807355617125),
(0.71957283314877,0.691109132372853,0.0676986332586951),(0.55157932649302,
0.830879429315333,0.0734821102455031),(0.488616743553165,0.342888207578421,
0.802297547686118),(0.178930346644069,0.127022499008585,0.975627600980747),
(0.295622279847944,0.522167506739202,0.799967850956068),(0.422305322718466,
0.757717506512418,0.497516225592952),(0.589276032420846,0.17260287537326,
0.789279421388414),(0.839329431286329,0.249425214053628,0.483025018369514),
(0.889681863879741,0.0518312274172641,0.453629479804707),(0.615738519895347,
0.0398275697625922,0.786943352347482),(0.958517250592492,0.0590988601950377,
0.278840465213098),(0.907623328555007,0.256159202389617,0.332569325846274),
(0.958057737789858,-0.0561136737755072,0.281027804098447),(0.589438084055613,
0.176289023857916,0.788343151890134),(0.212920852134863,0.0616908395721114,
0.975119967511204),(0.615917561753544,0.0432085501963613,0.786624801486387),
(0.223126930750262,0.0136927596912609,0.97469322409977),(0.615917561753544,
-0.0432085501963661,0.786624801486387),(0.222810905452635,-0.0139217511586771,
0.974762271149255),(0.615738519895344,-0.0398275697625918,0.786943352347484),
(0.889681863879741,-0.0518312274172571,0.453629479804709),(0.966956724993416,
0.243799614362053,0.0745415322281576),(0.996086101173537,0.0666266240670005,
0.0580807370333494),(0.884081090968232,0.459302461652389,0.0862662930261729),
(0.318913395601243,0.945015319071884,0.0723898668706567),(0.603605427968218,
0.797240142530807,-0.0082850748193216),(0.,0.,-1.),(0.996570982869292,-0.0588874108214233,
0.0581252866632264),(0.589438084055597,-0.1762890238579,0.788343151890149),
(0.21280218918334,-0.0597375954722925,0.97526747508874),(0.960865886587873,
-0.26882941612954,0.066839307410775),(0.910487993311397,-0.265075665158584,
0.317405900664305),(0.998251181059485,-0.059114968606471,0.),(0.,0.,-1.),
(0.736305205698435,-0.210318854213077,0.643133441537512),(0.,0.,-1.),(0.,
0.,-1.),(-0.225851285956274,0.974161791814839,0.),(-0.593851203967317,0.804574886226613,
0.),(0.,0.,-1.),(-0.113662236880068,0.993519449184272,0.),(0.960526708002703,
-0.278187784083863,0.),(0.,0.,-1.),(0.,0.,-1.),(0.116119735473405,-0.993235222408864,
0.),(0.590209160316077,-0.436532607876595,0.6790378703279),(0.707404613811158,
-0.519520057708893,0.479246932172587),(0.488945147479564,-0.364736096354613,
0.792401553994051),(0.178899839531628,-0.129217922094103,0.97534484979685),
(0.435032091010561,-0.747072254093538,0.50262324553743),(0.287621322009914,
-0.527989171742472,0.799062832102688),(0.106337425342222,-0.191058443827868,
0.975801733454937),(0.347938618354926,-0.639330144740002,0.685708162328547),
(0.860431600399402,-0.405896716457452,0.308067065106257),(0.640025630329831,
-0.70453257060949,0.306595905829296),(0.505619422407802,-0.801477228387487,
0.319348167460396),(0.90141871951868,-0.424293186430842,0.0861370074338882),
(0.658247307985246,-0.724923523638748,0.202968880386523),(0.0939816734616455,
-0.731345175536782,0.675501057935827),(0.0885421977407836,-0.86140332343849,
0.500144572687094),(0.237644556167976,-0.886516390912925,0.397005986814364),
(0.0811958584508671,-0.60804282138143,0.789741198075),(0.0234001565071805,
-0.217185792319037,0.975849765225258),(-0.0456327880943432,-0.687160312068836,
0.72507127523313),(-0.0566752994846064,-0.823753089651835,0.564108817266124),
(-0.0246745703573227,-0.214846607507518,0.976336059366954),(-0.0620326272050338,
-0.580964303531317,0.811561723582633),(0.902349790920276,-0.430903898676255,
-0.0093104743024597),(0.652463962198293,-0.753182547877505,0.0837067954544578),
(0.541939153127655,-0.829848749545494,0.132864619764106),(0.902388903528165,
-0.430922576328088,0.),(0.637106617460375,-0.770775685908812,0.),(0.,0.,
-1.),(0.0619023784892246,-0.939931464778079,0.33570364468905),(0.0630812183026383,
-0.981351983676394,0.181573797756896),(0.24965388758155,-0.967096632421248,
0.048959574905235),(-0.0598433181206606,-0.980616566686792,0.18657418475158),
(-0.0609658755431347,-0.925698690318566,0.373316349443406),(0.0946579084614507,
-0.994955069829019,0.0332308499324743),(0.542517056864711,-0.838961683107066,
0.0426443113323516),(0.230425070233767,-0.972005876857168,-0.0459223514521183),
(-0.0422263977158604,-0.997859011498535,0.049943212823245),(0.,-1.,0.),
(0.,0.,-1.),(0.,0.,-1.),(0.230668422577971,-0.973032414067173,0.),(0.637106617460375,
-0.770775685908812,0.),(-0.104839710478808,-0.189914472707077,0.976187035441013),
(-0.278637418278764,-0.502421942330144,0.818494582144654),(-0.178944437152495,
-0.126797812302238,0.975654243678335),(-0.488615649089871,-0.342891309259553,
0.802296888625871),(-0.211077940304546,-0.0667068091999014,0.975190394088846),
(-0.593984438001266,-0.168212560421567,0.786693728161564),(-0.196901492261629,
-0.720363551212242,0.665061017072893),(-0.253120320946192,-0.906164561615822,
0.338815422310882),(-0.15486227784716,-0.984488190331879,0.0824662233708534),
(-0.640830875685204,-0.691715144442477,0.332965385164071),(-0.586170822854135,
-0.642765967066051,0.493209568050083),(-0.402713595803045,-0.437476752850558,
0.804012344725324),(-0.729887001671103,-0.478253067397919,0.488404512997217),
(-0.510687229621946,-0.332866672382026,0.79271579517402),(-0.4566723813273,
-0.83207512060004,0.314803636909238),(-0.789236220866752,-0.532532740758471,
0.305802334347268),(-0.719574247562455,-0.691107904105196,0.067696138207804),
(-0.551583707629046,-0.83087656615055,0.0734815983771806),(-0.295625345977495,
-0.522157551513053,0.799973215935121),(-0.422321960290769,-0.757714421650798,
0.497506801037492),(-0.59301285802263,-0.159515096218517,0.789234239182658),
(-0.836187231833266,-0.259882378240154,0.482961761218484),(-0.906374317650875,
-0.263024003591892,0.330611508930652),(-0.884080492519896,-0.459303461470596,
0.0862671028081272),(-0.966690798121026,-0.245125589498893,0.0736365819477896),
(-0.318922858134703,-0.945012104948334,0.0723901378663583),(-0.603607542142851,
-0.797238546405301,-0.00828463601060937),(0.,0.,-1.),(0.,0.,-1.),(-0.900184214125506,
-0.435403058837463,-0.00962065456327228),(-0.241130703798361,-0.970484730603647,
-0.00392063143820184),(0.,0.,-1.),(0.,0.,-1.),(-0.994397902709263,-0.105577509512849,
-0.00511864947844924),(0.,0.,-1.),(0.182522954597099,0.983201592271466,
0.),(-0.217970958240506,0.97595525582053,0.),(0.,0.,-1.),(0.182525133254291,
0.983201187819921,0.),(-0.217972037798251,0.975955014710247,0.),(0.,0.,
-1.),(0.556048894392509,0.831149581630688,0.),(0.182522954597099,0.983201592271466,
0.),(0.,0.,-1.),(0.860298702876114,0.509790292011996,0.),(0.556048894392509,
0.831149581630688,0.),(0.,0.,-1.),(0.996664679050583,0.0816058670255909,
0.),(0.860298702876114,0.509790292011996,0.),(0.,0.,-1.),(-0.217972037798251,
0.975955014710247,0.),(-0.629618560487771,0.776904413869111,0.),(-0.629618560487771,
0.776904413869111,0.),(0.,0.,-1.),(-0.911164774860777,0.412042173876545,
0.),(0.,0.,-1.),(0.62501794394322,0.780610382808857,0.),(0.232082977600949,
0.972695991308629,0.),(0.232082977600949,0.972695991308629,0.),(0.,0.,-1.),
(-0.203661614433153,0.979041340703487,0.),(0.,0.,-1.),(-0.965697895707395,
0.259668200260081,0.),(0.,0.,-1.),(-0.203661614433153,0.979041340703487,
0.),(-0.592429070091434,0.805622614448352,0.),(0.,0.,-1.),(-0.217970958240506,
0.97595525582053,0.),(-0.629619981167008,0.776903262520667,0.),(-0.629619981167008,
0.776903262520667,0.),(0.,0.,-1.),(-0.911165852282088,0.412039791324886,
0.),(0.,0.,-1.),(-0.217972037798251,0.975955014710247,0.),(-0.629618560487771,
0.776904413869111,0.),(0.,0.,-1.),(-0.965700187920977,0.259659675439585,
0.),(0.,0.,-1.),(-0.629618560487771,0.776904413869111,0.),(-0.911160465138767,
0.412051703998546,0.),(0.,0.,-1.),(0.996664679050583,0.0816058670255909,
0.),(0.8602974209624,0.509792455304552,0.),(0.,0.,-1.),(0.556049633990587,
0.831149086830356,0.),(0.182525133254291,0.983201187819921,0.),(0.,0.,-1.),
(0.8602974209624,0.509792455304552,0.),(0.556049633990587,0.831149086830356,
0.),(0.,0.,-1.),(0.165392398915495,-0.986224108267017,0.00271342107037769),
(0.,0.,-1.),(0.747262613820172,-0.664528845112568,0.),(0.960976070899796,
-0.276631507890896,0.),(0.,0.,-1.),(0.383658026845523,-0.923475239753075,
0.),(0.747262613820172,-0.664528845112568,0.),(-0.0646859037701786,0.443667292139359,
-0.893854052818),(-0.138220964471761,0.990401416083648,0.),(-0.366613265704811,
0.293534487495993,-0.882854584889107),(-0.900977634702461,0.433865534199203,
0.),(-0.63033975752752,0.776319386644535,0.),(-0.63033975752752,0.776319386644535,
0.),(-0.197308489548129,0.404324900141623,-0.893079355420168),(-0.26010321164085,
0.965580819659398,0.),(0.206650393786931,0.404320948219687,-0.890965872286049),
(0.239534997463663,0.970887730373643,0.),(0.631538473190945,0.775344540755689,
0.),(0.0473177676757573,0.455627424813089,-0.888912075865986),(0.113597326865078,
0.993526872977832,0.),(0.356133807020518,0.294012636970531,-0.88697535523751),
(0.631538473190945,0.775344540755689,0.),(0.904453980249589,0.426571210480356,
0.),(0.,1.,0.),(0.,0.,-1.),(-0.900977634702461,0.433865534199203,0.),(0.,
1.,0.),(0.904453980249589,0.426571210480356,0.),(0.,0.,-1.),(0.,0.,-1.),
(0.647950000635921,0.761682871460236,0.),(0.904453980249589,0.426571210480356,
0.),(0.631538473190945,0.775344540755689,0.),(0.,0.,-1.),(0.,0.,-1.),(0.817821809781233,
0.575471534870448,0.),(0.,1.,0.),(0.,0.,-1.),(0.183975999371125,0.982930735939922,
0.),(0.560174354191868,0.828374729760465,0.),(0.,0.,-1.),(0.0923830722050271,
0.995723539929613,0.),(0.,0.,-1.),(-0.663519023982567,0.748159411364464,
0.),(-0.900977634702461,0.433865534199203,0.),(0.,0.,-1.),(-0.63033975752752,
0.776319386644535,0.),(0.,0.,-1.),(0.,1.,0.),(-0.592429070091434,0.805622614448352,
0.),(0.,0.,-1.),(-0.593851203967317,0.804574886226613,0.),(-0.225851285956274,
0.974161791814839,0.),(0.,0.,-1.),(-0.113662236880068,0.993519449184272,
0.),(-0.63033975752752,0.776319386644535,0.),(0.,0.,-1.),(-0.26010321164085,
0.965580819659398,0.),(-0.138220964471761,0.990401416083648,0.),(0.,0.,
-1.),(0.,0.,-1.),(-0.592429070091434,0.805622614448352,0.),(-0.203661614433153,
0.979041340703487,0.),(0.113597326865078,0.993526872977832,0.),(0.,0.,-1.),
(0.,0.,-1.),(0.239534997463663,0.970887730373643,0.),(0.631538473190945,
0.775344540755689,0.),(0.,0.,-1.),(0.232082977600949,0.972695991308629,
0.),(0.62501794394322,0.780610382808857,0.),(0.,0.,-1.),(-0.203661614433153,
0.979041340703487,0.),(0.232082977600949,0.972695991308629,0.),(0.,0.,-1.),
(0.728674910687396,0.684859748075995,0.),(0.560174354191868,0.828374729760465,
0.),(0.183975999371125,0.982930735939922,0.),(0.,0.,-1.),(0.,0.,-1.),(0.0923830722050271,
0.995723539929613,0.),(0.,1.,0.),(0.817821809781233,0.575471534870448,0.),
(0.,0.,-1.),(0.,0.,-1.),(0.728674910687396,0.684859748075995,0.),(0.,1.,
0.),(0.,0.,-1.),(-0.592429070091434,0.805622614448352,0.),(0.,0.,-1.),(0.165389920453678,
-0.986224524022459,0.00271337962691622),(0.,0.,-1.),(-0.977338660853404,
-0.211681699731635,0.),(-0.810927652410447,-0.585146428303276,0.),(-0.810927652410447,
-0.585146428303276,0.),(0.,0.,-1.),(-0.499588920102286,-0.866262610823664,
0.),(0.,0.,-1.),(-0.499588920102286,-0.866262610823664,0.),(-0.0682729129516218,
-0.997653188111954,0.00518898903013065),(0.,0.,-1.),(0.747268614967242,
-0.664522096761982,0.),(0.960985156047518,-0.276599945510348,0.),(0.,0.,
-1.),(0.383653434681727,-0.923477147555322,0.),(0.747268614967242,-0.664522096761982,
0.),(0.,0.,-1.),(-0.977331347967871,-0.211715460652508,0.),(-0.810934022337212,
-0.585137600412065,0.),(-0.810934022337212,-0.585137600412065,0.),(0.,0.,
-1.),(-0.499594436832879,-0.866259429204461,0.),(0.,0.,-1.),(-0.499594436832879,
-0.866259429204461,0.),(-0.0682729664728455,-0.997653184006617,0.00518907414261502),
(0.182522954597099,0.983201592271466,0.),(-0.00746390748134607,0.456996812917917,
-0.889437014671627),(-0.217970958240506,0.97595525582053,0.),(0.556048894392509,
0.831149581630688,0.),(0.860298702876114,0.509790292011996,0.),(0.328944277846622,
0.325471768533189,-0.886489588184679),(0.182522954597099,0.983201592271466,
0.),(0.556048894392509,0.831149581630688,0.),(0.170683933681386,0.413066070095191,
-0.894563254621585),(-0.217970958240506,0.97595525582053,0.),(-0.195169707116463,
0.406520095284867,-0.892552630130939),(-0.629619981167008,0.776903262520667,
0.),(-0.965697895707395,0.259668200260081,0.),(-0.460167604240278,0.121666210856451,
-0.879456143956932),(-0.999999999999229,-1.24157968552415E-6,0.),(-0.478791075392685,
0.,-0.877928873043824),(0.996664679050583,0.0816058670255909,0.),(0.45719152085348,
0.147885718944318,-0.876986731594044),(0.860298702876114,0.509790292011996,
0.),(0.931797757638435,-0.362977876543439,0.),(0.47374855486392,-0.0738467459718277,
-0.877558525041903),(0.996664679050583,0.0816058670255909,0.),(-0.629619981167008,
0.776903262520667,0.),(-0.368943852922664,0.29062226559238,-0.882847173712716),
(-0.911165852282088,0.412039791324886,0.),(-0.995754882840848,-0.0920446266688579,
0.),(-0.478378826273554,-0.041488557805861,-0.877172957941777),(-0.977338660853404,
-0.211681699731635,0.),(-0.434460965080762,-0.193552122792265,-0.879648364736558),
(-0.810927652410447,-0.585146428303276,0.),(-0.229144612104879,0.973392390941754,
0.),(-0.106463270116017,0.437381154137278,-0.892952013336521),(0.112872176483607,
0.993609516749841,0.),(0.0512852087221165,0.453198029581635,-0.88993335331903),
(-0.390915834976254,0.920426428328098,0.),(-0.25541481069438,0.372440669148429,
-0.892217026536831),(-0.747741999660856,0.663989383908496,0.),(0.97328882187891,
0.229584122285411,0.),(0.463283526460881,0.109428384415262,-0.879428111214462),
(0.994168235281731,-0.107840252024967,0.),(0.474213796666677,-0.0523934295368213,
-0.878849363424896),(0.921392721964139,0.388632798296175,0.),(0.38260313444834,
0.274772222545933,-0.882108308104778),(0.671117060196521,0.741351395434836,
0.),(-0.988123926647419,0.153659056312625,0.),(-0.471589294189623,0.0725981297638348,
-0.87882481141609),(0.671117060196521,0.741351395434836,0.),(0.21759429109262,
0.395058358638327,-0.892514211513683),(0.283074011810098,0.95909806789386,
0.),(-0.747741999660856,0.663989383908496,0.),(-0.415167522298632,0.22672061304163,
-0.88104125445432),(-0.961167185317089,0.275966740513463,0.),(-0.810927652410447,
-0.585146428303276,0.),(-0.291747151052734,-0.344330660454272,-0.892367635071856),
(-0.499588920102286,-0.866262610823664,0.),(-0.499588920102286,-0.866262610823664,
0.),(-0.152199136267662,-0.414107420251519,-0.897413208846409),(-0.147867974978946,
-0.98900710916334,0.),(0.747268614967242,-0.664522096761982,0.),(0.414984845210803,
-0.226978963827344,-0.881060797121987),(0.960985156047518,-0.276599945510348,
0.),(0.383653434681727,-0.923477147555322,0.),(0.254536770132464,-0.373617742957756,
-0.891975792719559),(0.747268614967242,-0.664522096761982,0.),(-0.0324031457410969,
-0.999474864939918,0.000174640815914206),(-0.0139279386692033,-0.456976633919282,
-0.889369646759),(0.236413966608184,-0.971652425712294,0.),(0.108449708663665,
-0.437441609785301,-0.892683313790065),(-0.995761168669181,-0.0919766001251738,
0.),(-0.478375367489641,-0.0414552486042398,-0.87717641905281),(-0.977331347967871,
-0.211715460652508,0.),(-0.434461420029357,-0.193557474427918,-0.879646962479358),
(-0.810934022337212,-0.585137600412065,0.),(0.973281855807214,0.229613651938351,
0.),(0.463277131784535,0.109440391533313,-0.879429985767218),(0.994169736129307,
-0.10782641496676,0.),(0.474202408738441,-0.0523861073301407,-0.878855944569675),
(0.921392721964139,0.388632798296175,0.),(0.38259958124228,0.274771487575217,
-0.882110078192588),(0.671110885297888,0.741356985287577,0.),(-0.229144612104879,
0.973392390941754,0.),(-0.106463120095939,0.437382118429711,-0.892951558897444),
(0.112874020217772,0.993609307303368,0.),(0.0512863339884096,0.453197477238374,
-0.889933569751587),(-0.390915834976254,0.920426428328098,0.),(-0.255417003021578,
0.37243899305865,-0.892217098590323),(-0.747748000914532,0.663982625622328,
0.),(-0.988110771615698,0.153743627565597,0.),(-0.471588070443363,0.0726371409290172,
-0.87882224458258),(0.671110885297888,0.741356985287577,0.),(0.217593324995313,
0.395058070511096,-0.892514574582138),(0.28307757119846,0.959097017347245,
0.),(-0.747748000914532,0.663982625622328,0.),(-0.415169042368025,0.226720566715274,
-0.881040550081279),(-0.961167185317089,0.275966740513463,0.),(-0.810934022337212,
-0.585137600412065,0.),(-0.29175089359219,-0.344329089706465,-0.892367017583055),
(-0.499594436832879,-0.866259429204461,0.),(-0.499594436832879,-0.866259429204461,
0.),(-0.152200961089153,-0.414107846043329,-0.897412702879167),(-0.147870900439226,
-0.989006671768847,0.),(0.383658026845523,-0.923475239753075,0.),(0.254535714415468,
-0.37361751771047,-0.891976188329528),(0.747262613820172,-0.664528845112568,
0.),(-0.0324061039539735,-0.999474769029293,0.000174643537283317),(-0.0139292113261588,
-0.456976625817206,-0.88936963099071),(0.236414943551069,-0.971652188010579,
0.),(0.108450271455304,-0.437440514795952,-0.892683781994679),(0.747262613820172,
-0.664528845112568,0.),(0.414977159660074,-0.226983466246319,-0.881063257099775),
(0.960976070899796,-0.276631507890896,0.),(0.182519323615909,0.983202266325089,
0.),(0.556055550830189,0.831145128356615,0.),(0.170684350735642,0.41306509711208,
-0.89456362432291),(-0.217972037798251,0.975955014710247,0.),(-0.195169973223041,
0.406518753583999,-0.892553183029801),(-0.629618560487771,0.776904413869111,
0.),(0.182519323615909,0.983202266325089,0.),(-0.00746490195841206,0.456996809525358,
-0.889437008068809),(-0.217972037798251,0.975955014710247,0.),(0.860292293291452,
0.509801108377899,0.),(0.328944239264144,0.325472652615554,-0.886489277912784),
(0.556055550830189,0.831145128356615,0.),(0.9966655659771,0.0815950341353433,
0.),(0.457189605092222,0.147886010363544,-0.876987681175951),(0.860292293291452,
0.509801108377899,0.),(-0.99999999999923,-1.24120581126899E-6,0.),(-0.478786951093822,
0.,-0.877931122276665),(-0.965700187920977,0.259659675439585,0.),(-0.460160948792667,
0.121660823365524,-0.879460371628111),(-0.629618560487771,0.776904413869111,
0.),(-0.368938508910225,0.290621196167715,-0.882849759008375),(-0.911160465138767,
0.412051703998546,0.),(0.149158051756855,-0.988813367423853,0.),(0.0667133469029815,
-0.451594578101565,-0.889725612969679),(-0.244778216423392,-0.969579096703607,
0.),(-0.641862057438817,-0.766820121815024,0.),(-0.203763705805258,-0.401846130543701,
-0.892748586984916),(-0.113543489729233,-0.993533027100814,0.),(-0.0495283314832643,
-0.455233987111404,-0.888993229085091),(-0.910595738039798,-0.413298199686082,
0.),(-0.370868930711365,-0.288443165106071,-0.882755219036739),(-0.641862057438817,
-0.766820121815024,0.),(-0.965521972506358,-0.260321571536882,0.),(-0.460189532530785,
-0.121904995067769,-0.879411602337963),(0.931795828875499,-0.36298282781727,
0.),(0.473749261033419,-0.0738505074512794,-0.877557827279478),(0.9966655659771,
0.0815950341353433,0.),(0.672983203513835,-0.739657763961318,0.),(0.387459769855948,
-0.26848769963695,-0.881923625880855),(0.931795828875499,-0.36298282781727,
0.),(0.672983203513835,-0.739657763961318,0.),(0.276086846394916,-0.961132692840957,
0.),(0.216326450580281,-0.396323146946789,-0.892261637622918),(-0.965521477689978,
-0.260323406783489,0.),(-0.460196517092889,-0.121907264641337,-0.879407632718321),
(-0.999999999999229,-1.24150491124984E-6,0.),(-0.478791075392723,0.,-0.877928873043803),
(-0.910604327232203,-0.413279275098556,0.),(-0.37087516509609,-0.28844094801233,
-0.882753324221833),(-0.641868244947394,-0.766814942556646,0.),(0.149154394471494,
-0.988813919101993,0.),(0.0667115818717622,-0.451595336308209,-0.889725360473019),
(-0.113541906028201,-0.993533208088931,0.),(-0.0495279595949727,-0.455233592577813,
-0.888993451835871),(0.276079736581476,-0.961134735117352,0.),(0.216326417252158,
-0.396322214752806,-0.892262059762868),(0.67298901802785,-0.739652473540047,
0.),(-0.641868244947394,-0.766814942556646,0.),(-0.20376355879753,-0.401845489075659,
-0.892748909277244),(-0.244775125386399,-0.969579877056075,0.),(0.931799686382856,
-0.362972925239352,0.),(0.473751204559688,-0.0738457812269667,-0.877557175785842),
(0.996664679050583,0.0816058670255909,0.),(0.67298901802785,-0.739652473540047,
0.),(0.387462059285352,-0.26848456878209,-0.881923573185483),(0.931799686382856,
-0.362972925239352,0.),(0.182525133254291,0.983201187819921,0.),(-0.0074636729216737,
0.456996813718028,-0.889437016228855),(-0.217972037798251,0.975955014710247,
0.),(0.556049633990587,0.831149086830356,0.),(0.170684465249721,0.413067285521511,
-0.894562591971242),(0.182525133254291,0.983201187819921,0.),(-0.217972037798251,
0.975955014710247,0.),(-0.195169599363879,0.406520994507668,-0.892552244134),
(-0.629618560487771,0.776904413869111,0.),(-0.629618560487771,0.776904413869111,
0.),(-0.911164774860777,0.412042173876545,0.),(-0.368944342402982,0.290624062970231,
-0.882846377481103),(-0.96569835415255,0.259666495310921,0.),(-0.460168143622122,
0.121664926691325,-0.879456039383757),(0.8602974209624,0.509792455304552,
0.),(0.328946098512256,0.325474677513555,-0.886487844570365),(0.556049633990587,
0.831149086830356,0.),(0.8602974209624,0.509792455304552,0.),(0.996664679050583,
0.0816058670255909,0.),(0.457194412330049,0.147886668708175,-0.876985064041902),
(-0.965520170494282,-0.260328255033318,0.),(-0.460196109331295,-0.12190970891307,
-0.879407507262173),(0.14915397975146,-0.988813981658988,0.),(0.0667115210687164,
-0.45159506394819,-0.889725503272963),(-0.113542884908187,-0.99353309622112,
0.),(-0.0495282996398527,-0.455233678958191,-0.88899338865763),(0.27607929222975,
-0.9611348627544,0.),(0.216326767661477,-0.396320650376095,-0.8922626696655),
(0.672991925307087,-0.739649828277855,0.),(-0.641866698062977,-0.766816237385288,
0.),(-0.203763772722602,-0.401846113286967,-0.892748579479133),(-0.244776670895158,
-0.969579486883609,0.),(-0.641866698062977,-0.766816237385288,0.),(-0.910602716776236,
-0.413282823499523,0.),(-0.370874623396871,-0.288442135087039,-0.882753163929),
(0.672991925307087,-0.739649828277855,0.),(0.387460646552251,-0.268483705463635,
-0.881924456670654),(0.931797757638435,-0.362977876543439,0.),(0.000500209269547293,
0.426049070118602,-0.9046999169016),(0.351340671001864,0.281922229376569,
-0.892793139245204),(0.467380827687309,-0.00150951875908729,-0.884054796527592),
(0.354603423247162,-0.280006978022067,-0.892105657688787),(-6.50168021904669E-6,
-0.426414850589442,-0.904527708339834),(-0.35325274624283,-0.280355607902152,
-0.892531921216106),(-0.463539664542177,0.,-0.886076170199858),(-0.353355452434388,
0.281067084039834,-0.892267459063836),(-0.478791075392729,0.,-0.877928873043981),
(-0.235704189109111,0.444133229745811,-0.864401069800339),(0.235704189109117,
0.44413322974581,-0.864401069800338),(0.478791075392781,0.,-0.877928873043952),
(0.235704189109229,-0.444133229745804,-0.864401069800311),(-0.235704189109189,
-0.444133229745809,-0.864401069800319),(0.000500060457166881,0.426048518173943,
-0.904700176910189),(0.351338887370893,0.281922928031849,-0.892793620536645),
(0.467378771088761,-0.00150976076549807,-0.884055883390858),(0.354602243088138,
-0.280007974653173,-0.892105813974715),(-7.0890486962959E-6,-0.426414564260999,
-0.90452784331708),(-0.353252707806845,-0.280357484536224,-0.892531346951832),
(-0.46353921253727,0.,-0.886076406660424),(-0.353355039867939,0.281068049147342,
-0.8922673184357),(-0.478790559852116,0.,-0.877929154201236),(-0.235705355308567,
0.444133100481527,-0.864400818217757),(0.235705355308562,0.444133100481528,
-0.864400818217758),(0.478790559852104,0.,-0.877929154201242),(0.23570535530864,
-0.444133100481526,-0.864400818217738),(-0.235705355308645,-0.444133100481525,
-0.864400818217737),(0.000497385485443817,0.426047806422521,-0.904700513568019),
(0.351336534682448,0.281924117326235,-0.89279417082951),(0.467376775030186,
-0.00151093095123757,-0.884056936656256),(0.354601586563229,-0.280010603447904,
-0.892105249824023),(-8.87599552751248E-6,-0.426414738897427,-0.904527760973789),
(-0.353251183216044,-0.280359618664939,-0.892531280000043),(-0.463536150380126,
0.,-0.886078008580901),(-0.353353291223977,0.281069549689328,-0.892267538252189),
(-0.478795199752012,0.,-0.877926623753051),(-0.235710408968802,0.444132540314146,
-0.864399727983451),(0.235704189109117,0.44413322974581,-0.864401069800338),
(0.478786951094158,0.,-0.877931122276662),(0.235704189109229,-0.444133229745804,
-0.864401069800311),(-0.23571040896888,-0.444132540314144,-0.864399727983431),
(-0.468627701512004,0.00181012631650361,-0.883393910335754),(-0.354449601198068,
0.279702429781666,-0.892262310637831),(-0.00109936380010405,0.426515678364278,
-0.904479500878099),(0.353164820554629,0.280010416470822,-0.892675067530427),
(0.466811730948626,-0.00285186113787638,-0.884352121463389),(0.35449065523862,
-0.279675608041751,-0.892254408571328),(-0.00274873164810008,-0.427160185622794,
-0.904171786937099),(-0.350550590154745,-0.284130760453424,-0.892403493217233),
(-0.478791075392654,0.,-0.877928873043845),(-0.23571190336046,0.444136074397496,
-0.864397504642957),(0.235711903360466,0.444136074397495,-0.864397504642956),
(0.478791075392707,0.,-0.877928873043816),(0.23571620511611,-0.444120798974469,
-0.864404180093976),(-0.235716205116104,-0.44412079897447,-0.864404180093977),
(-0.468629203991007,0.00180946003345339,-0.883393114655725),(-0.354450993110155,
0.279705481435443,-0.892260801076788),(-0.00110156784622828,0.426515064424868,
-0.904479787705027),(0.353162201480534,0.280013008819371,-0.892675290538136),
(0.466805969413573,-0.00285055557983277,-0.88435516691697),(0.35448707374447,
-0.279678747598128,-0.892254847389481),(-0.00275123851641654,-0.427159610799908,
-0.904172050877429),(-0.350553968741564,-0.284134002393715,-0.892401133842437),
(-0.478795199751937,0.,-0.877926623752915),(-0.235718123399766,0.444135384916286,
-0.86439616274377),(0.235711903360466,0.444136074397495,-0.864397504642956),
(0.478786951094084,0.,-0.877931122276526),(0.23571620511611,-0.444120798974469,
-0.864404180093976),(-0.23572242525557,-0.444120109491808,-0.864402838135448)),
$,(801,801,791,784,803,803,793,793,793,792,792,792,802,802,800,800,779,
779,779,779,779,779,783,799,799,788,788,788,780,760,760,760,758,758,758,
767,757,757,757,770,764,764,764,759,759,759,771,762,762,762,761,761,761,
773,773,773,778,772,772,772,763,763,763,769,769,769,775,775,774,774,768,
768,768,782,782,781,781,787,787,787,786,786,786,777,777,777,795,795,795,
785,785,785,776,776,776,794,794,794,798,798,748,748,748,754,754,750,750,
752,752,752,756,756,756,807,807,807,766,766,766,790,790,790,846,846,846,
811,811,815,815,815,819,819,745,745,747,747,747,744,744,814,814,814,806,
806,806,810,810,789,789,789,765,765,765,818,818,845,845,845,895,895,907,
907,1050,1050,1050,908,908,753,753,755,755,755,751,751,751,749,749,896,
651,651,685,685,681,681,665,665,665,673,673,673,690,690,602,602,602,636,
636,939,939,939,939,1083,1083,1083,1259,1259,1259,1052,1052,1049,1049,1049,
911,911,1013,1013,1002,1002,940,940,940,967,967,941,941,941,971,971,985,
985,985,992,992,992,938,938,938,937,937,937,926,926,928,928,923,923,923,
917,917,1319,1319,1091,1091,1084,1084,1084,1085,1085,1085,1044,1044,1024,
1024,1024,1032,1032,1032,1040,1040,1258,1258,1258,1261,1261,1250,1250,1220,
1220,1096,1096,1001,1001,991,991,991,984,984,984,970,970,966,966,1235,1235,
1236,1236,1331,1331,1331,1330,1330,1330,1320,1260,1260,691,691,603,603,
603,694,694,740,740,733,733,531,531,692,692,698,698,696,696,599,599,534,
534,534,562,562,562,595,595,582,582,571,571,571,580,580,580,1051,1051,1039,
1039,1031,1031,1031,1023,1023,1023,1012,1012,909,909,746,746,735,735,736,
736,604,604,624,624,624,608,608,616,616,616,530,530,472,472,304,304,304,
533,533,533,535,535,536,536,543,543,543,558,558,558,549,549,549,545,545,
545,526,526,473,473,476,476,519,519,532,532,521,521,522,522,915,915,913,
913,232,232,303,303,303,226,226,226,231,231,261,261,261,293,293,294,294,
281,281,270,270,270,279,279,279,474,474,480,480,478,478,418,418,433,433,
172,172,225,225,225,235,235,242,242,242,257,257,257,248,248,248,244,244,
244,227,227,176,176,183,183,233,233,220,220,221,221,173,173,167,167,166,
166,174,174,180,180,178,178,154,154,168,168,137,137,142,142,134,134,25,
25,25,234,234,1092,1092,1100,1100,1219,1219,1202,1202,978,978,979,979,1110,
1110,1122,1122,1093,1093,977,977,1087,1087,1087,965,965,962,962,960,960,
386,386,390,390,398,398,398,406,406,406,135,135,123,123,1419,1419,1420,
1420,1406,1406,1406,1423,1423,1405,1405,1405,1435,1435,1436,1436,1237,1237,
1421,1421,1440,1440,1430,1430,1403,1403,1361,1361,1361,1404,1404,1383,1383,
1372,1372,1372,1381,1381,1381,1456,1456,1456,1455,1455,1455,1565,1565,1443,
1443,1206,1206,1210,1210,1333,1333,1340,1340,1340,1357,1357,1357,1348,1348,
1348,1342,1342,1342,124,124,125,125,1332,1332,1256,1256,1256,1252,1252,
1252,1255,1255,1255,1251,1251,1251,1253,1253,1253,1249,1249,1247,1247,1247,
1254,1254,1254,1246,1246,1238,1238,1243,1243,1243,1240,1240,1240,1245,1245,
1245,1054,1054,1053,1053,1033,1033,1033,1043,1043,1062,1062,1056,1056,1057,
1057,1058,1058,1058,1055,1055,1059,1059,1059,1061,1061,1064,1064,1063,1063,
1063,1065,1065,1065,1067,1067,1069,1069,1069,1072,1072,1072,114,114,114,
113,113,113,101,101,101,102,102,102,117,117,117,5,5,11,11,98,98,97,97,96,
96,95,95,104,104,106,106,4,4,1478,1478,1471,1471,1470,1470,1458,1458,1458,
1477,1477,1476,1476,1475,1475,1475,1461,1461,1463,1463,1467,1467,1467,1468,
1468,1468,1578,1578,1577,1577,94,94,100,100,100,145,145,127,127,131,131,
99,99,99,3,3,121,121,122,122,133,133,112,112,112,132,132,111,111,111,153,
153,296,296,159,159,310,310,310,295,295,301,301,1474,1474,1474,1483,1483,
1483,1457,1457,1457,1451,1451,1445,1445,1445,1465,1465,1484,1484,1484,1466,
1466,291,291,291,292,292,292,594,594,592,592,592,593,593,593,600,1401,1401,
1401,1402,1402,1402,591,591,590,590,588,588,588,589,589,589,576,576,576,
573,573,573,586,586,578,578,578,584,584,575,575,575,551,551,551,552,552,
552,542,542,542,541,541,541,539,539,467,467,463,463,447,447,447,455,455,
455,540,540,547,547,547,567,567,560,560,554,554,554,538,538,538,537,537,
537,563,563,563,559,559,559,587,587,583,583,574,574,574,568,568,550,550,
550,585,585,579,579,579,544,544,544,546,546,546,555,555,555,561,561,581,
581,581,548,548,548,572,572,572,290,290,289,289,287,287,287,288,288,288,
274,274,274,275,275,275,272,272,272,285,285,277,277,277,283,283,251,251,
251,250,250,250,241,241,241,240,240,240,238,238,239,239,246,246,246,266,
266,259,259,253,253,253,236,236,236,237,237,237,262,262,262,258,258,258,
271,271,271,286,286,282,282,273,273,273,284,284,249,249,249,278,278,278,
245,245,245,243,243,243,260,260,267,267,254,254,254,280,280,280,247,247,
247,1400,1400,1399,1399,1391,1391,1391,1392,1392,1392,1376,1376,1376,1377,
1377,1377,1374,1374,1374,1387,1387,1379,1379,1379,1385,1385,1351,1351,1351,
1350,1350,1350,1338,1338,1338,1339,1339,1339,1336,1336,1337,1337,1346,1346,
1346,1366,1366,1359,1359,1353,1353,1353,1335,1335,1335,1334,1334,1334,1362,
1362,1362,1349,1349,1349,1358,1358,1358,1373,1373,1373,1388,1388,1382,1382,
1382,1384,1384,1380,1380,1380,1367,1367,1375,1375,1375,1386,1386,1341,1341,
1341,1343,1343,1343,1360,1360,1354,1354,1354,1347,1347,1347,263,255,252,
256,265,269,276,268,264,264,264,264,264,264,564,556,553,557,566,570,577,
569,565,565,565,565,565,565,1363,1355,1352,1356,1365,1371,1378,1370,1364,
1364,1364,1364,1364,1364,1066,1066,1068,1068,1070,1070,1070,1097,1097,1073,
1073,1073,1221,1221,1047,1047,1046,1046,1060,1060,1048,1048,1098,1098,1071,
1071,1071,1086,1086,1086,1222,1222,1242,1242,1512,1045,1045,1045,897,897,
1014,1014,1014,999,999,999,1025,1025,1025,1015,1015,1015,1034,1034,1034,
1026,1026,1026,1239,1239,1248,1248,1244,1244,1244,1241,1241,1241,1257,1257,
1263,1263,1262,1262,1265,1265,1264,1264,1264,1321,1321,1511,1511,981,981,
981,989,989,989,1000,1000,1000,980,980,980,988,988,988,161,161,947,947,
945,945,949,949,1078,1078,1078,1078,975,975,1079,1079,964,964,964,955,955,
162,162,175,175,922,922,922,910,910,916,916,905,905,742,742,693,693,688,
688,528,528,475,475,470,470,229,229,959,959,953,953,953,81,80,80,601,601,
958,958,950,950,957,957,952,952,952,943,943,936,936,936,948,948,946,946,
935,935,934,934,951,951,933,933,1082,1082,1082,1077,1077,1077,1101,1101,
1101,1095,1095,1095,1103,1103,1103,976,976,956,956,963,963,963,954,954,
1090,1090,1081,1081,1081,1089,1089,932,932,932,944,944,944,942,942,961,
961,1080,1080,974,974,1088,1088,157,157,904,904,741,741,687,687,527,527,
525,525,469,469,228,228,224,224,177,177,169,169,163,163,155,155,164,164,
170,170,1099,1099,1111,1111,931,931,931,912,912,924,924,924,927,927,920,
920,914,914,918,918,929,929,925,925,925,906,906,743,743,1138,1138,1138,
1120,1120,1114,1114,1116,1116,1160,1160,1119,1119,1117,1117,1118,1118,1142,
1142,1162,1162,1161,1161,1151,1151,1151,1144,1144,1109,1109,1108,1108,1159,
1159,1199,1199,1199,1193,1193,1107,1107,1123,1123,1217,1217,1217,1207,1207,
1207,1155,1155,1158,1158,1158,1125,1125,1127,1127,1130,1130,1130,1233,1233,
1414,1414,1230,1230,1128,1128,1132,1132,1132,1134,1134,1184,1184,1190,1190,
1212,1212,1212,1147,1147,1167,1167,1167,1135,1135,1136,1136,1180,1180,1166,
1166,1137,1137,1163,1163,1133,1133,1133,1131,1131,1131,1182,1182,1164,1164,
1129,1129,1165,1165,1165,1124,1124,1189,1189,1189,1126,1126,1148,1148,1505,
1171,1171,1186,1186,1188,1188,1188,1196,1196,1183,1183,930,930,921,921,
919,919,1181,1181,1201,1201,1187,1187,1170,1170,1169,1169,1195,1195,1177,
1177,1177,1208,1208,1208,1211,1211,1211,1209,1209,1218,1218,1218,74,734,
734,720,720,729,729,729,732,732,701,701,728,728,728,724,724,706,706,706,
718,718,718,725,725,723,723,722,722,709,709,711,711,717,717,1473,1473,1444,
1444,1486,1486,1450,1450,1533,1520,1527,1531,1460,1460,1460,1492,1492,1464,
1464,1462,1462,1491,1491,1232,1232,1234,1234,1231,1231,1418,1418,1416,1416,
1417,1417,1422,1422,1431,1431,739,739,695,695,738,738,738,737,737,737,705,
705,705,699,699,727,727,726,726,716,716,730,730,731,731,719,719,719,715,
715,715,721,721,708,708,708,712,712,713,713,704,704,702,702,710,710,707,
707,707,520,520,506,506,515,515,515,518,518,483,483,514,514,514,510,510,
490,490,490,504,504,504,511,511,509,509,508,508,496,496,503,503,714,714,
714,703,703,697,697,700,700,689,689,529,529,524,524,524,523,523,523,489,
489,481,481,513,513,512,512,502,502,516,516,517,517,505,505,505,501,501,
501,494,494,507,507,492,492,492,497,497,500,500,493,493,486,486,484,484,
495,495,491,491,191,191,218,218,219,219,211,211,214,214,214,217,217,213,
213,213,208,208,194,194,188,188,188,203,203,202,202,202,209,209,207,207,
206,206,201,201,488,488,477,477,498,498,498,499,499,487,487,485,485,482,
482,479,479,471,471,230,230,223,223,223,222,222,222,187,187,187,181,181,
212,212,210,210,200,200,215,215,216,216,204,204,204,199,199,199,192,192,
205,205,190,190,190,195,195,198,198,186,186,184,184,193,193,189,189,189,
89,89,85,85,107,107,50,116,116,116,93,93,84,84,105,105,120,120,126,126,
110,110,65,52,60,88,88,87,87,108,108,115,115,118,118,119,119,92,92,149,
149,140,140,129,129,144,144,144,143,143,143,165,165,103,103,103,171,171,
196,196,197,197,197,185,185,179,179,182,182,91,91,150,150,152,152,83,83,
130,130,138,138,141,141,82,82,49,128,128,148,148,86,86,139,139,158,158,
160,160,156,156,1076,1076,136,136,73,1074,1074,151,151,109,109,147,147,
90,90,51,62,55,146,146,1075,1075,344,344,344,314,314,322,322,322,1121,1121,
1094,1094,1102,1102,1179,1179,1179,1153,1153,1153,876,876,876,857,857,857,
1104,1104,1105,1105,1146,1146,1106,1106,1112,1112,1113,1113,1145,1145,1149,
1149,1115,1115,1140,1140,1143,1143,1141,1141,1139,1139,1194,1194,1200,1200,
1200,1192,1192,1154,1154,1154,1157,1157,1459,1459,1459,1488,1488,1490,1490,
1441,1441,1442,1442,1469,1469,1469,1432,1432,1426,1426,1426,1449,1449,1453,
1453,1447,1447,1437,1437,1482,1482,1487,1487,1481,1481,1427,1427,1427,1438,
1438,1415,1415,1191,1191,1175,1175,1150,1150,1150,1168,1168,1197,1197,1198,
1198,1205,1205,1227,1227,1229,1229,1283,1283,1283,1216,1216,1216,1185,1185,
1413,1413,1411,1411,1345,1345,1304,1304,1310,1310,1291,1291,1291,1228,1228,
1412,1412,1172,1172,1204,1204,1203,1203,1174,1174,1174,1215,1215,1215,1173,
1173,1173,1176,1176,1214,1214,1226,1226,1279,1279,1213,1213,1290,1290,1290,
1225,1225,1278,1278,1282,1282,1282,1368,1368,1368,1309,1309,1303,1303,1344,
1344,1439,1439,1425,1425,1425,1369,1369,1369,1424,1424,1424,1389,1389,1389,
1472,1472,1434,1434,1434,1485,1485,1410,1410,1394,1394,1398,1398,1390,1390,
1390,1446,1446,1446,1433,1433,1433,1489,1489,1452,1452,1454,1454,1448,1448,
1409,1409,1397,1397,1393,1393,1276,1276,1276,1277,1277,1277,1396,1396,1396,
1395,1395,1395,1496,1496,1495,1495,1515,1515,1516,1516,1514,1514,1513,1513,
1576,1576,1532,1494,1494,1494,1493,1493,1493,1429,1429,1428,1428,1407,1407,
1480,1480,1480,1408,1408,1504,1479,1479,1479,1329,1329,1329,1326,1326,1328,
1328,1328,1530,1522,1517,1224,1224,1295,1295,1302,1302,1314,1314,1314,1178,
1178,1178,1156,1156,1223,1223,1041,1041,1152,1152,1152,1267,1267,1267,1294,
1294,1287,1287,1287,1266,1266,1266,1268,1268,903,903,884,884,884,902,902,
1003,1003,1037,1037,1027,1027,1027,1010,1010,1020,1020,1020,313,313,321,
321,321,309,309,309,343,343,343,361,361,361,856,856,856,833,833,833,875,
875,875,371,371,371,360,360,360,825,825,825,832,832,832,385,385,370,370,
370,883,883,883,824,824,824,797,797,886,886,886,860,860,860,873,873,873,
869,869,869,805,805,805,809,809,828,828,834,834,834,849,849,849,838,838,
838,901,901,901,888,888,890,890,890,892,892,899,899,900,900,900,894,968,
968,968,982,982,982,993,993,993,373,373,373,336,336,356,356,356,345,345,
351,351,351,317,317,317,330,330,330,323,323,323,375,375,377,377,377,379,
379,381,381,383,383,383,298,298,298,297,297,297,299,299,300,300,302,302,
305,305,305,306,306,306,308,308,307,307,312,312,312,311,311,311,315,315,
316,316,325,325,325,319,319,319,329,329,329,332,332,332,328,328,328,66,
66,354,354,354,355,355,355,338,338,338,369,369,369,368,368,368,400,400,
400,596,596,422,422,422,414,414,414,372,372,372,358,358,358,349,349,349,
374,374,392,392,392,362,362,366,366,364,364,376,376,376,378,378,380,380,
382,382,382,384,384,388,388,388,598,598,431,431,420,420,408,408,408,396,
396,396,339,339,339,350,350,350,326,326,326,333,333,333,346,346,331,331,
331,337,337,363,363,365,365,367,367,320,320,320,318,318,318,357,357,357,
359,359,359,352,352,352,324,324,324,796,796,804,804,804,649,649,597,465,
465,461,461,606,606,606,443,443,443,451,451,451,638,638,626,626,626,614,
614,614,808,808,683,683,679,679,669,669,669,661,661,661,812,812,813,813,
816,816,816,817,817,817,821,821,820,820,822,822,822,823,823,823,826,826,
826,827,827,827,836,836,836,830,830,841,841,841,842,842,842,843,843,843,
677,677,866,866,866,865,865,865,893,893,881,881,881,882,882,882,867,867,
867,851,851,858,858,885,885,885,887,887,877,877,879,879,871,871,871,889,
889,889,891,891,898,898,880,880,878,878,874,874,874,859,859,872,872,872,
868,868,868,844,844,844,852,852,829,829,831,831,870,870,870,861,861,861,
839,839,839,835,835,835,837,837,837,850,850,850,864,862,853,847,840,848,
855,863,854,854,854,854,854,854,340,334,327,335,342,348,353,347,341,341,
341,341,341,341,1519,1510,1518,1518,45,45,45,79,57,46,46,1506,1506,75,75,
1507,1521,1529,1529,76,48,54,54,1508,77,44,78,1509,1524,59,21,29,27,40,
40,15,19,19,35,35,24,24,43,10,8,22,22,12,32,32,31,31,18,18,7,9,26,26,41,
6,2,1549,1544,1544,1554,1554,1540,1559,1550,1546,1543,1543,1535,1535,1562,
1562,1564,1564,1573,1568,1572,1548,1548,1552,1552,1551,1551,1563,1563,1569,
1579,1566,1526,1545,1545,1575,1547,1547,1571,1567,1574,1574,1561,1318,1324,
1324,1324,1322,1322,1570,1570,1497,1497,1553,1555,1542,1542,1538,1528,1528,
1534,1558,1558,1539,1560,1560,1502,1501,1523,1503,1503,71,70,72,72,1557,
1557,1541,1556,1556,1556,1500,1499,1525,68,69,1498,1537,1537,67,1317,1317,
1536,1536,1536,53,53,39,39,34,34,61,58,64,33,38,38,28,28,42,23,30,37,47,
47,20,20,14,17,13,56,36,36,16,16,63,63,1,1,1005,1005,1005,640,640,640,997,
997,997,986,986,986,972,972,972,659,659,659,671,671,671,1284,1284,1284,
1298,1298,1298,1035,1035,1311,1311,1311,1018,1018,1018,1029,1029,1029,441,
441,441,459,459,453,453,453,610,610,610,632,632,632,618,618,618,416,416,
394,394,394,402,402,402,1301,1301,1308,1308,1308,1306,1306,1306,1293,1293,
1293,1297,1297,1289,1289,1289,1313,1313,1313,1286,1286,1286,1269,1269,1288,
1288,1288,1275,1275,1275,1271,1271,1271,1273,1273,1327,1327,1307,1307,1307,
1316,1316,1316,1325,1325,1325,1323,1323,1305,1305,1305,1300,1300,1312,1312,
1312,1296,1296,1292,1292,1292,1285,1285,1285,1299,1299,1299,1281,1281,1270,
1270,1270,1272,1272,1274,1274,1274,1280,1280,1315,1315,1315,634,634,675,
675,675,667,667,667,653,653,653,612,612,612,620,620,620,457,457,457,449,
449,449,435,435,435,1006,1006,1006,987,987,987,998,998,998,1019,1019,1019,
1036,1036,1042,1042,973,973,973,969,969,969,1030,1030,1030,686,686,676,
676,676,652,652,637,637,666,666,666,609,609,605,605,617,617,617,682,682,
625,625,625,674,674,674,668,668,668,654,654,654,613,613,613,621,621,621,
648,648,635,635,468,468,458,458,458,391,391,387,387,399,399,399,434,434,
419,419,448,448,448,464,464,407,407,407,456,456,456,450,450,450,436,436,
436,403,403,403,430,430,417,417,395,395,395,415,415,415,442,442,442,423,
423,423,401,401,401,393,393,393,466,466,460,460,454,454,454,421,421,444,
444,444,432,432,452,452,452,462,462,389,389,389,397,397,397,409,409,409,
680,680,684,684,670,670,670,639,639,650,650,627,627,627,662,662,662,607,
607,607,615,615,615,641,641,641,633,633,633,660,660,660,672,672,672,678,
678,619,619,619,611,611,611,1038,1038,1004,1004,1011,1011,994,994,994,1021,
1021,1021,1028,1028,1028,983,983,983,642,628,622,629,644,656,663,655,643,
643,643,643,643,643,1007,995,990,996,1009,1017,1022,1016,1008,1008,1008,
1008,1008,1008,424,410,404,411,426,438,445,437,425,425,425,425,425,425,
664,657,645,630,623,631,647,658,646,646,646,646,646,646,446,439,427,412,
405,413,429,440,428,428,428,428,428,428),((1,3,4),(1,5,3),(4,7,1),(2,9,
11),(14,6,2),(11,15,2),(2,15,14),(4,3,17),(23,3,24),(17,3,23),(3,5,24),
(26,7,4),(4,29,26),(22,29,4),(10,8,28),(30,34,36),(37,33,32),(36,40,30),
(40,41,30),(44,31,43),(32,46,37),(47,36,34),(34,48,47),(51,49,35),(35,39,
51),(40,36,20),(20,36,47),(54,41,40),(40,57,54),(19,57,40),(42,56,58),(58,
62,42),(43,63,44),(64,29,47),(64,67,29),(47,48,64),(65,50,52),(69,68,66),
(52,72,65),(66,73,69),(47,29,21),(67,74,29),(29,74,26),(76,75,68),(68,69,
76),(79,27,75),(28,80,10),(75,76,79),(81,57,23),(81,85,57),(23,87,81),(90,
82,89),(94,84,83),(83,92,94),(23,57,18),(57,85,54),(24,87,23),(96,88,25),
(89,98,90),(59,55,86),(86,95,59),(25,6,14),(14,99,25),(25,99,96),(101,60,
93),(101,61,60),(38,45,101),(101,45,61),(104,53,38),(101,106,38),(38,106,
108),(38,108,104),(111,71,53),(53,104,111),(111,77,70),(70,71,111),(111,
78,77),(114,12,78),(78,117,121),(78,111,117),(121,114,78),(16,12,114),(114,
100,13),(13,16,114),(123,97,100),(100,126,128),(100,114,126),(128,131,100),
(131,123,100),(91,97,123),(93,91,123),(93,123,101),(133,102,125),(107,103,
135),(139,136,102),(102,133,139),(140,129,127),(127,116,143),(143,147,127),
(127,147,140),(132,130,142),(148,120,119),(151,118,113),(119,153,148),(115,
122,150),(124,132,154),(154,157,124),(125,158,159),(162,125,163),(163,125,
159),(162,166,125),(125,166,133),(142,154,132),(112,105,168),(113,170,151),
(168,171,112),(150,144,115),(174,109,107),(135,176,107),(107,176,174),(105,
110,175),(175,168,105),(146,145,149),(178,149,152),(149,178,146),(152,172,
169),(179,152,169),(181,178,152),(152,183,181),(152,179,185),(152,189,183),
(185,189,152),(169,173,179),(178,141,146),(156,155,178),(155,141,178),(178,
160,156),(179,177,137),(136,139,191),(191,193,136),(196,137,195),(137,196,
179),(179,173,177),(163,198,162),(202,198,163),(163,205,202),(206,165,208),
(159,210,163),(209,164,212),(213,161,201),(199,204,215),(215,217,199),(219,
199,222),(200,221,224),(227,222,199),(199,229,227),(199,232,229),(217,232,
199),(235,239,200),(200,224,235),(201,240,241),(241,243,201),(243,245,201),
(245,248,201),(201,248,213),(166,162,214),(205,250,202),(253,202,250),(254,
202,253),(257,203,256),(204,259,260),(204,262,215),(204,265,262),(260,268,
204),(268,265,204),(205,270,250),(271,207,274),(273,206,275),(206,277,275),
(280,206,208),(206,280,277),(281,211,160),(160,283,281),(286,283,160),(289,
286,160),(291,289,160),(160,178,291),(250,293,253),(295,293,250),(250,297,
295),(250,301,297),(300,251,303),(251,272,304),(304,303,251),(191,306,308),
(306,191,311),(308,193,191),(192,138,313),(313,315,192),(312,192,315),(308,
306,317),(318,307,319),(322,319,307),(307,323,322),(311,324,306),(325,194,
310),(317,327,308),(330,309,329),(325,310,333),(334,309,335),(330,337,309),
(309,341,335),(337,341,309),(314,139,133),(212,343,209),(344,211,345),(211,
347,345),(350,347,211),(353,350,211),(211,281,353),(134,167,355),(355,358,
134),(134,358,359),(133,361,314),(359,362,134),(195,326,363),(195,365,196),
(363,368,195),(368,370,195),(370,365,195),(327,373,376),(317,373,327),(376,
377,327),(380,327,377),(328,382,383),(383,385,328),(329,386,387),(329,390,
330),(329,393,390),(329,396,393),(387,396,329),(375,374,399),(400,373,317),
(376,401,377),(401,376,403),(399,405,375),(404,375,405),(319,407,318),(318,
407,410),(317,411,400),(410,412,318),(413,355,167),(167,415,413),(214,416,
166),(377,401,417),(377,419,380),(422,377,426),(427,378,424),(417,426,377),
(430,420,379),(379,432,430),(433,378,434),(427,436,378),(378,440,434),(436,
440,378),(418,402,442),(445,442,402),(402,446,445),(403,447,401),(448,381,
421),(450,384,381),(381,448,450),(426,452,422),(455,422,452),(457,423,456),
(424,458,459),(424,462,427),(424,465,462),(424,468,465),(459,468,424),(471,
426,417),(473,453,425),(475,425,472),(425,475,473),(442,477,418),(418,477,
480),(417,481,471),(480,482,418),(452,483,485),(483,452,474),(485,487,452),
(452,487,455),(486,484,489),(492,489,484),(484,493,492),(474,494,483),(495,
487,485),(489,497,486),(486,497,500),(500,501,486),(485,502,495),(503,455,
487),(454,504,505),(456,508,457),(505,509,454),(253,510,254),(510,253,512),
(252,294,514),(513,252,516),(514,516,252),(254,510,518),(520,519,511),(512,
522,510),(511,523,524),(511,527,520),(524,527,511),(518,528,254),(530,255,
529),(256,532,257),(533,528,518),(518,535,533),(537,536,519),(519,520,537),
(529,226,530),(529,534,226),(421,431,539),(539,541,421),(541,543,421),(421,
547,448),(543,547,421),(487,549,503),(552,503,549),(504,551,505),(550,488,
496),(553,555,557),(555,553,560),(557,562,553),(566,568,553),(553,562,566),
(561,554,567),(297,557,555),(555,295,297),(569,296,556),(556,572,569),(573,
572,556),(556,575,573),(560,576,555),(577,563,559),(579,558,299),(559,582,
577),(583,558,584),(579,586,558),(558,590,584),(586,590,558),(592,568,566),
(565,564,578),(566,596,592),(598,595,565),(578,598,565),(567,594,600),(600,
561,567),(515,293,295),(602,604,296),(296,569,602),(295,605,515),(606,298,
302),(299,607,608),(299,611,579),(299,614,611),(299,617,614),(608,617,299),
(549,620,552),(622,621,550),(550,496,622),(302,624,606),(303,625,300),(274,
305,271),(305,274,627),(273,275,629),(626,273,629),(627,632,305),(304,634,
303),(636,630,276),(631,637,638),(276,641,636),(639,635,643),(643,635,642),
(638,646,631),(629,648,626),(641,276,649),(276,278,651),(276,653,649),(651,
656,276),(656,653,276),(647,640,633),(634,639,303),(643,303,639),(633,628,
647),(649,659,641),(642,661,643),(663,209,343),(343,665,663),(666,664,344),
(345,669,344),(344,669,666),(671,208,662),(208,671,280),(673,675,663),(663,
665,673),(662,676,671),(675,673,678),(680,677,674),(674,664,666),(674,666,
680),(678,682,675),(676,684,671),(683,679,686),(685,677,680),(686,672,683),
(672,686,687),(686,689,687),(692,690,685),(685,680,692),(687,695,672),(672,
697,701),(695,697,672),(701,279,672),(703,707,552),(552,620,703),(551,708,
505),(709,706,705),(705,713,709),(715,712,704),(704,621,622),(622,715,704),
(708,711,718),(718,720,708),(720,505,708),(722,724,710),(710,714,722),(718,
711,725),(727,724,722),(723,712,715),(722,728,727),(729,723,730),(715,732,
723),(723,732,730),(725,726,734),(734,718,725),(736,739,741),(742,738,737),
(741,745,736),(736,745,748),(748,749,736),(752,737,751),(737,754,742),(752,
754,737),(756,741,739),(739,760,756),(759,738,742),(740,758,762),(746,740,
762),(593,597,757),(757,761,593),(762,758,595),(594,759,742),(742,600,594),
(595,598,762),(764,747,746),(746,762,764),(728,766,727),(766,728,769),(771,
768,729),(730,773,729),(773,775,729),(729,775,771),(734,726,767),(769,777,
766),(767,779,780),(767,780,734),(782,784,787),(788,784,782),(787,792,782),
(782,793,788),(780,794,783),(780,783,791),(786,785,796),(796,785,790),(792,
787,798),(796,800,786),(802,786,800),(798,787,804),(778,770,789),(789,795,
778),(796,790,768),(779,794,780),(768,771,796),(798,805,792),(791,806,807),
(807,780,791),(748,809,749),(810,747,764),(750,811,813),(751,815,752),(818,
815,751),(751,820,818),(820,751,823),(813,825,750),(829,824,750),(750,825,
829),(764,812,810),(830,430,432),(431,832,539),(432,834,830),(833,433,434),
(333,836,325),(838,836,333),(333,842,838),(841,334,335),(844,326,837),(837,
840,844),(326,844,363),(845,577,582),(578,847,598),(582,849,845),(848,583,
584),(839,843,851),(851,853,839),(844,840,854),(335,852,841),(855,853,851),
(851,859,855),(335,858,852),(844,854,857),(856,860,861),(862,858,864),(858,
335,867),(858,869,864),(867,872,858),(872,869,858),(861,874,856),(857,876,
844),(877,875,863),(863,880,877),(864,881,862),(844,876,878),(884,886,879),
(879,882,884),(878,888,889),(450,878,889),(891,844,878),(878,893,891),(878,
450,895),(878,899,893),(895,899,878),(890,887,885),(864,883,881),(885,901,
890),(903,902,883),(883,864,906),(883,906,908),(908,910,883),(883,910,903),
(890,901,913),(913,917,890),(889,918,450),(387,914,902),(902,903,387),(915,
385,383),(387,386,914),(383,916,915),(450,918,384),(919,331,392),(922,391,
395),(392,924,919),(338,332,921),(925,868,336),(927,336,342),(336,927,925),
(929,865,871),(932,907,866),(866,931,932),(873,868,925),(934,394,398),(395,
936,922),(870,873,937),(871,939,929),(937,940,870),(925,937,873),(397,389,
942),(398,945,934),(942,946,397),(943,388,905),(909,907,932),(948,911,909),
(909,951,948),(932,951,909),(953,340,339),(342,955,927),(956,904,912),(905,
958,943),(921,959,338),(339,961,953),(912,950,956),(962,964,831),(966,964,
962),(831,835,962),(434,963,833),(962,970,966),(434,969,963),(539,832,965),
(965,968,973),(965,973,539),(967,971,975),(976,969,978),(969,434,981),(969,
983,978),(981,986,969),(986,983,969),(975,972,967),(974,977,988),(978,989,
976),(988,992,974),(973,993,505),(505,539,973),(991,990,995),(978,994,989),
(995,997,991),(993,999,1000),(1000,505,993),(1001,998,996),(996,1003,1001),
(1004,1002,994),(994,978,1007),(994,1007,1009),(1009,1011,994),(994,1011,
1004),(1014,1001,1003),(1000,1016,505),(1003,1018,1014),(459,1017,1002),
(1002,1004,459),(1015,1019,457),(457,508,1015),(505,1016,509),(459,458,
1017),(1020,428,464),(1023,463,467),(464,1025,1020),(1026,437,429),(429,
1022,1026),(1029,982,435),(1031,435,441),(435,1031,1029),(1033,979,985),
(1008,980,1035),(1036,987,982),(982,1029,1036),(1038,466,470),(467,1040,
1023),(1041,984,987),(985,1043,1033),(987,1036,1041),(1044,469,461),(470,
1046,1038),(1047,460,1006),(461,1049,1044),(1050,1010,1008),(1008,1052,
1050),(1035,1052,1008),(1054,1012,1010),(1010,1050,1054),(1057,439,438),
(441,1059,1031),(1005,1013,1056),(1006,1060,1047),(1056,1061,1005),(438,
1028,1057),(846,850,1063),(1063,1065,846),(598,847,1066),(584,1064,848),
(1067,1065,1063),(1063,1071,1067),(584,1070,1064),(1066,1069,1074),(1074,
598,1066),(1068,1072,1076),(1077,1070,1079),(1070,584,1082),(1070,1084,
1079),(1082,1087,1070),(1087,1084,1070),(1076,1073,1068),(1075,1078,1089),
(1079,1090,1077),(1089,1093,1075),(1074,1094,303),(303,598,1074),(1095,
1092,1091),(1091,1099,1095),(1079,1098,1090),(1094,1097,1101),(1101,303,
1094),(1102,1096,1100),(1100,1104,1102),(1105,1103,1098),(1098,1079,1108),
(1098,1108,1110),(1110,1112,1098),(1098,1112,1105),(1102,1104,1115),(1115,
1119,1102),(1101,1120,303),(608,1116,1103),(1103,1105,608),(1118,1117,606),
(606,624,1118),(303,1120,625),(608,607,1116),(1121,580,613),(612,616,1124),
(613,1127,1121),(1124,1128,612),(1130,587,581),(581,1123,1130),(1133,1083,
585),(585,591,1135),(585,1138,1133),(1135,1138,585),(1080,1086,1140),(1143,
1109,1081),(1081,1145,1143),(1140,1146,1080),(1148,1088,1083),(1083,1133,
1148),(1125,615,619),(1141,1085,1088),(1088,1148,1141),(618,610,1150),(619,
1153,1125),(1150,1154,618),(1151,609,1107),(1111,1109,1143),(1113,1111,
1156),(1143,1156,1111),(589,588,1132),(1132,1136,589),(1106,1114,1158),
(1107,1161,1151),(1158,1162,1106),(1156,1159,1113),(1164,1021,1024),(1024,
1039,1165),(1165,1164,1024),(1027,1021,1164),(1165,1039,1045),(1045,1048,
1166),(1166,1165,1045),(1048,1062,1167),(1167,1166,1048),(1167,1062,1055),
(1055,1051,1168),(1055,1168,1167),(1051,1053,1168),(1168,1053,1034),(1034,
1042,1169),(1169,1168,1034),(1169,1042,1037),(1037,1030,1170),(1037,1170,
1169),(1170,1030,1032),(1032,1058,1171),(1171,1170,1032),(1171,1058,1027),
(1027,1164,1171),(1169,1170,1172),(1172,1170,1171),(1177,1168,1169),(1165,
1166,1175),(1175,1166,1167),(1174,1164,1165),(1167,1168,1176),(1171,1164,
1173),(1178,920,923),(923,935,1179),(1179,1178,923),(960,920,1178),(1179,
935,947),(947,944,1180),(1180,1179,947),(944,957,1181),(1181,1180,944),
(1181,957,949),(949,952,1182),(949,1182,1181),(952,933,1182),(1182,933,
930),(930,941,1183),(1183,1182,930),(1183,941,938),(938,926,1184),(938,
1184,1183),(1184,926,928),(928,954,1185),(1185,1184,928),(1185,954,960),
(960,1178,1185),(1183,1184,1186),(1186,1184,1185),(1191,1182,1183),(1179,
1180,1189),(1189,1180,1181),(1188,1178,1179),(1181,1182,1190),(1185,1178,
1187),(1192,1122,1129),(1129,1126,1193),(1193,1192,1129),(1131,1122,1192),
(1193,1126,1155),(1155,1152,1194),(1152,1163,1195),(1195,1194,1152),(1194,
1193,1155),(1195,1163,1160),(1160,1157,1196),(1160,1196,1195),(1157,1144,
1196),(1196,1144,1147),(1147,1142,1197),(1197,1196,1147),(1197,1142,1149),
(1149,1134,1198),(1149,1198,1197),(1198,1134,1139),(1139,1137,1199),(1199,
1198,1139),(1199,1137,1131),(1131,1192,1199),(1197,1198,1200),(1200,1198,
1199),(1205,1196,1197),(1193,1194,1203),(1203,1194,1195),(1202,1192,1193),
(1195,1196,1204),(1199,1192,1201),(1206,688,691),(1208,696,688),(688,1206,
1208),(691,693,1206),(700,699,1210),(698,696,1208),(1208,1211,698),(1213,
280,702),(1210,1215,700),(702,1217,1213),(280,1213,1218),(1218,277,280),
(1212,1209,1220),(1209,1207,1223),(1223,1220,1209),(1224,1216,1212),(1220,
1227,1212),(1212,1227,1224),(258,1214,1216),(1228,1214,258),(1219,1214,
1228),(1216,1231,258),(1216,1224,1231),(1207,694,681),(1223,1207,681),(532,
1233,257),(1229,1234,531),(531,1236,1229),(1238,1236,531),(531,1240,1238),
(531,225,1240),(258,1235,1228),(260,259,1232),(681,1241,1223),(1222,1243,
1245),(220,1221,1222),(1222,1245,220),(1242,680,178),(680,1246,1250),(1250,
178,680),(1252,1246,680),(666,1252,680),(178,1244,1242),(220,1226,1221),
(1225,1226,220),(220,1230,1225),(1228,1237,1219),(1255,1232,219),(1232,
1258,260),(1232,1261,1258),(1232,1255,1261),(652,277,1218),(1218,1264,652),
(1219,1237,1239),(1239,1265,1219),(1266,650,655),(644,660,650),(650,1266,
644),(657,652,1264),(1268,654,658),(655,1270,1266),(1264,1271,657),(658,
1273,1268),(1274,1272,1265),(1265,1239,1274),(1267,1269,1277),(1278,1269,
1272),(1269,1278,1277),(1277,1281,1267),(1267,1281,1282),(1282,645,1267),
(1272,1274,1278),(1240,1275,1238),(1279,1275,1240),(1276,1279,1240),(1280,
1276,1240),(1285,1283,1280),(1240,1288,1280),(1280,1288,1285),(303,643,
1284),(1284,1286,303),(354,216,264),(282,218,216),(216,354,282),(222,1289,
219),(1289,1293,219),(219,1295,1255),(1293,1295,219),(225,220,1245),(292,
223,228),(1298,1290,223),(223,292,1298),(290,228,231),(288,230,234),(231,
287,290),(228,290,292),(352,263,267),(264,351,354),(285,233,218),(218,282,
285),(346,269,261),(670,261,1260),(261,670,346),(234,284,288),(349,266,
269),(267,348,352),(269,346,349),(668,1259,1263),(1254,1262,1257),(1263,
1253,668),(1260,667,670),(1302,1292,1291),(1291,1300,1302),(1248,1256,1297),
(1257,1247,1254),(1251,1296,1294),(1297,1249,1248),(1294,1303,1251),(1299,
291,178),(178,1301,1299),(178,1250,1301),(1304,238,237),(236,226,1306),
(1306,1308,236),(1308,1310,236),(1312,236,1316),(237,1315,1318),(236,1320,
1316),(1310,1323,236),(1323,1320,236),(1318,1325,237),(237,1325,1304),(1327,
240,1305),(240,1329,241),(1332,1334,240),(1336,1332,240),(240,1334,1329),
(1338,1336,240),(240,1340,1338),(1342,1340,240),(1344,1342,240),(240,1346,
1344),(1348,1346,240),(1350,1348,240),(240,1327,1350),(534,1352,226),(226,
1352,1354),(226,1354,1306),(1357,1240,225),(225,1358,1357),(225,1245,1361),
(225,1361,1358),(1353,533,535),(535,1362,1353),(1363,536,1364),(536,537,
1364),(1355,1353,1366),(1353,1362,1366),(1366,1368,1355),(1307,1356,1370),
(1371,1367,1363),(1374,1369,1367),(1367,1371,1374),(1363,1364,1371),(1370,
1376,1307),(1307,1376,1378),(1378,1309,1307),(1380,1377,1369),(1369,1374,
1380),(1382,1379,1377),(1377,1380,1382),(1311,1309,1378),(1378,1384,1311),
(1385,1379,1386),(1382,1386,1379),(1316,1388,1312),(1391,1313,1390),(1314,
1393,1394),(1397,1318,1315),(1394,1400,1314),(1314,1400,1398),(1403,1317,
1322),(1389,1317,1403),(1324,1311,1384),(1321,1324,1405),(1405,1407,1321),
(1322,1409,1403),(1384,1410,1324),(1410,1405,1324),(1389,1403,1412),(1390,
1414,1391),(1418,1415,1389),(1412,1418,1389),(1411,1385,1419),(1386,1419,
1385),(1406,1411,1423),(1411,1425,1423),(1419,1425,1411),(1406,1427,1408),
(1423,1427,1406),(1404,1408,1427),(1429,1413,1404),(1427,1431,1404),(1404,
1431,1429),(1392,1416,1417),(1417,1395,1392),(1326,1319,1432),(1319,1430,
1432),(1433,1430,1319),(1319,1399,1433),(1435,1304,1325),(1432,1428,1326),
(1326,1428,1437),(1437,1439,1326),(1326,1439,1441),(1441,1443,1326),(1443,
1445,1326),(1326,1445,1447),(1447,1449,1326),(1449,1451,1326),(1326,1451,
1453),(1453,1455,1326),(1455,1457,1326),(1459,1326,1457),(1325,1460,1435),
(1305,1461,1463),(1305,1436,1461),(1305,1463,1327),(1465,1418,1412),(1429,
1434,1413),(1413,1434,1467),(1412,1468,1465),(1417,1466,1395),(1428,1424,
1469),(1469,1472,1428),(1428,1472,1437),(1470,1422,1426),(1426,1421,1470),
(1474,1420,1387),(1387,1383,1477),(1387,1477,1474),(1479,1471,1420),(1420,
1474,1479),(1481,1473,1471),(1471,1483,1481),(1471,1479,1483),(1383,1381,
1485),(1381,1375,1487),(1487,1485,1381),(1485,1477,1383),(1475,1478,242),
(242,1478,1486),(1480,1476,1330),(242,1331,1475),(1473,1481,1490),(1490,
1438,1473),(1491,1482,1333),(1482,1484,1335),(1335,1333,1482),(1440,1438,
1490),(1333,1337,1491),(1492,1491,1337),(1490,1493,1440),(1335,1484,1480),
(1330,1335,1480),(1399,1494,1433),(1467,1434,1496),(1497,1499,1501),(1503,
1500,1498),(1501,1505,1497),(1497,1505,1508),(1508,1509,1497),(1511,1498,
1510),(1498,1513,1503),(1515,1513,1498),(1515,1498,1517),(1520,1517,1498),
(1511,1520,1498),(1522,1501,1499),(1499,1524,1522),(1526,1525,1500),(1500,
1503,1526),(1502,1523,1528),(1506,1502,1531),(1502,1528,1531),(1396,1522,
1533),(1523,1395,1535),(1522,1524,1533),(1535,1537,1523),(1523,1537,1541),
(1523,1541,1528),(1533,1401,1396),(1466,1535,1395),(1534,1525,1543),(1494,
1402,1534),(1534,1543,1494),(1545,1543,1525),(1525,1526,1545),(1402,1494,
1399),(1531,1507,1506),(1536,1465,1468),(1468,1548,1536),(1496,1549,1467),
(1550,1552,1536),(1535,1554,1555),(1536,1548,1550),(1557,1535,1555),(1535,
1559,1537),(1535,1557,1559),(1552,1550,1561),(1561,1563,1552),(1566,1553,
1565),(1568,1554,1567),(1568,1570,1554),(1570,1572,1554),(1572,1555,1554),
(1562,1551,1575),(1575,1551,1549),(1578,1564,1562),(1575,1578,1562),(1496,
1575,1549),(1565,1580,1566),(1582,1566,1580),(1584,1567,1583),(1584,1568,
1567),(1586,1581,1564),(1564,1578,1586),(1580,1588,1582),(1589,1581,1590),
(1581,1586,1590),(1582,1588,1592),(1592,1595,1582),(1598,1583,1597),(1583,
1598,1584),(1593,1589,1600),(1590,1600,1589),(1596,1594,1602),(1603,1593,
1604),(1600,1604,1593),(1602,1607,1596),(1597,1608,1609),(1597,1609,1598),
(1602,1612,1607),(1614,1613,1603),(1603,1604,1614),(1607,1612,522),(522,
512,1607),(1608,513,516),(516,1609,1608),(523,1613,1614),(1614,524,523),
(521,526,1616),(526,525,1616),(538,521,414),(1616,414,521),(525,1615,603),
(603,570,525),(1616,525,570),(1615,1606,1617),(1617,1619,1615),(1619,603,
1615),(1621,1605,1601),(1605,1621,1624),(1624,1618,1605),(1601,1626,1621),
(1626,1601,1591),(1628,1373,1372),(1372,1365,1628),(1630,1375,1629),(1630,
1487,1375),(1365,538,1628),(414,1628,538),(356,414,1616),(1629,413,415),
(357,356,1616),(415,1632,1629),(1629,1632,1630),(249,1633,416),(416,214,
249),(1631,1633,249),(247,1488,1631),(1631,249,247),(244,1486,1489),(1489,
246,244),(1486,244,242),(1622,1627,1599),(1591,1634,1626),(1627,1635,1585),
(1585,1599,1627),(1625,1623,1610),(1599,1611,1622),(1618,1624,1636),(517,
1637,1625),(1610,517,1625),(1636,1620,1618),(1636,604,1620),(605,1637,517),
(604,602,1620),(517,515,605),(570,571,1616),(1634,1591,1587),(1638,1587,
1579),(1587,1638,1634),(1640,1577,1576),(1576,1495,1544),(1544,1642,1576),
(1640,1576,1642),(1579,1641,1644),(1579,1644,1638),(1569,1585,1635),(1635,
1639,1569),(1544,1547,1642),(1642,1646,1640),(1647,1643,1649),(1649,1643,
1546),(1644,1641,1648),(1652,1648,1655),(1648,1652,1644),(1647,1657,1656),
(1649,1657,1647),(1649,1546,1527),(320,360,357),(320,357,1660),(1616,1660,
357),(316,314,361),(361,1661,316),(1663,1662,362),(362,359,1663),(1665,
316,1668),(1670,315,1667),(316,1661,1668),(315,1670,312),(1668,1672,1665),
(1675,1666,1674),(1677,1667,1676),(1677,1670,1667),(1669,1662,1663),(1680,
1673,1669),(1663,1680,1669),(1674,1683,1675),(1675,1683,1685),(1685,1687,
1675),(1676,1688,1689),(1676,1691,1677),(1689,1691,1676),(1693,1684,1673),
(1673,1680,1693),(1686,1684,1693),(571,574,1616),(1695,573,575),(1616,574,
1696),(575,1697,1695),(1699,1695,1701),(1696,1700,1703),(1695,1697,1701),
(1696,1704,1616),(1696,1705,1704),(1706,1705,1696),(1703,1706,1696),(601,
1698,576),(576,560,601),(1701,1707,1699),(1710,1699,1707),(1703,1700,1711),
(1702,1698,601),(744,1708,1702),(1702,601,744),(1707,1712,1710),(1710,1712,
1714),(1714,1716,1710),(1703,1711,1717),(755,1713,1709),(1709,743,755),
(1715,1713,755),(1655,1718,1652),(1645,1654,1573),(1652,1718,1720),(1574,
1653,1721),(1722,1719,1656),(1656,1657,1722),(1639,1645,1571),(1573,1571,
1645),(1571,1569,1639),(1724,1720,1718),(1718,1726,1724),(1727,1719,1722),
(1721,1556,1574),(1728,1556,1721),(1721,1725,1728),(1555,1729,1557),(1731,
1728,1725),(1725,1732,1731),(1724,1726,1733),(1729,1730,1557),(1337,1339,
1492),(1734,1440,1493),(1736,1439,1735),(1439,1736,1441),(1492,1339,1738),
(1738,1741,1492),(1493,1743,1734),(1739,1338,1744),(1340,1747,1338),(1338,
1747,1744),(1685,1749,1751),(1750,1686,1753),(1751,1687,1685),(1693,1753,
1686),(1755,1751,1749),(1749,1757,1755),(1758,1750,1759),(1753,1762,1750),
(1750,1762,1759),(1752,1756,1744),(1688,1752,1689),(1752,1744,1689),(1740,
1755,1757),(1756,1739,1744),(1757,1742,1740),(1743,1758,1765),(1759,1765,
1758),(1765,1734,1743),(1694,1682,1767),(1767,1770,1694),(1754,1694,1770),
(1772,1681,1664),(321,1664,360),(1664,321,1772),(1774,1682,1773),(1774,
1767,1682),(360,320,321),(1773,322,323),(408,320,1660),(323,1776,1773),
(1773,1776,1774),(1671,1777,324),(324,311,1671),(1775,1777,1671),(1679,
1768,1775),(1775,1671,1679),(1692,1771,1769),(1769,1678,1692),(1770,1778,
1754),(1771,1692,1690),(1690,1779,1771),(1754,1778,1780),(1780,1763,1754),
(1660,409,408),(406,400,411),(411,1783,406),(1785,1784,412),(412,410,1785),
(1787,406,1790),(1792,405,1789),(406,1783,1790),(405,1792,404),(1790,1794,
1787),(1797,1788,1796),(1799,1789,1798),(1799,1792,1789),(1791,1784,1785),
(1802,1795,1791),(1785,1802,1791),(1796,1805,1797),(1797,1805,1807),(1807,
1809,1797),(1811,1798,1810),(1798,1811,1799),(1813,1806,1795),(1795,1802,
1813),(1808,1806,1813),(1781,1779,1690),(1736,1735,1766),(1766,1761,1815),
(1815,1736,1766),(1816,1760,1764),(1818,1817,1763),(1763,1780,1818),(1820,
1737,1817),(1817,1822,1820),(1817,1818,1822),(1690,1746,1781),(1819,1782,
1745),(1737,1820,1824),(1824,1442,1737),(1825,1821,1341),(1821,1823,1748),
(1748,1341,1821),(1442,1824,1826),(1341,1343,1825),(1825,1343,1345),(1345,
1827,1825),(1748,1823,1819),(1745,1748,1819),(1826,1444,1442),(1446,1444,
1826),(1827,1345,1828),(1828,1831,1827),(1826,1833,1446),(1829,1344,1834),
(1346,1836,1344),(1344,1836,1834),(1807,1838,1840),(1839,1808,1842),(1840,
1809,1807),(1813,1842,1808),(1844,1840,1838),(1838,1846,1844),(1847,1839,
1848),(1842,1851,1839),(1839,1851,1848),(1841,1845,1834),(1810,1841,1854),
(1841,1834,1854),(1830,1844,1846),(1845,1829,1834),(1846,1832,1830),(1833,
1847,1856),(1848,1856,1847),(1856,1446,1833),(1810,1854,1811),(1814,1804,
1858),(1858,1861,1814),(1843,1814,1861),(1863,1803,1786),(444,1786,409),
(1786,444,1865),(1786,1865,1863),(1804,1864,1867),(1867,1858,1804),(409,
443,444),(443,409,1660),(446,1866,445),(478,443,1660),(1864,1866,1869),
(1869,1867,1864),(1866,446,1869),(1793,1870,447),(1868,1870,1793),(447,
403,1793),(1801,1859,1868),(1868,1793,1801),(1812,1862,1860),(1860,1800,
1812),(1861,1871,1843),(1862,1812,1855),(1855,1872,1862),(1843,1871,1873),
(1873,1852,1843),(479,478,1875),(490,491,478),(491,1875,478),(478,1660,
490),(1877,471,481),(481,1879,1877),(1880,482,1881),(482,480,1881),(472,
1878,475),(1883,1877,1886),(475,1878,1885),(1877,1879,1886),(1886,1888,
1883),(1891,1884,1890),(1885,1892,1893),(1893,1895,1885),(1895,475,1885),
(1898,1887,1880),(1901,1889,1887),(1887,1898,1901),(1880,1881,1898),(1890,
1903,1891),(1891,1903,1905),(1905,1907,1891),(1893,1892,1908),(1909,1904,
1889),(1889,1901,1909),(1906,1904,1909),(1874,1872,1855),(1911,1445,1857),
(1445,1911,1913),(1445,1913,1447),(1857,1850,1915),(1915,1911,1857),(1849,
1853,1918),(1918,1916,1849),(1920,1919,1852),(1852,1873,1920),(1922,1917,
1919),(1919,1920,1922),(1917,1922,1924),(1924,1912,1917),(1855,1835,1874),
(1921,1874,1835),(1923,1921,1835),(1914,1926,1928),(1912,1926,1914),(1928,
1448,1914),(1929,1927,1347),(1924,1926,1912),(1927,1925,1837),(1837,1347,
1927),(1450,1448,1928),(1347,1349,1929),(1930,1929,1349),(1928,1931,1450),
(1837,1925,1923),(1835,1837,1923),(1349,1351,1930),(1452,1450,1931),(1930,
1351,1932),(1932,1935,1930),(1931,1937,1452),(1933,1350,1938),(1327,1941,
1350),(1350,1941,1938),(1905,1943,1945),(1944,1906,1947),(1945,1907,1905),
(1909,1947,1906),(1949,1945,1943),(1943,1951,1949),(1952,1944,1953),(1947,
1956,1944),(1944,1956,1953),(1946,1950,1938),(1908,1946,1959),(1946,1938,
1959),(1934,1949,1951),(1950,1933,1938),(1951,1936,1934),(1937,1952,1961),
(1953,1961,1952),(1961,1452,1937),(1908,1959,1893),(1910,1902,1963),(1963,
1966,1910),(1948,1910,1966),(1968,1900,1899),(1899,1882,1875),(1899,1875,
1968),(1902,1969,1970),(1970,1963,1902),(1875,1882,479),(493,1876,492),
(498,490,1660),(1969,1876,1972),(1972,1970,1969),(1876,493,1972),(476,1973,
494),(1971,1973,476),(494,474,476),(1897,1964,1971),(1971,476,1897),(1894,
1967,1965),(1965,1896,1894),(1966,1974,1948),(1967,1894,1960),(1960,1975,
1967),(1948,1974,1976),(1976,1957,1948),(1660,499,498),(1979,1982,1983),
(1981,1980,1985),(1983,1986,1979),(1989,1979,1986),(1980,1990,1985),(1983,
1982,1992),(1991,1981,1985),(1987,1984,733),(731,733,1984),(1992,1993,1983),
(1984,1994,731),(1986,1995,1989),(1989,1995,1997),(1997,1999,1989),(1985,
1990,2000),(1996,1988,716),(733,717,1987),(623,1998,1996),(716,623,1996),
(1997,501,1999),(502,1998,623),(501,500,1999),(2000,499,1660),(1660,2001,
2000),(2000,2002,1985),(2003,2002,2000),(2000,2001,2003),(623,495,502),
(1993,1992,2004),(2005,1991,2006),(1985,2006,1991),(2008,731,1994),(1994,
2010,2008),(2004,2011,1993),(773,730,2009),(2012,2008,2010),(2010,2014,
2012),(2016,2015,2011),(2011,2004,2016),(2018,2009,2013),(2009,2018,2020),
(2009,2020,2022),(2009,2022,773),(2024,2012,2014),(2013,2026,2018),(2014,
2027,2024),(2025,2029,2030),(2030,1462,2025),(1436,2026,1461),(1436,2018,
2026),(2032,2028,2015),(2015,2016,2032),(2028,1458,2031),(2028,2032,1458),
(1464,1462,2030),(2030,2035,1464),(2036,2031,1458),(1977,1975,1960),(2037,
1451,1962),(2037,1453,1451),(1962,1955,2039),(2039,2037,1962),(1958,2040,
1954),(2041,1957,1976),(2041,1976,2042),(2042,2038,2041),(1960,1940,1977),
(2035,2044,1328),(1454,2045,2036),(1328,1464,2035),(2036,1456,1454),(1458,
1456,2036),(1942,1328,2044),(2044,2046,1942),(2038,2047,2045),(2045,1454,
2038),(1939,1942,2043),(1942,2046,2043),(2043,1978,1939),(2038,2042,2047),
(1457,2034,1459),(2048,2033,2017),(2050,2034,2049),(2050,2052,2034),(1459,
2034,2052),(2017,2005,2048),(2006,2048,2005),(2007,2054,2056),(2055,2006,
1985),(2056,2058,2007),(2007,2058,2060),(2060,2049,2007),(2056,2054,2062),
(2064,2063,2055),(2055,1985,2064),(2021,2059,2057),(2057,2023,2021),(774,
2023,2057),(2062,2065,2056),(2057,2066,774),(2021,2061,2059),(2049,2060,
2067),(2019,2068,2061),(2061,2021,2019),(2049,2067,2050),(2019,2051,2068),
(2053,2051,2019),(1460,2053,1435),(2019,1435,2053),(2065,2062,2069),(2064,
2070,2063),(776,774,2066),(2069,2071,2065),(2066,2072,776),(2073,2075,2077),
(2079,2075,2073),(2077,2081,2073),(2074,2082,2083),(2073,2084,2079),(2085,
2074,2083),(2078,2076,801),(801,2076,2080),(2081,2077,2086),(797,2087,2078),
(2078,801,797),(2086,2088,2081),(2083,2082,2089),(2088,2086,2090),(2091,
2087,797),(2090,2092,2088),(2089,2093,2064),(2064,2094,2089),(2089,2095,
2083),(2089,2096,2095),(2094,2096,2089),(2092,2090,2097),(772,2098,2091),
(797,772,2091),(2092,2097,2071),(2071,2069,2092),(2064,2093,2070),(2072,
2098,772),(772,776,2072),(2080,2099,801),(2101,800,2100),(800,2104,802),
(800,2106,2104),(800,2101,2106),(2079,2084,2109),(2111,2099,2080),(2080,
2113,2111),(2109,2114,2079),(2115,2110,2085),(2083,2115,2085),(2100,2112,
2118),(2100,2118,2121),(2101,2100,2125),(2121,2125,2100),(2127,2111,2113),
(2113,2129,2127),(2131,2130,2114),(2114,2109,2131),(2112,2128,2118),(2127,
2133,2135),(2127,2129,2133),(2135,2137,2127),(2128,2138,2139),(2139,2118,
2128),(2141,2136,2134),(2131,2134,2130),(2134,2131,2141),(2137,2135,2143),
(2141,2144,2136),(2137,2143,1509),(1509,1508,2137),(2139,2138,1507),(2145,
1510,2144),(2144,2147,2145),(2144,2141,2147),(1510,2145,1511),(2149,1507,
1531),(1507,2149,2151),(1507,2151,2139),(1527,1504,2153),(2153,1504,1514),
(1527,2155,1649),(2153,2155,1527),(2158,2153,1514),(1514,1516,2158),(2146,
2148,2140),(2148,2142,2119),(2119,2140,2148),(2150,1512,2146),(2146,2152,
2150),(2140,2152,2146),(2131,2160,2141),(2119,2142,2162),(2163,2161,2132),
(2132,2110,2115),(2132,2115,2163),(2162,2164,2119),(755,753,1715),(2165,
1715,753),(753,817,2165),(2168,1716,1714),(1714,2167,2168),(1717,2169,2170),
(1717,2170,1703),(2172,1731,1732),(1732,2174,2172),(2175,1733,2176),(2179,
2176,1733),(1733,1726,2179),(1730,2173,2181),(1730,2181,1557),(816,2172,
2184),(2186,2173,815),(2172,2174,2184),(2173,2186,2188),(2173,2188,2190),
(2190,2181,2173),(2184,2166,816),(815,818,2186),(2185,2175,2176),(2167,
2185,2192),(2176,2192,2185),(2192,2168,2167),(2169,2193,2194),(2194,2170,
2169),(2193,2178,2196),(2196,2194,2193),(2180,2198,2177),(2201,2197,2177),
(2177,2198,2201),(2180,1727,2203),(1722,2203,1727),(2203,2198,2180),(1723,
1659,1538),(1539,1658,1651),(2204,1723,1560),(1538,1560,1723),(1542,1650,
2157),(1651,1540,1539),(1530,2156,2154),(2154,1532,1530),(1532,2154,2159),
(2157,1529,1542),(1560,1558,2204),(2199,2204,1558),(2159,2205,1532),(2207,
1531,2206),(1531,2209,2149),(1531,2207,2209),(2158,1516,2212),(2214,2205,
2159),(2212,2216,2158),(2159,2217,2214),(1517,2213,1515),(2206,2215,2207),
(2218,2221,2222),(2220,2219,2224),(2222,2227,2218),(2227,2230,2218),(2219,
2231,2224),(2232,2222,2221),(2221,2234,2232),(2236,2235,2220),(2220,2238,
2240),(2220,2240,2236),(2224,2242,2220),(2220,2242,2238),(2228,2223,2245),
(2248,2245,2223),(2223,2233,2248),(2216,2212,2249),(2250,2213,1517),(2249,
2251,2216),(2217,2252,2253),(2253,2214,2217),(2227,2251,2249),(2249,2255,
2227),(2256,2250,1517),(2253,2252,2229),(2255,2230,2227),(2229,2258,2253),
(2245,2259,2228),(2231,2257,2224),(1517,2261,2256),(2257,2263,2264),(2257,
2266,2268),(2270,2257,2268),(2264,2266,2257),(2270,2224,2257),(2272,2215,
2254),(2272,2207,2215),(2274,2254,2260),(2277,2272,2254),(2277,2254,2279),
(2254,2281,2279),(2254,2274,2281),(2284,2260,2246),(2287,2289,2260),(2260,
2289,2274),(2260,2291,2287),(2260,2284,2291),(2246,2247,2284),(2232,2234,
2293),(2248,2233,2295),(2293,2296,2232),(2298,2294,2235),(2235,2236,2298),
(2295,2301,2248),(2247,2303,2304),(2304,2284,2247),(2296,2293,2307),(2298,
2308,2294),(2307,2309,2296),(2302,2297,2311),(2309,2307,2312),(2314,2313,
2308),(2308,2316,2318),(2314,2308,2318),(2308,2320,2316),(2308,2298,2320),
(2312,2323,2309),(2310,2325,821),(2311,2327,2302),(821,2326,2310),(2323,
2312,2329),(828,2330,2313),(2314,828,2313),(2329,2331,2323),(2324,2332,
819),(819,822,2324),(2333,2331,2329),(2329,2171,2333),(2170,2330,1703),
(2330,828,827),(2330,827,1703),(2332,2334,2187),(2187,819,2332),(2195,2335,
2333),(2335,2195,2197),(2333,2171,2195),(2334,2336,2189),(2197,2201,2335),
(2189,2336,2202),(2189,2187,2334),(2191,2202,2200),(2202,2191,2189),(1558,
2183,2199),(2200,2182,2191),(2303,2328,2304),(2328,820,2337),(2339,2341,
2328),(2328,2337,2339),(2341,2304,2328),(820,823,2337),(2208,2262,1519),
(2211,1518,1521),(1519,2210,2208),(2208,2265,2262),(2211,1521,1512),(1512,
2150,2211),(2273,2278,2269),(2269,2267,2273),(2265,2208,2273),(2273,2267,
2265),(2269,2278,2343),(2279,2344,2277),(2343,2347,2269),(2268,2348,2270),
(2271,2346,2345),(2345,2280,2271),(2271,2280,2283),(2283,2225,2271),(2290,
2288,2241),(2241,2239,2290),(2244,2275,2290),(2290,2239,2244),(2237,2241,
2288),(2288,2292,2237),(2282,2276,2243),(2243,2226,2282),(2299,2237,2292),
(2292,2286,2299),(2340,2319,2317),(2349,2319,2340),(2317,2342,2340),(2340,
2352,2349),(2337,2353,2339),(2318,2351,2314),(2305,2342,2317),(2317,2322,
2305),(2300,2285,2306),(2306,2321,2300),(2350,2354,2338),(2338,2315,2350),
(2315,2338,824),(824,829,2315),(2355,2357,2360),(814,2357,2355),(2360,2361,
2355),(2355,826,814),(1703,827,2356),(2356,2362,1703),(2359,2358,764),(2358,
812,764),(2364,2361,2360),(2360,2365,2364),(2367,2366,2359),(2359,764,2367),
(2362,2363,2369),(2369,1703,2362),(2370,2364,2365),(2365,2373,2370),(2367,
2374,2366),(2363,2372,2369),(2376,2378,2381),(2378,2376,2382),(2381,2385,
2376),(2383,2377,2387),(2387,2377,2386),(2380,2379,2367),(2382,2388,2378),
(2379,2390,2367),(2391,2385,2381),(2380,2367,2394),(2381,2396,2391),(2394,
2397,2380),(2389,2384,2371),(2372,2383,2369),(2399,2369,2383),(2383,2400,
2399),(2383,2401,2400),(2387,2401,2383),(2371,2375,2389),(2367,2390,2374),
(2387,2386,2402),(2404,2403,2385),(2385,2406,2404),(2385,2408,2406),(2408,
2385,2391),(2117,2411,2415),(2416,2412,2116),(2415,2164,2117),(2116,2403,
2416),(2402,2115,2083),(2414,2413,2418),(2418,2413,2417),(2415,2420,2119),
(2119,2164,2415),(2421,2414,2418),(2416,2403,2424),(2402,2083,2387),(2403,
2404,2426),(2426,2428,2403),(2424,2403,2428),(2424,2431,2416),(2417,2433,
2434),(2434,2418,2417),(2436,2120,2422),(2118,2438,2121),(2439,2120,2436),
(2422,2441,2436),(2443,2442,2421),(2418,2445,2421),(2445,2447,2421),(2421,
2450,2443),(2421,2452,2450),(2447,2452,2421),(803,2105,2455),(2105,2108,
2457),(2457,2455,2105),(2455,2461,803),(804,2462,798),(2107,2103,2463),
(2463,2458,2107),(2125,2466,2101),(2464,2102,2468),(2469,2124,2123),(2466,
2125,2472),(2473,2126,2471),(2475,2122,2440),(2123,2477,2469),(2472,2478,
2466),(2481,2467,2480),(2468,2483,2464),(2472,2484,2478),(2485,2474,2487),
(2471,2488,2473),(2479,2486,2491),(2480,2492,2481),(2491,2493,2479),(2440,
2495,2475),(2436,2496,2439),(2487,2499,2485),(2486,2500,2501),(2491,2486,
2501),(2503,2470,2476),(2476,2497,2503),(2489,2470,2506),(2470,2503,2509),
(2470,2513,2506),(2509,2513,2470),(2506,2498,2489),(2515,2502,2498),(2518,
2515,2498),(2520,2518,2498),(2498,2522,2520),(2498,2506,2525),(2498,2529,
2522),(2498,2525,2529),(2497,2437,2531),(2534,2503,2497),(2536,2534,2497),
(2497,2539,2536),(2497,2541,2539),(2497,2531,2541),(2436,2441,2543),(2543,
2532,2436),(2544,2442,2546),(2547,2546,2442),(2442,2550,2547),(2443,2553,
2442),(2553,2550,2442),(2556,2465,2482),(2482,2494,2556),(2459,2465,2559),
(2561,2465,2556),(2465,2564,2559),(2561,2566,2465),(2465,2566,2564),(2559,
2456,2459),(2559,2460,2456),(2569,799,2460),(2460,2559,2572),(2460,2576,
2569),(2572,2576,2460),(2578,2556,2494),(2580,2578,2494),(2494,2583,2580),
(2494,2585,2583),(2494,2587,2585),(2494,2490,2587),(805,798,2590),(2591,
799,2569),(2590,2594,805),(806,2595,2596),(2596,807,806),(2592,2599,2597),
(2598,2591,2569),(2597,2593,2592),(808,2597,2599),(2599,2600,808),(2601,
2598,2569),(2602,808,2600),(2600,2606,2602),(2605,2601,2569),(807,2604,
780),(2603,2607,2608),(2608,2610,2603),(780,2604,2611),(2569,2609,2605),
(2610,2608,2613),(2569,2612,2609),(2613,2615,2610),(2611,2617,2618),(2611,
2618,780),(2616,2614,2621),(2620,2612,2622),(2612,2625,2622),(2612,2569,
2625),(2621,2619,2616),(2619,2621,2628),(2631,2629,2620),(2620,2622,2631),
(2628,2634,2619),(2618,2636,2637),(2637,780,2618),(2639,2635,2630),(2630,
2643,2639),(2642,2629,2645),(2629,2631,2645),(2637,2636,2641),(2648,2652,
2640),(2640,2644,2648),(2654,2641,2653),(2641,2657,2637),(2659,2657,2641),
(2641,2662,2659),(2641,2654,2662),(2665,2651,2650),(2650,2558,2665),(2668,
2556,2649),(2649,2642,2671),(2649,2671,2668),(2653,2667,2674),(2676,2653,
2674),(2653,2676,2654),(2675,2666,2557),(2557,2579,2675),(2556,2679,2681),
(2556,2668,2679),(2681,2683,2556),(2556,2683,2561),(2645,2671,2642),(2685,
2675,2579),(2674,2687,2676),(2579,2582,2685),(2686,2581,2584),(2584,2689,
2686),(2676,2687,2688),(2689,2584,2586),(2586,2690,2689),(2676,2688,2691),
(2692,2690,2586),(2586,2589,2692),(2691,2694,2695),(2697,2691,2695),(2691,
2697,2676),(2693,2588,2491),(2491,2696,2693),(2700,2696,2491),(2491,2501,
2700),(2702,2695,2701),(2695,2702,2704),(2704,2706,2695),(2695,2710,2697),
(2706,2710,2695),(2712,2646,2633),(2715,2672,2647),(2647,2714,2715),(2632,
2624,2718),(2719,2623,2627),(2633,2721,2712),(2718,2722,2632),(2560,2565,
2724),(2726,2573,2560),(2560,2729,2726),(2724,2729,2560),(2682,2680,2731),
(2731,2680,2670),(2733,2684,2682),(2682,2735,2733),(2731,2735,2682),(2737,
2626,2571),(2740,2570,2577),(2571,2742,2737),(2562,2684,2733),(2567,2563,
2743),(2733,2744,2562),(2669,2673,2717),(2670,2746,2731),(2717,2747,2669),
(2724,2565,2568),(2627,2739,2719),(2568,2749,2724),(2743,2750,2567),(2575,
2574,2728),(2577,2752,2740),(2728,2753,2575),(2501,2755,2700),(2757,2755,
2501),(2501,2517,2757),(2701,2756,2760),(2701,2762,2763),(2763,2765,2701),
(2767,2762,2701),(2701,2770,2702),(2773,2770,2701),(2765,2773,2701),(2760,
2776,2701),(2776,2778,2701),(2701,2782,2767),(2778,2782,2701),(2756,2759,
2784),(2756,2784,2786),(2786,2788,2756),(2788,2790,2756),(2756,2794,2760),
(2790,2794,2756),(2785,2758,2516),(2516,2519,2785),(2796,2785,2519),(2784,
2797,2786),(2519,2798,2796),(2799,2518,2520),(2800,2796,2798),(2798,2804,
2800),(2803,2799,2520),(2797,2802,2786),(2806,2808,2801),(2810,2808,2806),
(2801,2805,2806),(2520,2807,2803),(2806,2814,2810),(2520,2813,2807),(2786,
2802,2809),(2809,2812,2817),(2809,2817,2786),(2811,2815,2819),(2820,2813,
2822),(2813,2520,2825),(2825,2822,2813),(2819,2816,2811),(2827,2818,2821),
(2821,2831,2827),(2830,2820,2833),(2822,2833,2820),(2817,2829,2836),(2836,
2786,2817),(2838,2842,2828),(2828,2832,2838),(2829,2843,2844),(2829,2844,
2836),(2846,2841,2840),(2840,2850,2846),(2852,2849,2839),(2839,2830,2855),
(2839,2857,2852),(2855,2857,2839),(2844,2843,2848),(2505,2859,2847),(2847,
2851,2505),(2848,2861,2862),(2862,2546,2848),(2848,2546,2844),(2863,2860,
2504),(2503,2849,2852),(2504,2535,2863),(2503,2864,2866),(2503,2868,2864),
(2866,2509,2503),(2852,2868,2503),(2833,2855,2830),(2871,2863,2535),(2862,
2873,2546),(2535,2538,2871),(2872,2537,2540),(2540,2875,2872),(2546,2873,
2874),(2875,2540,2542),(2542,2876,2875),(2874,2877,2546),(2876,2542,2533),
(2533,2545,2876),(2546,2877,2544),(2878,2867,2865),(2880,2865,2870),(2865,
2880,2878),(2882,2510,2867),(2867,2878,2882),(2853,2858,2885),(2885,2858,
2856),(2887,2869,2854),(2854,2890,2887),(2885,2891,2853),(2856,2835,2893),
(2856,2896,2885),(2893,2896,2856),(2898,2521,2524),(2900,2826,2521),(2521,
2898,2900),(2507,2514,2902),(2526,2508,2905),(2902,2906,2507),(2512,2511,
2884),(2870,2889,2880),(2894,2834,2824),(2523,2530,2908),(2524,2911,2898),
(2908,2912,2523),(2884,2903,2512),(2823,2826,2900),(2824,2914,2894),(2900,
2915,2823),(2909,2528,2527),(2527,2917,2909),(2905,2918,2526),(2920,2879,
2881),(2920,2881,2888),(2883,2879,2920),(2888,2892,2921),(2921,2892,2886),
(2888,2921,2920),(2886,2897,2922),(2886,2922,2921),(2922,2897,2895),(2923,
2895,2916),(2895,2923,2922),(2901,2899,2924),(2916,2901,2924),(2924,2899,
2913),(2913,2910,2925),(2913,2925,2924),(2925,2910,2919),(2926,2919,2907),
(2919,2926,2925),(2907,2904,2927),(2927,2926,2907),(2927,2904,2883),(2920,
2927,2883),(2924,2923,2916),(2921,2922,2928),(2928,2922,2923),(2933,2920,
2921),(2925,2926,2931),(2931,2926,2927),(2930,2924,2925),(2927,2920,2932),
(2923,2924,2929),(2934,2713,2723),(2723,2720,2935),(2935,2934,2723),(2716,
2713,2934),(2935,2720,2738),(2738,2741,2936),(2738,2936,2935),(2936,2741,
2754),(2754,2727,2937),(2754,2937,2936),(2727,2730,2938),(2938,2937,2727),
(2730,2725,2938),(2938,2725,2751),(2939,2751,2745),(2751,2939,2938),(2939,
2745,2734),(2734,2736,2940),(2734,2940,2939),(2940,2736,2732),(2732,2748,
2941),(2941,2940,2732),(2748,2716,2941),(2934,2941,2716),(2941,2934,2942),
(2942,2934,2935),(2937,2938,2945),(2945,2938,2939),(2944,2936,2937),(2939,
2940,2946),(2947,2940,2941),(2935,2936,2943),(1288,1240,2948),(2949,1240,
1357),(2948,1240,2949),(303,1286,1287),(2948,2950,1288),(598,1287,2951),
(1287,598,303),(1357,1358,2953),(1357,2955,2949),(2956,2955,1357),(1357,
2957,2956),(2953,2957,1357),(1360,1244,178),(1359,1360,844),(505,2952,1359),
(844,505,1359),(178,844,1360),(2959,2961,1660),(2962,2960,2963),(1660,1616,
2959),(2964,2963,2960),(2959,1616,1704),(1704,2965,2959),(2960,2966,2964),
(2001,1660,2961),(2963,2967,2962),(2962,2967,2968),(2968,2969,2962),(2001,
2961,2970),(2963,2971,2967),(2971,2963,2964),(2972,2967,2971),(2967,2972,
2973),(2973,2968,2967),(2949,2955,2974),(2974,2975,2949),(2949,2975,2976),
(2949,2976,2948),(2977,2974,2955),(2955,2956,2977),(2975,2974,2972),(2972,
2974,2977),(2972,2971,2975),(2976,2975,2971),(2977,2973,2972),(2971,2964,
2976),(2978,2979,2980),(2981,2979,2978),(2980,2983,2978),(2984,2978,2983),
(2978,2986,2981),(2986,2978,2985),(2973,2980,2979),(2979,2981,2969),(2979,
2968,2973),(2969,2968,2979),(2980,2988,2983),(2980,2973,2990),(2990,2989,
2980),(2983,2991,2984),(2992,2991,2983),(2993,2995,2983),(2983,2988,2993),
(2992,2983,2995),(2987,2996,1985),(2985,2997,2986),(1985,2002,2987),(2002,
2982,2987),(2064,1985,2996),(2998,2997,2985),(2996,2999,2064),(2982,2002,
2003),(2003,2970,2982),(2977,2990,2973),(2970,2003,2001),(3000,2984,2991),
(2991,2992,3002),(2991,3003,3000),(3002,3003,2991),(2985,3001,2998),(2993,
3004,2995),(3006,2994,2989),(3005,2994,3006),(2995,3007,2992),(3007,2995,
721),(721,2995,3004),(2989,2990,3006),(2992,3007,3008),(3008,3007,735),
(3007,719,735),(721,719,3007),(3008,3002,2992),(2990,2977,2956),(2956,3006,
2990),(2958,3006,2956),(3006,2958,3005),(507,3005,2958),(2958,2954,507),
(3004,506,721),(3009,3010,3012),(3010,3009,3014),(3012,3015,3009),(3016,
3009,3015),(3009,3016,3017),(3017,3014,3009),(3018,3013,3011),(2966,3018,
3011),(3011,3020,2966),(3014,3021,3010),(3022,3013,3018),(3015,3012,3023),
(2965,1704,1705),(1705,3019,2965),(2966,3020,2964),(3019,1705,1706),(3024,
3026,3027),(3028,3026,3024),(3027,3023,3024),(3029,3031,3025),(3025,3031,
3033),(3025,3022,3029),(3033,3035,3025),(3024,3036,3028),(3037,3027,3026),
(3026,3038,3037),(3038,3026,3028),(3023,3027,3015),(3039,3015,3027),(3027,
3037,3039),(3032,3030,1706),(1706,1703,3032),(3034,3032,1703),(1706,3030,
3019),(3018,3029,3022),(2976,2964,3021),(3021,3014,2976),(3040,2976,3014),
(2976,3040,2948),(3015,3039,3016),(3041,3017,3016),(3016,3039,599),(599,
3041,3016),(3014,3017,3040),(3040,3017,3041),(2950,2948,3040),(3041,2950,
3040),(599,3039,3037),(3037,3038,763),(763,599,3037),(765,763,3038),(3028,
3043,3038),(765,3038,3043),(1703,2369,3034),(2951,3042,598),(3035,3033,
3044),(3045,3034,2369),(3046,3043,3028),(3047,3028,3036),(3028,3047,3046),
(3043,2368,765),(3043,3048,2368),(3048,3043,3046),(3036,3050,3047),(3044,
3050,3035),(2369,2399,3045),(3051,2367,3049),(2367,3052,2394),(3055,3052,
2367),(2367,3051,3055),(3046,3057,3048),(3059,3049,3058),(3051,3049,3059),
(3050,3061,3062),(3063,3061,3050),(3062,3047,3050),(3050,3044,3063),(3065,
3062,3061),(3061,3063,3066),(3061,3068,3065),(3066,3068,3061),(3062,3069,
3047),(3062,3065,3071),(3071,3070,3062),(3072,3046,3047),(3047,3069,3072),
(2399,3064,3045),(3064,2399,2400),(2400,3067,3064),(3065,3068,3074),(3074,
3075,3065),(3076,3065,3075),(3076,3071,3065),(3077,3074,3068),(3068,3066,
3077),(3079,3074,3077),(3075,3074,3080),(3079,3080,3074),(3067,2400,2401),
(2401,3078,3067),(2401,2387,3078),(3081,3078,2387),(3077,3082,3079),(3072,
3083,3046),(3085,3073,3070),(3084,3073,3085),(3046,3083,3086),(3086,3057,
3046),(3070,3071,3085),(3076,3089,3090),(3075,3089,3076),(3090,3091,3076),
(3071,3076,3091),(3092,3090,3089),(3093,3089,3075),(3089,3093,3092),(3091,
3090,3094),(3094,3090,3092),(3075,3080,3093),(3091,3085,3071),(3095,3085,
3091),(3085,3095,3084),(3094,3096,3091),(3096,3094,3060),(3092,3097,3094),
(3094,3097,2658),(3098,3060,3094),(3094,2845,3098),(2658,2845,3094),(3087,
3084,3095),(3060,3101,3096),(3095,3102,3087),(2387,2083,3081),(2094,2064,
2999),(3081,2083,2095),(3103,2095,2096),(2095,3103,3081),(3105,2096,2094),
(2096,3105,3103),(2999,3107,2094),(2094,3107,3105),(3109,3079,3082),(3082,
3104,3109),(3080,3079,3109),(3110,3093,3080),(3092,3093,3110),(3080,3109,
3110),(3111,3097,3092),(3092,3110,3111),(2638,3097,3111),(3097,2638,2658),
(3088,3100,3059),(3059,3058,3088),(3059,3099,3051),(3112,3113,3115),(3113,
3112,3117),(3115,3118,3112),(3119,3112,3118),(3112,3119,3120),(3120,3117,
3112),(3106,3116,3114),(3104,3106,3114),(3114,3121,3104),(3117,3122,3113),
(3123,3116,3106),(3118,3115,3124),(3104,3121,3109),(3125,3124,3000),(3124,
3125,3118),(3000,3003,3125),(3126,3118,3125),(3127,3125,3002),(3125,3127,
3126),(3125,3003,3002),(3001,3123,3108),(3106,3108,3123),(3108,2998,3001),
(3110,3109,3122),(3122,3117,3110),(3128,3110,3117),(3110,3128,3111),(3118,
3126,3119),(3129,3120,3119),(3119,3126,3132),(3132,3129,3119),(3117,3120,
3128),(3128,3120,3129),(3133,3111,3128),(3129,3133,3128),(3111,3133,2638),
(3002,3008,3127),(3132,3126,3127),(3127,3008,3136),(3136,3132,3127),(781,
3136,3008),(735,781,3008),(3137,3099,2844),(3140,2844,2657),(2844,3143,
3137),(2844,3146,3143),(2844,3149,3146),(2547,3149,2844),(2844,2546,2547),
(3140,3152,2844),(2844,3156,2836),(3152,3156,2844),(3158,3162,3099),(3158,
3099,3164),(3099,3162,3166),(3166,3051,3099),(3137,3169,3099),(3099,3173,
3164),(3169,3173,3099),(2659,3175,2657),(2657,3178,2763),(2657,3180,3178),
(2763,2762,2657),(3175,3180,2657),(2657,2762,2767),(2767,3183,2657),(2657,
3186,3140),(2657,3189,3186),(2657,3183,3189),(3135,2637,3134),(3135,780,
2637),(3131,3135,3134),(3134,3130,3131),(3192,505,844),(3194,539,505),(505,
3192,3197),(3197,3194,505),(3200,2405,2407),(2407,2410,3202),(3202,3206,
2407),(2407,3206,3200),(2427,2405,3208),(3200,3211,2405),(2405,3211,3208),
(2427,3213,2429),(3208,3213,2427),(2391,3216,2408),(3203,2409,3218),(2428,
3219,2424),(3220,2430,3215),(3222,2423,3221),(3215,3224,3220),(3227,3221,
3226),(3230,3222,3221),(3221,3233,3230),(3221,3227,3233),(2432,2425,3223),
(3217,2393,3235),(3236,2392,2398),(3218,3237,3203),(3238,3217,3240),(3217,
3235,3243),(3246,3240,3217),(3243,3246,3217),(2398,2395,3236),(3223,2435,
2432),(3204,3239,3248),(3249,3238,3240),(3248,3205,3204),(3201,3207,3250),
(3250,3251,3201),(3252,3249,3253),(3240,3253,3249),(3256,3212,3201),(3201,
3251,3256),(3212,3256,3259),(3261,3258,3257),(3264,3257,3252),(3257,3264,
3261),(3259,3209,3212),(3210,3260,3225),(3267,3226,3258),(3258,3261,3267),
(3225,3214,3210),(3226,3267,3227),(3253,3264,3252),(3244,3236,2395),(2395,
3054,3244),(2435,3223,3232),(3232,3269,2435),(2434,3271,2418),(3273,3270,
3231),(2418,3271,3272),(3231,3234,3273),(3274,3273,3234),(3272,3276,3277),
(3272,3277,2418),(3234,3229,3274),(3275,3228,3268),(3268,3278,3275),(3265,
3255,3167),(3168,3254,3242),(3160,3262,3266),(3266,3161,3160),(3167,3163,
3265),(3278,3268,3263),(3263,3159,3278),(3279,3241,3247),(3242,3281,3168),
(3056,3247,3245),(3245,3053,3056),(3247,3056,3279),(3277,3158,2418),(3164,
2418,3158),(3051,3166,3280),(3280,3055,3051),(3282,844,178),(181,3284,178),
(3284,3288,178),(3288,3290,178),(178,3290,3282),(3293,363,844),(844,3296,
3293),(844,3282,3296),(891,3299,844),(3299,3303,844),(3303,3305,844),(844,
3305,3192),(3308,3138,3145),(3144,3148,3311),(3145,3314,3308),(3311,3315,
3144),(3317,3170,3139),(3139,3310,3317),(2419,3165,3320),(3320,3165,3174),
(2446,2419,3322),(3320,3322,2419),(3312,3147,3151),(3324,3150,2549),(3151,
3326,3312),(3327,2548,2552),(2549,3329,3324),(3330,3172,3171),(3174,3332,
3320),(3171,3319,3330),(3333,182,184),(3335,3285,182),(182,3333,3335),(3338,
180,197),(3340,197,367),(197,3340,3338),(3342,186,180),(180,3338,3342),
(3345,369,364),(3347,364,3295),(364,3347,3345),(3349,371,369),(369,3345,
3349),(3352,184,190),(184,3352,3333),(3354,366,372),(367,3356,3340),(3357,
188,187),(190,3359,3352),(3360,3287,3286),(3286,3337,3360),(372,3351,3354),
(3363,3291,3289),(3289,3362,3363),(187,3344,3357),(3366,3294,3298),(3369,
3297,3283),(3298,3371,3366),(3295,3368,3347),(3372,3283,3292),(3292,3365,
3372),(3283,3374,3369),(3372,3374,3283),(3376,892,894),(3378,3300,892),
(892,3376,3378),(3381,542,540),(3383,540,3196),(540,3383,3381),(3385,544,
542),(542,3381,3385),(3388,451,449),(3390,449,548),(449,3390,3388),(3392,
896,451),(451,3388,3392),(3395,894,900),(894,3395,3376),(3397,546,545),
(548,3399,3390),(3400,898,897),(900,3402,3395),(545,3387,3397),(3403,3302,
3301),(3301,3380,3403),(3406,3306,3304),(3304,3405,3406),(897,3394,3400),
(3409,3198,3193),(3412,3193,3307),(3193,3414,3409),(3412,3414,3193),(3416,
3195,3199),(3199,3411,3416),(3307,3408,3412),(3196,3418,3383),(2660,2664,
3419),(3420,2663,2656),(3422,3176,2661),(3419,3425,2660),(2661,3427,3422),
(3428,2655,2678),(2656,3430,3420),(3431,2677,2699),(2678,3433,3428),(3434,
2764,3179),(3436,3179,3182),(3179,3436,3434),(2766,2764,3434),(3438,3181,
3177),(3182,3440,3436),(3177,3424,3438),(3441,2705,2703),(2703,2772,3443),
(2703,3446,3441),(3443,3446,2703),(2707,2705,3441),(3444,2771,2775),(3448,
2774,2766),(2766,3451,3448),(3434,3451,2766),(3453,2698,2711),(2699,3455,
3431),(2775,3450,3444),(3456,2709,2708),(2711,3458,3453),(2708,3459,3456),
(3441,3460,2707),(3462,2789,2787),(3464,2787,2837),(2787,3464,3462),(3466,
2791,2789),(2789,3462,3466),(3469,2777,2761),(3471,2761,2795),(2761,3471,
3469),(3473,2779,2777),(2777,3469,3473),(3476,2793,2792),(2792,3468,3476),
(2795,3478,3471),(3479,2768,2783),(3482,2781,2780),(2783,3484,3479),(3184,
2769,3481),(2780,3475,3482),(3485,3141,3188),(3488,3187,3191),(3188,3490,
3485),(3491,3153,3142),(3142,3487,3491),(2837,3157,3495),(2837,3497,3464),
(3495,3497,2837),(3499,3190,3185),(3191,3501,3488),(3494,3155,3154),(3185,
3502,3499),(3481,3503,3184),(3154,3493,3494),(2448,2446,3505),(3322,3505,
2446),(3507,2444,2451),(3509,2451,2454),(2451,3509,3507),(3511,2554,2444),
(2444,3507,3511),(3514,2453,2449),(2454,3516,3509),(2449,3517,3514),(3505,
3518,2448),(3520,2551,2555),(2552,3522,3327),(2555,3513,3520),(3523,3486,
3489),(3489,3500,3524),(3524,3523,3489),(3492,3486,3523),(3524,3500,3504),
(3504,3480,3525),(3525,3524,3504),(3480,3483,3526),(3526,3525,3480),(3526,
3483,3474),(3474,3470,3527),(3474,3527,3526),(3470,3472,3527),(3527,3472,
3477),(3477,3467,3528),(3528,3527,3477),(3528,3467,3463),(3463,3465,3529),
(3463,3529,3528),(3529,3465,3498),(3498,3496,3530),(3530,3529,3498),(3530,
3496,3492),(3492,3523,3530),(3528,3529,3531),(3531,3529,3530),(3536,3527,
3528),(3524,3525,3534),(3534,3525,3526),(3533,3523,3524),(3526,3527,3535),
(3530,3523,3532),(3537,3309,3316),(3316,3313,3538),(3538,3537,3316),(3318,
3309,3537),(3538,3313,3325),(3325,3328,3539),(3539,3538,3325),(3328,3521,
3540),(3540,3539,3328),(3540,3521,3512),(3512,3508,3541),(3512,3541,3540),
(3508,3510,3541),(3541,3510,3515),(3515,3519,3542),(3542,3541,3515),(3542,
3519,3506),(3506,3323,3543),(3506,3543,3542),(3543,3323,3321),(3321,3331,
3544),(3544,3543,3321),(3544,3331,3318),(3318,3537,3544),(3542,3543,3545),
(3545,3543,3544),(3550,3541,3542),(3538,3539,3548),(3548,3539,3540),(3547,
3537,3538),(3540,3541,3549),(3544,3537,3546),(3551,3426,3421),(3421,3429,
3552),(3552,3551,3421),(3423,3426,3551),(3552,3429,3432),(3432,3454,3553),
(3553,3552,3432),(3454,3457,3554),(3554,3553,3454),(3554,3457,3461),(3461,
3442,3555),(3442,3447,3555),(3461,3555,3554),(3555,3447,3445),(3445,3449,
3556),(3556,3555,3445),(3556,3449,3452),(3452,3435,3557),(3452,3557,3556),
(3557,3435,3437),(3437,3439,3558),(3558,3557,3437),(3558,3439,3423),(3423,
3551,3558),(3556,3557,3559),(3559,3557,3558),(3564,3555,3556),(3552,3553,
3562),(3562,3553,3554),(3561,3551,3552),(3554,3555,3563),(3558,3551,3560),
(3565,3334,3353),(3565,3353,3358),(3336,3334,3565),(3566,3358,3343),(3358,
3566,3565),(3343,3339,3567),(3567,3566,3343),(3339,3341,3567),(3567,3341,
3355),(3355,3350,3568),(3568,3567,3355),(3568,3350,3346),(3346,3348,3569),
(3346,3569,3568),(3569,3348,3367),(3570,3367,3370),(3367,3570,3569),(3370,
3375,3571),(3571,3570,3370),(3375,3373,3571),(3571,3373,3364),(3571,3364,
3361),(3361,3336,3572),(3361,3572,3571),(3565,3572,3336),(3572,3565,3573),
(3573,3565,3566),(3568,3569,3576),(3576,3569,3570),(3575,3567,3568),(3570,
3571,3577),(3578,3571,3572),(3566,3567,3574),(3579,3377,3396),(3579,3396,
3401),(3379,3377,3579),(3580,3401,3393),(3401,3580,3579),(3393,3389,3581),
(3581,3580,3393),(3389,3391,3581),(3581,3391,3398),(3398,3386,3582),(3582,
3581,3398),(3582,3386,3382),(3382,3384,3583),(3382,3583,3582),(3583,3384,
3417),(3584,3417,3410),(3417,3584,3583),(3410,3415,3585),(3585,3584,3410),
(3415,3413,3585),(3585,3413,3407),(3585,3407,3404),(3404,3379,3586),(3404,
3586,3585),(3579,3586,3379),(3586,3579,3587),(3587,3579,3580),(3582,3583,
3590),(3590,3583,3584),(3589,3581,3582),(3584,3585,3591),(3592,3585,3586),
(3580,3581,3588)),());
#79=COMPLEX_TRIANGULATED_FACE('ConvergentBody',#83,186,((-0.970941198261035,
0.239318176324793,0.),(-0.748505950332214,0.663128073841901,0.),(0.,0.,
1.),(0.,0.,1.),(-0.970941198261035,0.239318176324793,0.),(-0.97094062767099,
-0.239320491261957,0.),(-0.970941198261035,0.239318176324793,0.),(-0.97094062767099,
-0.239320491261957,0.),(0.,0.,-1.),(0.,0.,1.),(0.99518473198527,-0.0980170863850089,
0.),(-0.970941198261035,0.239318176324793,0.),(0.,0.,-1.),(-0.748505950332214,
0.663128073841901,0.),(-0.748505950332214,0.663128073841901,0.),(-0.354610385665226,
0.935014157314401,0.),(0.,0.,1.),(0.,0.,1.),(0.0980163271212212,-0.995184806765892,
0.),(0.,0.,1.),(0.19508871913207,-0.980785599235331,0.),(0.555572577269706,
-0.831468045919924,0.),(0.,0.,1.),(0.83147105949113,-0.55556806714272,0.),
(0.980785301553187,-0.195090215688084,0.),(0.,0.,1.),(0.555572577269706,
-0.831468045919924,0.),(0.83147105949113,-0.55556806714272,0.),(-0.97094062767099,
-0.239320491261957,0.),(-0.748505950332206,-0.66312807384191,0.),(0.,0.,
-1.),(-0.97094062767099,-0.239320491261957,0.),(0.,0.,1.),(-0.748505950332206,
-0.66312807384191,0.),(0.,0.,1.),(0.995184788070898,0.0980165169360849,
0.),(0.,0.,-1.),(0.99518473198527,-0.0980170863850089,0.),(0.,0.,-1.),(0.995184788070898,
0.0980165169360849,0.),(-0.748505950332214,0.663128073841901,0.),(0.,0.,
-1.),(-0.354610385665226,0.935014157314401,0.),(-0.354610385665226,0.935014157314401,
0.),(0.120535762120807,0.992708985579337,0.),(0.,0.,1.),(0.,0.,-1.),(0.0980163271212212,
-0.995184806765892,0.),(0.,0.,-1.),(0.980785301553187,-0.195090215688084,
0.),(0.83147105949113,-0.55556806714272,0.),(0.,0.,-1.),(0.555572577269706,
-0.831468045919924,0.),(0.19508871913207,-0.980785599235331,0.),(0.,0.,
-1.),(0.83147105949113,-0.55556806714272,0.),(0.555572577269706,-0.831468045919924,
0.),(-0.354610385665226,0.935014157314401,0.),(0.,0.,-1.),(0.120535762120807,
0.992708985579337,0.),(0.120535762120807,0.992708985579337,0.),(0.568070243455288,
0.822980071751832,0.),(0.,0.,1.),(0.,0.,1.),(-0.0980163271212212,-0.995184806765892,
0.),(0.120535762120807,0.992708985579337,0.),(0.,0.,-1.),(0.568070243455288,
0.822980071751832,0.),(0.568070243455288,0.822980071751832,0.),(0.885455094386809,
0.464724946419327,0.),(0.,0.,1.),(0.,0.,-1.),(-0.0980163271212212,-0.995184806765892,
0.),(0.568070243455288,0.822980071751832,0.),(0.,0.,-1.),(0.885455094386809,
0.464724946419327,0.),(0.885455094386809,0.464724946419327,0.),(0.992708987503248,
0.120535746275851,0.),(0.,0.,1.),(0.,0.,1.),(-0.995184731985267,-0.0980170863850367,
0.),(0.,0.,1.),(-0.980785301553176,-0.195090215688139,0.),(-0.83147105949116,
-0.555568067142675,0.),(-0.83147105949116,-0.555568067142675,0.),(0.,0.,
1.),(-0.555572577269699,-0.831468045919929,0.),(0.,0.,1.),(-0.555572577269699,
-0.831468045919929,0.),(-0.19508871913207,-0.980785599235331,0.),(0.885455094386809,
0.464724946419327,0.),(0.,0.,-1.),(0.992708987503248,0.120535746275851,
0.),(0.999999999999289,-1.19208658817516E-6,0.),(0.,0.,1.),(0.,0.,-1.),
(-0.995184731985267,-0.0980170863850367,0.),(0.,0.,-1.),(-0.19508871913207,
-0.980785599235331,0.),(-0.555572577269699,-0.831468045919929,0.),(-0.555572577269699,
-0.831468045919929,0.),(0.,0.,-1.),(-0.83147105949116,-0.555568067142675,
0.),(0.,0.,-1.),(-0.83147105949116,-0.555568067142675,0.),(-0.980785301553176,
-0.195090215688139,0.),(0.992708700122333,-0.120538113065649,0.),(0.885455094386782,
-0.464724946419379,0.),(0.,0.,1.),(0.999999999999289,-1.19208658817516E-6,
0.),(0.,0.,-1.),(0.,0.,-1.),(0.992708700122333,-0.120538113065649,0.),(0.885455094386782,
-0.464724946419379,0.),(0.885455094386782,-0.464724946419379,0.),(0.568070243455275,
-0.82298007175184,0.),(0.,0.,1.),(0.,0.,1.),(-0.995184788070895,0.0980165169361126,
0.),(0.885455094386782,-0.464724946419379,0.),(0.,0.,-1.),(0.568070243455275,
-0.82298007175184,0.),(0.568070243455275,-0.82298007175184,0.),(0.120535762120807,
-0.992708985579337,0.),(0.,0.,1.),(0.,0.,1.),(-0.0980168042561733,0.995184759772479,
0.),(0.,0.,1.),(-0.555570549553522,0.831469400801254,0.),(-0.831469852428253,
0.555569873645916,0.),(-0.831469852428253,0.555569873645916,0.),(0.,0.,
1.),(-0.980785524815425,0.195089093269025,0.),(0.,0.,1.),(-0.195089659594692,
0.980785412166814,0.),(-0.555570549553522,0.831469400801254,0.),(0.,0.,
-1.),(-0.995184788070895,0.0980165169361126,0.),(0.568070243455275,-0.82298007175184,
0.),(0.,0.,-1.),(0.120535762120807,-0.992708985579337,0.),(0.120535762120807,
-0.992708985579337,0.),(-0.354610385665115,-0.935014157314443,0.),(0.,0.,
1.),(0.,0.,-1.),(-0.0980168042561733,0.995184759772479,0.),(0.,0.,-1.),
(-0.980785524815425,0.195089093269025,0.),(-0.831469852428253,0.555569873645916,
0.),(-0.831469852428253,0.555569873645916,0.),(0.,0.,-1.),(-0.555570549553522,
0.831469400801254,0.),(0.,0.,-1.),(-0.555570549553522,0.831469400801254,
0.),(-0.195089659594692,0.980785412166814,0.),(0.120535762120807,-0.992708985579337,
0.),(0.,0.,-1.),(-0.354610385665115,-0.935014157314443,0.),(-0.354610385665115,
-0.935014157314443,0.),(-0.748505950332206,-0.66312807384191,0.),(0.,0.,
1.),(0.,0.,1.),(0.0980168042561733,0.995184759772479,0.),(-0.354610385665115,
-0.935014157314443,0.),(0.,0.,-1.),(-0.748505950332206,-0.66312807384191,
0.),(0.,0.,1.),(0.980785524815436,0.19508909326897,0.),(0.831469852428224,
0.55556987364596,0.),(0.831469852428224,0.55556987364596,0.),(0.,0.,1.),
(0.555570549553529,0.83146940080125,0.),(0.,0.,1.),(0.555570549553529,0.83146940080125,
0.),(0.195089659594692,0.980785412166814,0.),(0.,0.,-1.),(0.0980168042561733,
0.995184759772479,0.),(0.,0.,-1.),(0.831469852428224,0.55556987364596,0.),
(0.980785524815436,0.19508909326897,0.),(0.,0.,-1.),(0.555570549553529,
0.83146940080125,0.),(0.831469852428224,0.55556987364596,0.),(0.,0.,-1.),
(0.195089659594692,0.980785412166814,0.),(0.555570549553529,0.83146940080125,
0.)),$,(44,44,44,48,48,48,47,47,47,66,66,43,43,43,40,40,40,50,50,54,54,
54,62,62,62,58,58,58,45,45,45,46,46,46,68,68,65,65,67,67,39,39,39,36,36,
36,49,49,61,61,61,53,53,53,57,57,57,35,35,35,32,32,32,18,18,31,31,31,28,
28,28,17,17,27,27,27,24,24,24,2,2,6,6,6,10,10,10,14,14,14,23,23,23,22,22,
1,1,13,13,13,9,9,9,5,5,5,26,26,26,21,21,25,25,25,30,30,30,4,4,29,29,29,
34,34,34,20,20,12,12,12,8,8,8,16,16,16,3,3,33,33,33,38,38,38,19,19,7,7,
7,11,11,11,15,15,15,37,37,37,42,42,42,52,52,41,41,41,64,64,64,60,60,60,
56,56,56,51,51,63,63,63,59,59,59,55,55,55),((1,5,7),(10,4,3),(7,12,1),(15,
2,14),(3,17,18),(18,20,3),(3,23,10),(3,26,23),(20,26,3),(29,8,6),(6,32,
29),(35,33,4),(4,10,35),(13,9,37),(9,31,39),(39,37,9),(14,41,15),(44,16,
43),(17,46,18),(47,42,13),(37,49,13),(13,52,47),(13,55,52),(49,55,13),(43,
58,44),(61,45,60),(46,63,64),(64,18,46),(47,59,42),(60,66,61),(69,62,68),
(63,71,64),(72,67,59),(59,47,72),(68,74,69),(77,70,76),(71,79,80),(80,82,
71),(71,82,86),(86,88,71),(88,64,71),(72,75,67),(76,91,77),(94,78,93),(80,
79,95),(96,92,75),(75,72,98),(75,98,102),(102,104,75),(75,104,96),(107,
94,110),(80,95,109),(110,113,107),(115,108,114),(109,117,118),(109,118,
80),(93,110,94),(96,111,92),(112,111,96),(114,120,115),(123,116,122),(117,
125,126),(117,128,132),(117,134,128),(132,118,117),(126,134,117),(137,121,
112),(96,137,112),(122,139,123),(142,124,141),(126,125,144),(145,140,121),
(121,137,147),(147,151,121),(121,153,145),(151,153,121),(141,156,142),(159,
143,158),(162,144,161),(144,162,126),(157,140,145),(158,164,159),(34,160,
166),(161,33,35),(35,167,161),(167,171,161),(171,173,161),(161,173,162),
(165,157,176),(145,176,157),(166,30,34),(39,31,165),(165,178,39),(165,181,
178),(165,184,181),(176,184,165),(36,40,180),(169,179,183),(180,168,36),
(11,38,40),(40,36,11),(133,148,138),(119,138,97),(138,119,133),(130,150,
149),(149,131,130),(172,182,186),(183,170,169),(25,50,38),(38,11,25),(19,
48,54),(22,53,57),(54,21,19),(65,73,48),(48,19,65),(127,146,155),(136,154,
152),(155,135,127),(163,177,146),(146,127,163),(152,129,136),(175,185,177),
(186,174,172),(28,56,51),(51,24,28),(57,27,22),(177,163,175),(90,99,73),
(73,65,90),(87,101,100),(100,89,87),(84,105,103),(103,85,84),(81,97,106),
(106,83,81),(97,81,119)),());
#80=COMPLEX_TRIANGULATED_FACE('ConvergentBody',#84,16,((0.00751597817167026,
-0.128357987867392,-0.991699418686306),(-0.00751554866617437,0.128357212556349,
0.99169952229141),(0.00751597817167026,-0.128357987867392,-0.991699418686306),
(0.00751597817167026,-0.128357987867392,-0.991699418686306),(0.00751597817167026,
-0.128357987867392,-0.991699418686306),(0.00751597817167026,-0.128357987867392,
-0.991699418686306),(0.00751597816675575,-0.128357987857419,-0.991699418687634),
(0.00751597818449225,-0.128357987893461,-0.991699418682835),(0.00751597817171203,
-0.128357987867465,-0.991699418686296),(-0.0075156102919531,0.128357347293711,
0.991699504385104),(-0.00751566981593765,0.128357461230226,0.991699489186996),
(-0.00751297904242031,0.128351929038153,0.991700225601514),(-0.00745186101216113,
0.128229295929955,0.991716550952319),(-0.0077147876834374,0.128760769796322,
0.991645675739302),(-0.00729641923178467,0.127912304408199,0.991758642335613),
(-0.00782217709263991,0.128980300374868,0.991616304656564)),$,(14,14,7,
8,4,3,11,12,1,1,2,5,6,9,10,13),((1,3,4),(1,5,3),(1,6,5),(4,7,1),(7,8,1),
(1,9,6),(11,2,12),(10,2,11),(12,2,13),(13,2,14),(14,2,15),(16,15,2)),());
#81=COMPLEX_TRIANGULATED_FACE('ConvergentBody',#85,2787,((-0.00100933318776164,
0.,0.999999490623128),(0.493060165510209,-0.150837138094127,0.856819602342651),
(0.885455224302825,-0.464724698886162,0.),(0.992709300106275,-0.120533171710158,
0.),(0.515039446672452,0.,0.857166476462615),(1.,0.,0.),(0.385511504383155,
-0.341534704841309,0.857166801373686),(0.568063277565642,-0.822984879983454,
0.),(0.885455224302825,-0.464724698886162,0.),(0.493060165510216,0.150837138094135,
0.856819602342646),(0.992709300106232,0.12053317171051,0.),(0.885455224302825,
0.464724698886162,0.),(0.18263481534403,-0.481569763625173,0.857166895642994),
(0.120536914065527,-0.992708845708327,0.),(0.568063277565642,-0.822984879983454,
0.),(0.385511504383172,0.341534704841319,0.857166801373675),(0.885455224302825,
0.464724698886162,0.),(0.568063277565631,0.822984879983462,0.),(-0.456043814945162,
0.23934970959567,0.857167285520587),(-0.748515507600283,0.663117285916972,
0.),(-0.970940609697919,0.239320564180002,0.),(-0.970940609697919,0.239320564180002,
0.),(-0.515037163482997,0.,0.857167848342079),(-0.970940609697928,-0.239320564179964,
0.),(-0.292574740099679,0.423866865186113,0.85716795440153),(-0.35459951253903,
0.935018280948069,0.),(-0.748515507600283,0.663117285916972,0.),(-0.456043814945152,
-0.239349709595659,0.857167285520595),(-0.970940609697928,-0.239320564179964,
0.),(-0.748515507600283,-0.663117285916972,0.),(-0.0620797237574595,0.511283347798491,
0.857167105156378),(0.120536914065527,0.992708845708327,0.),(-0.35459951253903,
0.935018280948069,0.),(-0.292574740099663,-0.423866865186095,0.857167954401544),
(-0.748515507600283,-0.663117285916972,0.),(-0.35459951253903,-0.935018280948069,
0.),(0.182634815344041,0.481569763625198,0.857166895642978),(0.568063277565631,
0.822984879983462,0.),(0.120536914065527,0.992708845708327,0.),(-0.0620797237574554,
-0.511283347798462,0.857167105156395),(-0.35459951253903,-0.935018280948069,
0.),(0.120536914065527,-0.992708845708327,0.),(1.,0.,0.),(0.,0.,1.),(0.885455224302825,
-0.464724698886162,0.),(0.568063277565642,-0.822984879983454,0.),(0.,0.,
1.),(0.992709300106275,-0.120533171710158,0.),(0.885455224302825,-0.464724698886162,
0.),(0.,0.,1.),(0.568063277565642,-0.822984879983454,0.),(0.120536914065527,
-0.992708845708327,0.),(0.,0.,1.),(0.885455224302825,0.464724698886162,
0.),(0.992709300106232,0.12053317171051,0.),(0.,0.,1.),(-0.970940609697919,
0.239320564180002,0.),(-0.748515507600283,0.663117285916972,0.),(0.,0.,
1.),(-0.748515507600283,0.663117285916972,0.),(0.,0.,1.),(-0.35459951253903,
0.935018280948069,0.),(-0.970940609697928,-0.239320564179964,0.),(-0.970940609697919,
0.239320564180002,0.),(0.,0.,1.),(-0.35459951253903,0.935018280948069,0.),
(0.120536914065527,0.992708845708327,0.),(0.,0.,1.),(-0.748515507600283,
-0.663117285916972,0.),(-0.970940609697928,-0.239320564179964,0.),(0.,0.,
1.),(0.120536914065527,0.992708845708327,0.),(0.568063277565631,0.822984879983462,
0.),(0.,0.,1.),(0.568063277565631,0.822984879983462,0.),(0.,0.,1.),(0.885455224302825,
0.464724698886162,0.),(0.120536914065527,-0.992708845708327,0.),(-0.35459951253903,
-0.935018280948069,0.),(0.,0.,1.),(-0.35459951253903,-0.935018280948069,
0.),(0.,0.,1.),(-0.748515507600283,-0.663117285916972,0.),(0.,0.,1.),(0.995184788070895,
-0.0980165169361126,0.),(0.,0.,1.),(0.995184731985267,0.0980170863850366,
0.),(0.,0.,1.),(0.0980168042561733,-0.995184759772479,0.),(0.,0.,1.),(0.195089659594692,
-0.980785412166814,0.),(0.555570549553522,-0.831469400801254,0.),(0.,0.,
1.),(0.831469852428253,-0.555569873645916,0.),(0.980785524815425,-0.195089093269025,
0.),(0.,0.,1.),(0.555570549553522,-0.831469400801254,0.),(0.831469852428253,
-0.555569873645916,0.),(0.,0.,1.),(-0.0980163271212212,0.995184806765892,
0.),(0.,0.,1.),(-0.99518473198527,0.0980170863850089,0.),(0.,0.,1.),(-0.83147105949113,
0.55556806714272,0.),(-0.980785301553187,0.195090215688084,0.),(0.,0.,1.),
(-0.19508871913207,0.980785599235331,0.),(-0.555572577269706,0.831468045919924,
0.),(-0.555572577269706,0.831468045919924,0.),(0.,0.,1.),(-0.83147105949113,
0.55556806714272,0.),(0.,0.,1.),(-0.995184788070898,-0.0980165169360849,
0.),(0.,0.,1.),(0.0980163271212212,0.995184806765892,0.),(0.,0.,1.),(0.980785301553177,
0.195090215688139,0.),(0.83147105949116,0.555568067142675,0.),(0.,0.,1.),
(0.555572577269699,0.831468045919928,0.),(0.19508871913207,0.980785599235331,
0.),(0.,0.,1.),(0.83147105949116,0.555568067142675,0.),(0.555572577269699,
0.831468045919928,0.),(0.,0.,1.),(-0.0980168042561733,-0.995184759772479,
0.),(0.,0.,1.),(-0.980785524815436,-0.19508909326897,0.),(-0.831469852428224,
-0.55556987364596,0.),(0.,0.,1.),(-0.555570549553529,-0.83146940080125,
0.),(-0.195089659594692,-0.980785412166814,0.),(0.,0.,1.),(-0.831469852428224,
-0.55556987364596,0.),(-0.555570549553529,-0.83146940080125,0.),(-1.,0.,
0.),(0.,0.,1.),(0.,0.,1.),(-0.995184788070898,-0.0980165169360849,0.),(-1.,
0.,0.),(0.,0.,1.),(-0.980785301553187,0.195090215688084,0.),(-0.83147105949113,
0.55556806714272,0.),(0.,0.,1.),(0.,0.,1.),(-0.99518473198527,0.0980170863850089,
0.),(-0.195089659594692,-0.980785412166814,0.),(-0.555570549553529,-0.83146940080125,
0.),(0.,0.,1.),(0.,0.,1.),(-0.0980168042561733,-0.995184759772479,0.),(-0.831469852428224,
-0.55556987364596,0.),(-0.980785524815436,-0.19508909326897,0.),(0.,0.,
1.),(-0.555570549553529,-0.83146940080125,0.),(-0.831469852428224,-0.55556987364596,
0.),(0.,0.,1.),(0.,0.,1.),(0.0980168042561733,-0.995184759772479,0.),(0.980785524815425,
-0.195089093269025,0.),(0.831469852428253,-0.555569873645916,0.),(0.,0.,
1.),(0.,0.,1.),(1.,0.,0.),(0.,0.,1.),(1.,0.,0.),(0.995184788070895,-0.0980165169361126,
0.),(0.,0.,1.),(0.555570549553522,-0.831469400801254,0.),(0.195089659594692,
-0.980785412166814,0.),(0.,0.,1.),(0.831469852428253,-0.555569873645916,
0.),(0.555570549553522,-0.831469400801254,0.),(0.,0.,1.),(0.,0.,1.),(0.995184731985267,
0.0980170863850366,0.),(0.19508871913207,0.980785599235331,0.),(0.555572577269699,
0.831468045919928,0.),(0.,0.,1.),(0.,0.,1.),(0.0980163271212212,0.995184806765892,
0.),(0.83147105949116,0.555568067142675,0.),(0.980785301553177,0.195090215688139,
0.),(0.,0.,1.),(0.555572577269699,0.831468045919928,0.),(0.83147105949116,
0.555568067142675,0.),(0.,0.,1.),(0.,0.,1.),(-0.0980163271212212,0.995184806765892,
0.),(-0.555572577269706,0.831468045919924,0.),(-0.19508871913207,0.980785599235331,
0.),(0.,0.,1.),(-0.83147105949113,0.55556806714272,0.),(-0.555572577269706,
0.831468045919924,0.),(0.,0.,1.),(0.,0.,1.),(0.,0.,1.),(0.,0.,1.),(0.,0.,
1.),(0.,0.,1.),(0.,0.,1.),(0.,0.,1.),(0.,0.,1.),(0.,0.,1.),(0.,0.,1.),(0.,
0.,1.),(0.0708908762685337,0.997484076896408,0.),(0.,0.,1.),(0.,0.,1.),
(0.,1.,0.),(0.,1.,0.),(0.,0.,1.),(0.,0.,1.),(0.141420638162399,0.989949596243031,
0.),(0.,0.,1.),(0.0708864403721715,0.997484392144239,0.),(0.,0.,1.),(-0.0708864403721715,
0.997484392144239,0.),(0.,0.,1.),(-0.141420638162399,0.989949596243031,
0.),(0.,0.,1.),(-0.0708908762685337,0.997484076896408,0.),(0.,0.,1.),(0.,
0.,1.),(0.,0.,1.),(0.,1.,0.),(0.,0.,1.),(0.,0.,1.),(1.,0.,0.),(0.,0.,1.),
(0.,0.,1.),(0.120536914065527,0.992708845708327,0.),(0.568061804237254,
0.822985896942782,0.),(0.,0.,1.),(0.885456521098674,0.464722228050084,0.),
(0.992708551420486,0.120539337714461,0.),(0.,0.,1.),(0.568061804237254,
0.822985896942782,0.),(0.885456521098674,0.464722228050084,0.),(0.,0.,1.),
(0.,0.,1.),(0.,0.,1.),(0.,0.,1.),(0.,0.,1.),(-0.970944994746057,-0.239302773025261,
0.),(-0.970944994746053,0.239302773025276,0.),(-0.970944994746053,0.239302773025276,
0.),(0.,0.,1.),(-0.74850077917826,0.663133910737144,0.),(0.,0.,1.),(-0.354604893978954,
0.935016240054778,0.),(0.120538955169716,0.992708597870792,0.),(0.,0.,1.),
(-0.74850077917826,0.663133910737144,0.),(-0.354604893978954,0.935016240054778,
0.),(0.,0.,1.),(0.,0.,1.),(0.,0.,1.),(0.,0.,1.),(0.568061804237254,-0.822985896942782,
0.),(0.120536914065527,-0.992708845708327,0.),(0.,0.,1.),(0.885456521098674,
-0.464722228050084,0.),(0.568061804237254,-0.822985896942782,0.),(0.,0.,
1.),(0.99270855142049,-0.120539337714423,0.),(0.885456521098674,-0.464722228050084,
0.),(0.,0.,1.),(0.,0.,1.),(0.,-1.,0.),(0.,0.,1.),(0.,-1.,0.),(0.,0.,1.),
(0.451911806270499,0.625983380104148,0.635547423239777),(0.61890071567006,
0.709076076333266,0.337894986815294),(0.,-1.,0.),(0.,0.,1.),(0.,0.,1.),
(0.240891882764555,0.706744649278861,0.665194032996273),(0.,0.,1.),(0.,
0.,1.),(0.,0.,1.),(0.,0.,1.),(0.0665937485606719,0.705537126114792,0.705537126114791),
(0.,-1.,0.),(0.705232792890206,0.705232763130344,0.0727561519035964),(0.,
-1.,0.),(0.664862673953996,0.708508750172383,0.236586085203484),(0.,0.,
1.),(0.,-1.,0.),(0.,-1.,0.),(0.707106820392917,0.707106741980176,0.),(0.,
0.,1.),(0.351402994297586,0.69540542542731,0.626839078141234),(0.,0.,-1.),
(0.635702329282281,0.707961844376725,0.307689088938474),(0.451410081162114,
0.615782839777323,0.645786677518969),(0.,0.0430252245153666,-0.999073986276994),
(0.,0.,1.),(0.,0.,1.),(0.,0.,1.),(0.085232814533969,-0.701951030258586,
-0.707106864940178),(0.,0.,1.),(0.,0.,1.),(0.401682419022413,-0.581937583000889,
-0.707106698977874),(0.,0.,1.),(0.707106795985869,0.,-0.707106766387221),
(0.,0.,1.),(0.626111517164299,-0.328609732174485,-0.707106789667892),(0.,
0.,1.),(0.,0.,1.),(0.,0.,1.),(0.,0.,1.),(-0.250742672691697,-0.661156700336093,
-0.707106731471363),(0.,0.,1.),(-0.709525545836847,0.,-0.704679714341842),
(0.,0.,1.),(-0.674642479625859,-0.214353250055968,-0.70633576213775),(0.,
0.,1.),(-0.529277849983446,-0.468897816992678,-0.70710663604325),(0.,0.,
1.),(-0.0305081963999223,0.706777634745337,0.706777634745336),(0.,0.,1.),
(0.,0.,1.),(0.,-1.,0.),(0.,-1.,0.),(0.,0.,1.),(-0.503268097844826,0.711816638267929,
0.489937031848578),(0.,0.,1.),(-0.413330942803251,0.762342574032588,0.497987280498954),
(-0.0957730312318436,0.693546876642455,0.714016986064169),(0.072756219672075,
0.705232812638053,0.705232736391079),(0.,0.,-1.),(0.,0.,-1.),(-0.0614429938833283,
0.696871876809259,0.71455884699232),(0.67603623005511,0.705709533823761,
0.212011956085323),(0.,1.,0.),(0.,1.,0.),(0.705537171937906,0.705537093699228,
0.066593606512248),(0.638859721716494,0.707681609775947,0.301736632103641),
(0.,0.196245693117038,-0.980554755193718),(0.,0.558500807412211,-0.829503977156934),
(0.648183228659986,0.707182080441698,0.282403978700848),(-1.65612051666169E-6,
0.992203346334694,-0.124629529083172),(0.641544829882287,0.707494112207996,
0.296432644022765),(0.,0.558499940931795,-0.829504560553132),(-1.7353095540909E-6,
0.834731788075758,-0.550656736972169),(0.644465886918605,0.707332502965533,
0.290421161155193),(-1.73397567720421E-6,0.834730789415816,-0.550658250821907),
(-2.54731171517943E-6,0.981467361243853,-0.191629378766771),(0.09801528575643,
-0.995184909329962,0.),(0.,0.,1.),(0.,0.,1.),(0.,-1.,0.),(0.,0.,1.),(0.707106820392917,
0.707106741980176,0.),(0.,1.,0.),(0.,0.,1.),(0.,0.,1.),(0.,0.,1.),(0.0852334348954055,
-0.701950866571661,-0.707106952656544),(0.,0.,1.),(0.,0.,1.),(-0.250743101920413,
-0.661156281804743,-0.707106970598832),(0.,0.,1.),(-0.709527786689559,0.,
-0.704677458072409),(0.,0.,1.),(-0.674643615846785,-0.214347069394737,-0.706336552529362),
(0.,0.,1.),(-0.52927493543331,-0.468900282915154,-0.707107182401758),(0.,
-1.,0.),(0.,0.,1.),(0.,-1.,0.),(0.,0.,1.),(0.,-1.,0.),(0.,0.,1.),(0.,0.,
1.),(0.09801528575643,-0.995184909329962,0.),(0.195086666536926,-0.980786007516171,
0.),(0.55557642384065,-0.831465475694833,0.),(0.,0.,1.),(0.,0.,1.),(0.195086666536926,
-0.980786007516171,0.),(0.55557642384065,-0.831465475694833,0.),(0.,0.,
1.),(-0.0980148086284509,0.995184956321953,0.),(0.,0.,1.),(0.,0.,1.),(0.,
0.,1.),(0.,0.,1.),(0.401683548969186,-0.581936578076772,-0.707106884129844),
(0.,0.,1.),(0.707106315639905,0.,-0.707107246732507),(0.,0.,1.),(0.626111365467579,
-0.328611054820031,-0.707106309321583),(0.,0.,1.),(0.,0.,1.),(0.,0.,1.),
(0.,0.,1.),(0.,0.,1.),(0.,0.,1.),(0.12053655211865,-0.992708889656654,0.),
(-0.354598235549242,-0.935018765237022,0.),(0.,0.,1.),(-0.970944994746057,
-0.239302773025261,0.),(-0.970944994746053,0.239302773025276,0.),(0.,0.,
1.),(-0.354598235549242,-0.935018765237022,0.),(-0.748511299075863,-0.663122036397347,
0.),(-0.748511299075863,-0.663122036397347,0.),(0.,0.,1.),(-0.970944994746057,
-0.239302773025261,0.),(0.,0.,1.),(0.0852336935561809,-0.701951011885269,
-0.707106777223933),(0.,0.,1.),(0.,0.,1.),(-0.250743101920413,-0.661156281804743,
-0.707106970598832),(0.,0.,1.),(-0.67463733884024,-0.214366434094111,-0.706336671125274),
(0.,0.,1.),(-0.52927866840821,-0.468896069252542,-0.707107182404158),(0.,
0.,1.),(0.568067954914164,-0.822981651435583,0.),(0.12053655211865,-0.992708889656654,
0.),(0.,0.,1.),(1.,0.,0.),(0.,0.,1.),(0.992704525417558,-0.120572489463807,
0.),(0.885462698866534,-0.464710457076225,0.),(0.,0.,1.),(0.885462698866534,
-0.464710457076225,0.),(0.,0.,1.),(0.568067954914164,-0.822981651435583,
0.),(0.,0.,1.),(-0.970944994746053,0.239302773025276,0.),(-0.748511299075863,
0.663122036397347,0.),(0.,0.,1.),(0.401681553857266,-0.5819397860385,-0.707105377377571),
(0.,0.,1.),(-0.354598235549266,0.935018765237012,0.),(0.120536552118679,
0.992708889656651,0.),(0.,0.,1.),(0.,0.,1.),(-0.748511299075863,0.663122036397347,
0.),(-0.354598235549266,0.935018765237012,0.),(0.,0.,1.),(0.707108717374864,
2.54551130458819E-6,-0.707104844988347),(0.,0.,1.),(0.62611237456401,-0.328606533742996,
-0.707107516859515),(-0.354598235549242,-0.935018765237022,0.),(0.12053655211865,
-0.992708889656654,0.),(0.,0.,1.),(0.12053655211865,-0.992708889656654,
0.),(0.,0.,1.),(0.568067954914164,-0.822981651435583,0.),(-0.970944994746057,
-0.239302773025261,0.),(-0.748511299075863,-0.663122036397347,0.),(0.,0.,
1.),(-0.970944994746053,0.239302773025276,0.),(-0.970944994746057,-0.239302773025261,
0.),(0.,0.,1.),(-0.748511299075863,-0.663122036397347,0.),(-0.354598235549242,
-0.935018765237022,0.),(0.,0.,1.),(0.,0.,1.),(0.995185920526461,-0.0980050181669295,
0.),(0.,0.,1.),(0.831459466034845,-0.555585417682151,0.),(0.9807900328282,
-0.195066428441337,0.),(0.,0.,1.),(-1.,0.,0.),(0.,0.,1.),(-1.,0.,0.),(0.,
0.,1.),(-0.995184957348749,-0.0980147982029697,0.),(0.,0.,1.),(0.,0.,1.),
(0.,0.,1.),(-1.,0.,0.),(0.,0.,1.),(-0.995184957348749,-0.0980147982029697,
0.),(0.,0.,1.),(-0.980786198666462,-0.195085705538337,0.),(-0.831468498573337,
-0.555571899829537,0.),(0.,0.,1.),(0.,-1.,0.),(0.,0.,1.),(0.,-1.,0.),(0.,
0.,1.),(-0.831468498573337,-0.555571899829537,0.),(-0.555564564784272,-0.831473399668361,
0.),(-0.555564564784272,-0.831473399668361,0.),(0.,0.,1.),(-0.195092278594114,
-0.980784891213643,0.),(0.,0.,1.),(-0.0980181329814987,-0.995184628904015,
0.),(-1.,0.,0.),(0.,0.,1.),(0.,0.,1.),(-0.980786198666462,-0.195085705538337,
0.),(-0.831468498573337,-0.555571899829537,0.),(-1.,0.,0.),(0.,0.,1.),(-1.,
0.,0.),(0.,0.,1.),(0.,0.,1.),(-0.995184957348748,0.0980147982029826,0.),
(0.,0.,1.),(0.995184806765889,-0.0980163271212552,0.),(0.,0.,1.),(0.995184788070896,
0.0980165169361012,0.),(0.,0.,1.),(0.,0.,1.),(0.,-1.,0.),(-0.0980181329814987,
-0.995184628904015,0.),(0.,0.,1.),(0.,0.,1.),(0.,-1.,0.),(-0.555564564784272,
-0.831473399668361,0.),(-0.831468498573337,-0.555571899829537,0.),(0.,0.,
1.),(-0.195092278594114,-0.980784891213643,0.),(-0.555564564784272,-0.831473399668361,
0.),(0.,0.,1.),(0.,0.,1.),(0.,-1.,0.),(-0.659521527873089,0.708871030405632,
0.250066424222853),(0.,-1.,0.),(0.,0.,1.),(0.,-1.,0.),(-0.705232781298046,
0.70523278129805,0.0727560881661442),(0.,0.,1.),(0.120536940277848,-0.992708842525569,
0.),(-0.354604816823557,-0.935016269315958,0.),(0.,0.,1.),(0.,0.,1.),(-0.970941490542164,
-0.239316990503728,0.),(-0.970941504020737,0.239316935819322,0.),(0.,0.,
1.),(-0.748510923936024,-0.663122459843157,0.),(-0.970941490542164,-0.239316990503728,
0.),(0.,0.,1.),(-0.354604816823557,-0.935016269315958,0.),(-0.748510923936024,
-0.663122459843157,0.),(-0.416944805903845,0.749653230857864,0.513981577777035),
(0.,0.,-1.),(-0.134880095548346,0.678088222041125,0.722498251177105),(-0.574475414113159,
0.710541097693984,0.406336494875052),(0.,0.,-1.),(0.,0.,-1.),(0.0852324109662645,
-0.701951225867189,-0.707106719402686),(0.401682495529644,-0.581937328645297,
-0.707106864847353),(0.,0.,-1.),(0.,0.,1.),(-0.674642221641963,0.214352865351919,
-0.706336125292639),(0.,0.,1.),(0.568063902819562,-0.822984448403132,0.),
(0.120536940277848,-0.992708842525569,0.),(0.,0.,1.),(1.,0.,0.),(0.,0.,
1.),(0.,0.,1.),(0.992708707457802,-0.120538052653343,0.),(0.885456446033743,
-0.464722371074703,0.),(0.885456446033743,-0.464722371074703,0.),(0.,0.,
1.),(0.568063902819562,-0.822984448403132,0.),(-0.688504947340785,-0.171769286721808,
-0.704596515479849),(0.,0.,-1.),(0.,0.,-1.),(-0.688505103998931,0.171769252760487,
-0.70459637067865),(-0.529277236249433,-0.468898595433631,-0.707106579228712),
(0.,0.,-1.),(0.,0.,-1.),(-0.250743467007805,-0.661156492476772,-0.707106644155405),
(0.,0.,1.),(0.626111775144337,0.3286089745827,-0.707106913308952),(0.,0.,
1.),(0.707106781186544,0.,-0.70710678118655),(0.,0.,-1.),(0.,0.,-1.),(0.626112011440616,
0.32860877721785,-0.707106795799033),(0.626111850120821,-0.328608896176935,
-0.707106883357572),(0.,0.,-1.),(0.,0.,-1.),(0.0852327137892758,-0.701951189097736,
-0.707106719402659),(0.401682928067352,-0.581937074238761,-0.707106828510141),
(0.,0.,-1.),(0.,0.,1.),(-0.674644092077102,0.214348598808245,-0.706335633544284),
(-0.688505372260976,-0.171768238173781,-0.704596355882182),(0.,0.,-1.),
(0.,0.,-1.),(-0.688504945109835,0.171768493927134,-0.704596710929953),(-0.529277346867853,
-0.468898081356757,-0.707106837325505),(0.,0.,-1.),(0.,0.,-1.),(-0.250743385887714,
-0.661156174109934,-0.70710697059913),(0.707106582197741,0.,-0.707106980175271),
(0.,0.,-1.),(0.,0.,1.),(0.626110940277181,0.32861096369936,-0.707106728154811),
(0.626111873413872,0.328609468393224,-0.707106596810194),(0.,0.,-1.),(0.,
0.,-1.),(0.626111711899687,-0.328609324582793,-0.707106806656027),(0.,0.,
1.),(0.0852333135169348,-0.701951116277268,-0.707106719402398),(0.,0.,-1.),
(0.,0.,-1.),(0.401682549182286,-0.581938178398375,-0.70710613503547),(0.,
0.,1.),(-0.70952090579099,0.,-0.704684386264879),(0.,0.,1.),(0.,0.,1.),
(-0.529277239739138,0.468896404035959,-0.707108029777817),(0.,0.,1.),(-0.674636747138695,
0.214365179294464,-0.706337617089853),(-0.52927620928443,-0.46889827079029,
-0.707107563200523),(0.,0.,-1.),(0.,0.,-1.),(-0.688503520899766,-0.171770291606729,
-0.704597664365959),(-0.250743385887714,-0.661156174109934,-0.70710697059913),
(0.,0.,-1.),(0.,0.,1.),(0.999999999999989,0.,0.),(0.,0.,1.),(0.885462698866534,
0.464710457076226,0.),(0.992704561645304,0.120572191191026,0.),(0.,0.,1.),
(0.568067104796603,0.822982238233611,0.),(0.885462698866534,0.464710457076226,
0.),(0.,0.,1.),(0.120536552118679,0.992708889656651,0.),(0.568067104796603,
0.822982238233611,0.),(0.,0.,1.),(1.,0.,0.),(0.,0.,1.),(0.999999999999989,
0.,0.),(0.,0.,1.),(0.992704561645304,0.120572191191026,0.),(0.885462698866534,
0.464710457076226,0.),(0.,0.,1.),(0.,0.,1.),(0.992704525417558,-0.120572489463807,
0.),(0.885462698866534,-0.464710457076225,0.),(0.885462698866534,0.464710457076226,
0.),(0.568067104796603,0.822982238233611,0.),(0.,0.,1.),(0.568067104796603,
0.822982238233611,0.),(0.,0.,1.),(0.120536552118679,0.992708889656651,0.),
(0.995185920526461,-0.0980050181669295,0.),(0.,0.,1.),(0.120536552118679,
0.992708889656651,0.),(-0.354598235549266,0.935018765237012,0.),(0.,0.,
1.),(-0.354598235549266,0.935018765237012,0.),(0.,0.,1.),(-0.748511299075863,
0.663122036397347,0.),(0.,0.,1.),(0.,0.,1.),(0.626115411883385,0.328603419841834,
-0.707106274523392),(0.,0.,1.),(1.,0.,0.),(0.,0.,1.),(0.,0.,1.),(0.885462698866534,
-0.464710457076225,0.),(0.,0.,1.),(0.568067954914164,-0.822981651435583,
0.),(-0.748511299075863,0.663122036397347,0.),(-0.970944994746053,0.239302773025276,
0.),(0.,0.,1.),(0.707107577143577,0.,-0.707105985228327),(0.,0.,-1.),(0.,
0.,-1.),(0.626112561804597,0.328608585566894,-0.707106397540151),(0.626112499250594,
-0.328609733953872,-0.707105919246148),(0.,0.,-1.),(0.9807900328282,-0.195066428441337,
0.),(0.831459466034845,-0.555585417682151,0.),(0.,0.,1.),(0.,0.,1.),(1.,
0.,0.),(0.,0.,1.),(1.,0.,0.),(0.,0.,1.),(1.,0.,0.),(0.995185897162926,0.0980052554102204,
0.),(0.,0.,1.),(0.,0.,1.),(-0.995185934544492,-0.0980048758215996,0.),(0.,
0.,1.),(-0.995185934544492,0.0980048758215899,0.),(0.,0.,1.),(0.,0.,1.),
(-0.970941504020737,0.239316935819322,0.),(-0.748511437057962,0.66312188064746,
0.),(0.,0.,1.),(0.,0.,1.),(-0.354604893978954,0.935016240054778,0.),(0.120536843643897,
0.992708854259076,0.),(0.,0.,1.),(-0.748511437057962,0.66312188064746,0.),
(-0.354604893978954,0.935016240054778,0.),(-0.970941490542164,-0.239316990503728,
0.),(-0.748510923936024,-0.663122459843157,0.),(0.,0.,1.),(-0.970941504020737,
0.239316935819322,0.),(-0.970941490542164,-0.239316990503728,0.),(0.,0.,
1.),(-0.354604816823557,-0.935016269315958,0.),(0.120536940277848,-0.992708842525569,
0.),(0.,0.,1.),(0.120536940277848,-0.992708842525569,0.),(0.,0.,1.),(0.568063902819562,
-0.822984448403132,0.),(-0.748510923936024,-0.663122459843157,0.),(-0.354604816823557,
-0.935016269315958,0.),(0.,0.,1.),(0.,0.,1.),(0.40168216135655,0.581937641797165,
-0.707106796960321),(0.,0.,1.),(0.,0.,1.),(-0.250743607851556,0.661156516670689,
-0.707106571589789),(0.,0.,1.),(0.085232344429794,0.701951172105873,-0.707106780792118),
(0.401682517811434,0.581937386537223,-0.707106804545744),(0.,0.,-1.),(0.,
0.,1.),(0.120538955169716,-0.992708597870792,0.),(-0.35460489397897,-0.935016240054772,
0.),(0.,0.,1.),(0.0852330941225576,0.701951081076519,-0.707106780791841),
(0.,0.,1.),(-0.35460489397897,-0.935016240054772,0.),(-0.748501883059322,
-0.663132664748653,0.),(0.,0.,1.),(0.401683555672196,0.581936785952184,
-0.707106709244215),(0.,0.,1.),(-0.748501883059322,-0.663132664748653,0.),
(-0.970944994746057,-0.239302773025261,0.),(0.,0.,1.),(0.568057716147089,
-0.822988718711109,0.),(0.120538955169716,-0.992708597870792,0.),(0.,0.,
1.),(0.992699824788827,-0.120611184656452,0.),(0.885470962451292,-0.464694711241243,
0.),(0.885470962451292,-0.464694711241243,0.),(0.,0.,1.),(0.568057716147089,
-0.822988718711109,0.),(0.,0.,1.),(0.401680405846694,0.581939677888056,
-0.707106118527043),(0.,0.,1.),(0.,0.,1.),(0.,0.,1.),(0.0852330941225576,
0.701951081076519,-0.707106780791841),(0.401682588287539,0.581938548426822,
-0.707105808292865),(0.,0.,-1.),(0.,0.,1.),(0.,0.,1.),(0.,0.,1.),(0.120536843643897,
0.992708854259076,0.),(0.568064859200641,0.822983788261565,0.),(0.568064859200641,
0.822983788261565,0.),(0.,0.,1.),(0.885456467211175,0.464722330724386,0.),
(0.,0.,1.),(0.885456467211175,0.464722330724386,0.),(0.992708709720759,
0.120538034016428,0.),(0.,0.,1.),(-0.529277293534158,0.468898310837614,
-0.707106725072523),(0.120536843643897,0.992708854259076,0.),(-0.354604893978954,
0.935016240054778,0.),(0.,0.,1.),(-0.354604893978954,0.935016240054778,
0.),(0.,0.,1.),(-0.748511437057962,0.66312188064746,0.),(0.,0.,1.),(0.568064859200641,
0.822983788261565,0.),(0.120536843643897,0.992708854259076,0.),(0.,0.,1.),
(0.,0.,1.),(1.,0.,0.),(0.992708707457802,-0.120538052653343,0.),(0.,0.,
1.),(0.885456446033743,-0.464722371074703,0.),(0.885456467211175,0.464722330724386,
0.),(0.568064859200641,0.822983788261565,0.),(0.,0.,1.),(0.992708709720759,
0.120538034016428,0.),(0.885456467211175,0.464722330724386,0.),(0.,0.,1.),
(0.,0.,1.),(-0.529277204027621,0.468898764097752,-0.707106491502025),(0.,
0.,-1.),(0.,0.,-1.),(-0.250743714769061,0.661156332327385,-0.707106706040334),
(-0.748511437057962,0.66312188064746,0.),(-0.970941504020737,0.239316935819322,
0.),(0.,0.,1.),(0.,0.,1.),(0.568063902819562,-0.822984448403132,0.),(0.885456446033743,
-0.464722371074703,0.),(0.,0.,1.),(0.,0.,1.),(-0.529276402987034,0.468899990910861,
-0.7071062775601),(0.,0.,1.),(-0.250743693557731,0.661156002995137,-0.707107021492872),
(0.0852323234992102,0.701951211948209,-0.70710674376318),(0.,0.,-1.),(-0.35460489397897,
-0.935016240054772,0.),(0.120538955169716,-0.992708597870792,0.),(0.,0.,
1.),(0.120538955169716,-0.992708597870792,0.),(0.,0.,1.),(0.568057716147089,
-0.822988718711109,0.),(0.0852326523742554,0.70195113541136,-0.707106780100397),
(0.,0.,-1.),(0.,0.,-1.),(-0.250743595735434,0.661156121723672,-0.707106945168111),
(-0.970944994746057,-0.239302773025261,0.),(-0.748501883059322,-0.663132664748653,
0.),(0.,0.,1.),(-0.970944994746053,0.239302773025276,0.),(-0.970944994746057,
-0.239302773025261,0.),(0.,0.,1.),(-0.748501883059322,-0.663132664748653,
0.),(-0.35460489397897,-0.935016240054772,0.),(0.,0.,1.),(0.401682914160354,
0.581937019757606,-0.707106881247299),(0.,0.,-1.),(0.,0.,1.),(-0.250743693557731,
0.661156002995137,-0.707107021492872),(0.,0.,1.),(0.999999999999955,0.,
0.),(0.885470962451292,-0.464694711241243,0.),(0.992699824788827,-0.120611184656452,
0.),(0.,0.,1.),(0.,0.,1.),(0.999999999999955,0.,0.),(0.,0.,1.),(0.885470962451277,
0.464694711241271,0.),(0.992699752286723,0.120611781389213,0.),(0.,0.,1.),
(0.568057716147089,0.822988718711109,0.),(0.885470962451277,0.464694711241271,
0.),(0.,0.,1.),(0.120538955169716,0.992708597870792,0.),(0.568057716147089,
0.822988718711109,0.),(0.568057716147089,-0.822988718711109,0.),(0.885470962451292,
-0.464694711241243,0.),(0.,0.,1.),(-0.688503942923041,0.171770125959216,
-0.704597292364497),(0.,0.,-1.),(0.,0.,-1.),(-0.529276334157407,0.468898735877888,
-0.707107161322112),(0.,0.,1.),(0.,0.,1.),(0.0852331999987056,0.701951142125552,
-0.70710670742584),(0.,0.,-1.),(0.,0.,-1.),(-0.250743595735434,0.661156121723672,
-0.707106945168111),(0.,0.,1.),(0.,0.,1.),(-1.,0.,0.),(0.,0.,1.),(0.,0.,
1.),(0.,0.,1.),(0.,0.,1.),(-0.970942074258614,-0.239314622274486,0.),(-0.970942074258605,
0.239314622274524,0.),(0.,0.,1.),(0.120536914065527,-0.992708845708327,
0.),(-0.354600557422488,-0.935017884682245,0.),(-0.354600557422488,-0.935017884682245,
0.),(0.,0.,1.),(-0.748512379129791,-0.663120817264441,0.),(0.,0.,1.),(-0.748512379129791,
-0.663120817264441,0.),(-0.970942074258614,-0.239314622274486,0.),(-0.529277334491164,
0.468897606733199,-0.707107161322672),(0.,0.,-1.),(0.992699752286723,0.120611781389213,
0.),(0.885470962451277,0.464694711241271,0.),(0.,0.,1.),(0.885470962451277,
0.464694711241271,0.),(0.,0.,1.),(0.568057716147089,0.822988718711109,0.),
(0.568057716147089,0.822988718711109,0.),(0.120538955169716,0.992708597870792,
0.),(0.,0.,1.),(0.120538955169716,0.992708597870792,0.),(0.,0.,1.),(-0.354604893978954,
0.935016240054778,0.),(-0.354604893978954,0.935016240054778,0.),(-0.74850077917826,
0.663133910737144,0.),(0.,0.,1.),(0.,0.,1.),(0.120536914065527,-0.992708845708327,
0.),(-0.35459951253903,-0.935018280948069,0.),(-0.35459951253903,-0.935018280948069,
0.),(0.,0.,1.),(-0.748515507600283,-0.663117285916972,0.),(0.,0.,1.),(-0.970937680480677,
-0.239332447910438,0.),(-0.970937680480668,0.239332447910475,0.),(0.,0.,
1.),(-0.748515507600283,-0.663117285916972,0.),(-0.970937680480677,-0.239332447910438,
0.),(0.,0.,1.),(-0.74850077917826,0.663133910737144,0.),(-0.970944994746053,
0.239302773025276,0.),(0.,0.,1.),(0.,0.,1.),(0.,0.,1.),(0.568063277565642,
-0.822984879983454,0.),(0.120536914065527,-0.992708845708327,0.),(0.,0.,
1.),(1.,0.,0.),(0.,0.,1.),(0.885455224302825,-0.464724698886162,0.),(0.568063277565642,
-0.822984879983454,0.),(0.,0.,1.),(0.992709300106275,-0.120533171710158,
0.),(0.885455224302825,-0.464724698886162,0.),(0.,0.,1.),(0.,0.,1.),(0.,
0.,1.),(-1.,0.,0.),(0.,0.,1.),(-1.,0.,0.),(-0.995184957348748,0.0980147982029826,
0.),(0.,0.,1.),(-0.980786198666457,0.195085705538363,0.),(-0.831469252992026,
0.55557077076542,0.),(0.,0.,1.),(0.,0.,1.),(0.568067511118406,-0.822981957768054,
0.),(0.12052538439979,-0.992710245598021,0.),(0.,0.,1.),(0.12052538439979,
-0.992710245598021,0.),(0.,0.,1.),(-0.35460489397897,-0.935016240054772,
0.),(0.,0.,1.),(-0.748511851004125,-0.66312141339756,0.),(-0.970939897088522,
-0.239323455268658,0.),(0.,0.,1.),(-0.35460489397897,-0.935016240054772,
0.),(-0.748511851004125,-0.66312141339756,0.),(0.,0.,1.),(0.,0.,1.),(0.88545606158894,
-0.464723103573949,0.),(0.568067511118406,-0.822981957768054,0.),(0.,0.,
1.),(0.992709079807558,-0.120534986073056,0.),(0.88545606158894,-0.464723103573949,
0.),(0.,0.,1.),(0.,0.,1.),(-0.970942074258605,0.239314622274524,0.),(-0.748512379129791,
0.663120817264441,0.),(0.,0.,1.),(-0.354600557422488,0.935017884682245,
0.),(0.120536914065527,0.992708845708327,0.),(0.,0.,1.),(-0.748512379129791,
0.663120817264441,0.),(-0.354600557422488,0.935017884682245,0.),(0.120536914065527,
-0.992708845708327,0.),(0.568061804237254,-0.822985896942782,0.),(0.182634434313793,
-0.481569691655993,0.85716701726165),(0.568061804237254,-0.822985896942782,
0.),(0.885456521098674,-0.464722228050084,0.),(0.385511091811698,-0.341533881946245,
0.857167314806673),(-0.354600557422488,-0.935017884682245,0.),(0.120536914065527,
-0.992708845708327,0.),(-0.0620799023983479,-0.511283395413611,0.857167063816933),
(-0.970942074258614,-0.239314622274486,0.),(-0.748512379129791,-0.663120817264441,
0.),(-0.4560439643137,-0.239349424997517,0.857167285520395),(-0.970942074258605,
0.239314622274524,0.),(-0.970942074258614,-0.239314622274486,0.),(-0.51503830507565,
0.,0.857167162404628),(-0.748512379129791,-0.663120817264441,0.),(-0.354600557422488,
-0.935017884682245,0.),(-0.29257431371895,-0.423867947479933,0.857167564745094),
(-0.35459951253903,-0.935018280948069,0.),(0.120536914065527,-0.992708845708327,
0.),(-0.0620791181725015,-0.511283975771667,0.857166774441265),(0.120536914065527,
-0.992708845708327,0.),(0.568063277565642,-0.822984879983454,0.),(0.182634837244443,
-0.481568023522022,0.857167868591555),(0.,0.,1.),(-0.970937680480668,0.239332447910475,
0.),(-0.748515507600283,0.663117285916972,0.),(0.,0.,1.),(-0.35459951253903,
0.935018280948069,0.),(0.120536914065527,0.992708845708327,0.),(0.,0.,1.),
(-0.748515507600283,0.663117285916972,0.),(-0.35459951253903,0.935018280948069,
0.),(-0.748515507600283,-0.663117285916972,0.),(-0.35459951253903,-0.935018280948069,
0.),(-0.292575751838567,-0.423869318777165,0.857166395768919),(-0.970937680480677,
-0.239332447910438,0.),(-0.748515507600283,-0.663117285916972,0.),(-0.4560459438201,
-0.239354353894176,0.857164856020786),(-0.970937680480677,-0.239332447910438,
0.),(-0.515039446672365,0.,0.857166476462667),(-0.970937680480668,0.239332447910475,
0.),(0.,0.,1.),(0.885455224302825,0.464724698886162,0.),(0.992709300106232,
0.12053317171051,0.),(0.,0.,1.),(0.,0.,1.),(0.568063277565631,0.822984879983462,
0.),(0.885455224302825,0.464724698886162,0.),(0.,0.,1.),(0.120536914065527,
0.992708845708327,0.),(0.568063277565631,0.822984879983462,0.),(0.568063277565642,
-0.822984879983454,0.),(0.885455224302825,-0.464724698886162,0.),(0.385509245825681,
-0.341532099874222,0.857168855091236),(0.992709300106275,-0.120533171710158,
0.),(0.49305601660235,-0.150835727329385,0.856822238187851),(0.885455224302825,
-0.464724698886162,0.),(0.992709300106232,0.12053317171051,0.),(0.885455224302825,
0.464724698886162,0.),(0.493056016602357,0.150835727329394,0.856822238187846),
(1.,0.,0.),(0.515034880310209,0.,0.85716922020325),(0.,0.,1.),(0.,0.,1.),
(1.,0.,0.),(0.,0.,1.),(0.12052538439979,-0.992710245598021,0.),(0.568067511118406,
-0.822981957768054,0.),(0.,0.,1.),(0.568067511118406,-0.822981957768054,
0.),(0.,0.,1.),(0.88545606158894,-0.464723103573949,0.),(0.,0.,1.),(-0.970939897088522,
-0.239323455268658,0.),(-0.970940472200617,0.239321122015678,0.),(0.,0.,
1.),(-0.354604893978954,0.935016240054778,0.),(0.120535279790278,0.992709044144295,
0.),(0.,0.,1.),(0.,0.,1.),(-0.748511851004125,0.66312141339756,0.),(-0.354604893978954,
0.935016240054778,0.),(0.,0.,1.),(-0.970940472200617,0.239321122015678,
0.),(-0.748511851004125,0.66312141339756,0.),(-0.748511851004125,-0.66312141339756,
0.),(-0.35460489397897,-0.935016240054772,0.),(0.,0.,1.),(-0.970939897088522,
-0.239323455268658,0.),(-0.748511851004125,-0.66312141339756,0.),(0.,0.,
1.),(-0.35460489397897,-0.935016240054772,0.),(0.12052538439979,-0.992710245598021,
0.),(0.,0.,1.),(0.,0.,1.),(0.999999999999278,-1.20148819991572E-6,0.),(0.,
0.,1.),(0.,0.,1.),(0.885453893003844,0.464727235444984,0.),(0.992709369447418,
0.120532600616218,0.),(0.,0.,1.),(0.568067511118394,0.822981957768063,0.),
(0.885453893003844,0.464727235444984,0.),(0.,0.,1.),(0.120535279790278,
0.992709044144295,0.),(0.568067511118394,0.822981957768063,0.),(0.88545606158894,
-0.464723103573949,0.),(0.992709079807558,-0.120534986073056,0.),(0.,0.,
1.),(0.,0.,1.),(0.999999999999278,-1.20148819991572E-6,0.),(0.,0.,1.),(0.99270855142049,
-0.120539337714423,0.),(0.493059427753601,-0.150837797876383,0.856819910736845),
(0.885456521098674,-0.464722228050084,0.),(0.992708551420486,0.120539337714461,
0.),(0.885456521098674,0.464722228050084,0.),(0.493059427753608,0.150837797876391,
0.85681991073684),(1.,0.,0.),(0.515038305075636,0.,0.857167162404636),(0.885456521098674,
0.464722228050084,0.),(0.568061804237254,0.822985896942782,0.),(0.385511091811714,
0.341533881946255,0.857167314806661),(0.568061804237254,0.822985896942782,
0.),(0.120536914065527,0.992708845708327,0.),(0.182634434313804,0.481569691656017,
0.857167017261633),(0.120536914065527,0.992708845708327,0.),(-0.354600557422488,
0.935017884682245,0.),(-0.062079902398352,0.511283395413639,0.857167063816915),
(-0.00101019523804943,0.,0.99999948975266),(-0.354600557422488,0.935017884682245,
0.),(-0.748512379129791,0.663120817264441,0.),(-0.292574313718965,0.423867947479951,
0.857167564745079),(-0.748512379129791,0.663120817264441,0.),(-0.970942074258605,
0.239314622274524,0.),(-0.456043964313709,0.239349424997527,0.857167285520387),
(-0.00101438371309878,0.,0.999999485512709),(0.885455224302825,0.464724698886162,
0.),(0.568063277565631,0.822984879983462,0.),(0.385509245825697,0.341532099874232,
0.857168855091224),(0.568063277565631,0.822984879983462,0.),(0.120536914065527,
0.992708845708327,0.),(0.182634837244454,0.481568023522047,0.857167868591538),
(0.120536914065527,0.992708845708327,0.),(-0.35459951253903,0.935018280948069,
0.),(-0.0620791181725055,0.511283975771696,0.857166774441247),(-0.35459951253903,
0.935018280948069,0.),(-0.748515507600283,0.663117285916972,0.),(-0.292575751838582,
0.423869318777183,0.857166395768905),(0.,0.,1.),(-0.970937680480668,0.239332447910475,
0.),(-0.45604594382011,0.239354353894186,0.857164856020778),(-0.748515507600283,
0.663117285916972,0.),(0.,0.,1.),(0.,0.,1.),(1.,0.,0.),(0.,0.,1.),(0.,0.,
1.),(1.,0.,0.),(0.995185897162926,0.0980052554102204,0.),(0.,0.,1.),(0.980789939823955,
0.195066896064204,0.),(0.831460220482052,0.555584288615091,0.),(0.,0.,1.),
(0.,0.,1.),(0.980789939823955,0.195066896064204,0.),(0.831460220482052,
0.555584288615091,0.),(0.992709369447418,0.120532600616218,0.),(0.885453893003844,
0.464727235444984,0.),(0.,0.,1.),(0.885453893003844,0.464727235444984,0.),
(0.,0.,1.),(0.568067511118394,0.822981957768063,0.),(0.568067511118394,
0.822981957768063,0.),(0.120535279790278,0.992709044144295,0.),(0.,0.,1.),
(0.120535279790278,0.992709044144295,0.),(0.,0.,1.),(-0.354604893978954,
0.935016240054778,0.),(-0.354604893978954,0.935016240054778,0.),(-0.748511851004125,
0.66312141339756,0.),(0.,0.,1.),(0.,0.,1.),(0.,1.,0.),(0.,0.,1.),(-0.0708899481674248,
0.997484142855825,0.),(0.,0.,1.),(0.,1.,0.),(0.,0.,1.),(-0.748511851004125,
0.66312141339756,0.),(-0.970940472200617,0.239321122015678,0.),(0.,0.,1.),
(-0.970940472200617,0.239321122015678,0.),(0.,0.,1.),(-0.970939897088522,
-0.239323455268658,0.),(0.,0.,1.),(0.,1.,0.),(0.,0.,1.),(-0.141420652881153,
0.989949594140362,0.),(0.,0.,1.),(0.0708894841259037,0.997484175834566,
0.),(0.,0.,1.),(0.141418960774612,0.989949835867165,0.),(0.,0.,1.),(0.0708860934514799,
0.997484416798171,0.),(0.,0.,1.),(-0.0708874322141946,0.997484321658279,
0.),(0.,0.,1.),(0.,1.,0.),(0.,1.,0.),(0.,0.,1.),(0.,1.,0.),(0.,0.,1.),(0.,
1.,0.),(0.,0.,1.),(0.,1.,0.),(0.,0.,1.),(0.,0.,1.),(0.120543973559407,-0.992707988503421,
0.),(-0.354624870660448,-0.935008663654546,0.),(-0.354624870660448,-0.935008663654546,
0.),(0.,0.,1.),(-0.748491915211525,-0.663143915649524,0.),(0.,0.,1.),(-0.970945138500274,
-0.239302189757392,0.),(-0.970945138500289,0.239302189757332,0.),(0.,0.,
1.),(-0.748491915211525,-0.663143915649524,0.),(-0.970945138500274,-0.239302189757392,
0.),(0.,0.,1.),(-0.0980157472743705,0.995184863875173,0.),(0.,0.,1.),(-0.195087576217736,
0.980785826572493,0.),(-0.555566254544939,0.831472270620559,0.),(-0.555566254544939,
0.831472270620559,0.),(0.,0.,1.),(-0.831469252992026,0.55557077076542,0.),
(0.,0.,1.),(-0.831469252992026,0.55557077076542,0.),(-0.980786198666457,
0.195085705538363,0.),(-0.0980157472743705,0.995184863875173,0.),(0.,0.,
1.),(0.,0.,1.),(-0.0708899481674248,0.997484142855825,0.),(0.0708894841259037,
0.997484175834566,0.),(0.,0.,1.),(0.,0.,1.),(0.141419576554152,0.989949747899985,
0.),(-0.0708867627978772,0.997484369230936,0.),(0.,0.,1.),(0.,0.,1.),(0.0708867628557033,
0.997484369226826,0.),(-0.141420037090554,0.989949682109806,0.),(0.,0.,
1.),(0.,0.,1.),(-0.0708908762685337,0.997484076896408,0.),(0.0708908762685337,
0.997484076896408,0.),(0.,0.,1.),(0.,0.,1.),(0.,1.,0.),(0.141420638162399,
0.989949596243031,0.),(0.,0.,1.),(0.,0.,1.),(0.568065404556364,-0.822983411829312,
0.),(0.120543973559407,-0.992707988503421,0.),(0.,0.,1.),(0.992714139512649,
-0.120493307746367,0.),(0.88544562913556,-0.464742980414693,0.),(0.88544562913556,
-0.464742980414693,0.),(0.,0.,1.),(0.568065404556364,-0.822983411829312,
0.),(-0.354624870660448,-0.935008663654546,0.),(0.120543973559407,-0.992707988503421,
0.),(0.,0.,1.),(0.120543973559407,-0.992707988503421,0.),(0.,0.,1.),(0.568065404556364,
-0.822983411829312,0.),(0.,0.,1.),(-0.970945138500289,0.239302189757332,
0.),(-0.748491915211517,0.663143915649533,0.),(-0.970945138500274,-0.239302189757392,
0.),(-0.748491915211525,-0.663143915649524,0.),(0.,0.,1.),(-0.970945138500289,
0.239302189757332,0.),(-0.970945138500274,-0.239302189757392,0.),(0.,0.,
1.),(0.,0.,1.),(-0.354624870660448,0.935008663654546,0.),(0.120534078300414,
0.992709190029119,0.),(0.,0.,1.),(0.0980129001145421,0.995185144287804,
0.),(0.,0.,1.),(0.0980129001145421,0.995185144287804,0.),(0.,0.,1.),(-0.748491915211517,
0.663143915649533,0.),(-0.354624870660448,0.935008663654546,0.),(-0.748491915211525,
-0.663143915649524,0.),(-0.354624870660448,-0.935008663654546,0.),(0.,0.,
1.),(0.,0.,1.),(0.55557642384065,-0.831465475694833,0.),(0.831459466034845,
-0.555585417682151,0.),(0.55557642384065,-0.831465475694833,0.),(0.831459466034845,
-0.555585417682151,0.),(0.,0.,1.),(0.,0.,1.),(-0.831469852428097,0.55556987364615,
0.),(-0.980790088630389,0.195066147868852,0.),(0.,0.,1.),(-0.195085726087619,
0.980786194579056,0.),(-0.555566260648682,0.831472266542211,0.),(-0.555566260648682,
0.831472266542211,0.),(0.,0.,1.),(-0.831469852428097,0.55556987364615,0.),
(0.,0.,1.),(1.,0.,0.),(0.,0.,1.),(0.88544562913562,0.46474298041458,0.),
(0.992714139512649,0.120493307746371,0.),(0.,0.,1.),(0.568072205475064,
0.822978717444562,0.),(0.88544562913562,0.46474298041458,0.),(0.,0.,1.),
(0.120534078300414,0.992709190029119,0.),(0.568072205475064,0.822978717444562,
0.),(1.,0.,0.),(0.,0.,1.),(0.992714139512649,0.120493307746371,0.),(0.88544562913562,
0.46474298041458,0.),(0.,0.,1.),(0.,0.,1.),(0.992714139512649,-0.120493307746367,
0.),(0.88544562913556,-0.464742980414693,0.),(0.88544562913562,0.46474298041458,
0.),(0.568072205475064,0.822978717444562,0.),(0.,0.,1.),(0.568072205475064,
0.822978717444562,0.),(0.,0.,1.),(0.120534078300414,0.992709190029119,0.),
(0.,0.,1.),(0.831460220482052,0.555584288615091,0.),(0.555579803377737,
0.831463217514013,0.),(0.120534078300414,0.992709190029119,0.),(-0.354624870660448,
0.935008663654546,0.),(0.,0.,1.),(0.,0.,1.),(0.555579803377737,0.831463217514013,
0.),(0.195081964285113,0.980786942822274,0.),(0.,0.,1.),(0.,0.,1.),(0.88544562913556,
-0.464742980414693,0.),(0.568065404556364,-0.822983411829312,0.),(0.555579803377737,
0.831463217514013,0.),(0.831460220482052,0.555584288615091,0.),(0.,0.,1.),
(0.195081964285113,0.980786942822274,0.),(0.555579803377737,0.831463217514013,
0.),(0.,0.,1.),(-0.354624870660448,0.935008663654546,0.),(-0.748491915211517,
0.663143915649533,0.),(0.,0.,1.),(-0.748491915211517,0.663143915649533,
0.),(0.,0.,1.),(-0.970945138500289,0.239302189757332,0.),(0.,0.,1.),(0.354588491779774,
-0.935022460423997,0.),(-0.120536914065626,-0.992708845708315,0.),(0.,0.,
1.),(0.748517565241595,-0.663114963279215,0.),(0.354588491779774,-0.935022460423997,
0.),(0.,0.,1.),(0.970938041505683,0.239330983278616,0.),(0.970937319449026,
-0.239333912559711,0.),(0.970937319449026,-0.239333912559711,0.),(0.,0.,
1.),(0.748523822065567,-0.66310790057151,0.),(0.,0.,1.),(0.748523822065567,
-0.66310790057151,0.),(0.354588491779774,-0.935022460423997,0.),(0.354588491779774,
-0.935022460423997,0.),(0.,0.,1.),(-0.120536914065626,-0.992708845708315,
0.),(0.,0.,1.),(0.970943177825232,-0.239310144863605,0.),(0.748517565241595,
-0.663114963279215,0.),(0.,0.,1.),(0.354610533150233,0.93501410137971,0.),
(0.74850647906604,0.663127477033007,0.),(0.74850647906604,0.663127477033007,
0.),(0.,0.,1.),(0.97094389974284,0.239307215838064,0.),(0.,0.,1.),(0.97094389974284,
0.239307215838064,0.),(0.970943177825232,-0.239310144863605,0.),(0.,0.,
1.),(-0.999999990881348,-1.50828461910639E-6,0.000135037137810224),(0.,
0.,1.),(-0.120536914065626,-0.992708845708315,0.),(-0.568067546536383,-0.822981933320614,
0.),(0.,0.,1.),(-0.885455224302876,-0.464724698886064,0.),(-0.992709118298906,
-0.120534669063335,0.),(0.,0.,1.),(-0.568067546536383,-0.822981933320614,
0.),(-0.885455224302876,-0.464724698886064,0.),(0.0708864403721715,0.997484392144239,
0.),(0.,0.,1.),(0.,0.,1.),(-0.0708864403721715,0.997484392144239,0.),(-0.141420638162399,
0.989949596243031,0.),(0.,0.,1.),(0.,0.,1.),(0.970941702963817,0.239316128678621,
0.),(0.970940980994067,-0.239319057799996,0.),(0.,0.,1.),(0.354590581506066,
-0.935021667934594,0.),(-0.120536536969521,-0.99270889149609,0.),(0.,0.,
1.),(0.748520693648921,-0.663111431947405,0.),(0.354590581506066,-0.935021667934594,
0.),(0.,0.,1.),(0.970940980994067,-0.239319057799996,0.),(0.748520693648921,
-0.663111431947405,0.),(0.,0.,1.),(-0.568066073207592,-0.822982950291503,
0.),(-0.885456521098753,-0.464722228049932,0.),(0.,0.,1.),(-0.120536536969521,
-0.99270889149609,0.),(-0.568066073207592,-0.822982950291503,0.),(-0.195087576217736,
0.980785826572493,0.),(0.,0.,1.),(-0.555566254544939,0.831472270620559,
0.),(0.,0.,1.),(-0.885456521098753,-0.464722228049932,0.),(-0.992708369594675,
-0.120540835141795,0.),(-0.831469252992026,0.55557077076542,0.),(-0.555566254544939,
0.831472270620559,0.),(0.,0.,1.),(0.,0.,1.),(0.0980182356597482,0.995184618790981,
0.),(0.,0.,1.),(0.555569873645962,0.831469852428222,0.),(0.195092480979222,
0.9807848509563,0.),(0.,0.,1.),(0.98078552481543,0.195089093269003,0.),
(0.831469852428184,0.555569873646019,0.),(0.831469852428184,0.555569873646019,
0.),(0.,0.,1.),(0.555569873645962,0.831469852428222,0.),(0.,0.,1.),(0.,
1.,0.),(-0.707106781186546,0.707106781186549,0.),(-0.705537146925025,0.705537113193925,
0.066593664975571),(0.,1.,0.),(-0.630790224622515,0.712120401860929,0.308201599240021),
(0.,0.0434905303384056,-0.999053839275384),(-0.669578845767601,0.709409293861191,
0.220005961473534),(0.,1.,0.),(0.,-1.,0.),(0.,0.,1.),(-0.707106781186546,
0.707106781186549,0.),(0.0109423540929878,0.104060181400987,-0.994510806142245),
(-0.0109426823353604,0.104059791526274,-0.994510843324906),(0.,0.,-1.),
(0.0933785278444989,0.655572985162905,-0.749336047219264),(0.,0.,-1.),(-0.0647051280601956,
0.650340589206614,-0.756882001657529),(0.,0.,-1.),(0.275418938920477,0.527857135509048,
-0.803437149113794),(-0.0177617482676274,0.619502231865206,-0.78479392518833),
(0.234578165599053,0.475009157936326,-0.848138776439803),(0.387587606516233,
0.648810289501153,0.654844298679043),(0.101075783294221,0.576040172588402,
-0.811148201992573),(0.0165236808278992,0.619737010208504,-0.78463558812338),
(0.,0.196249566558861,-0.980553979965131),(-0.629242621084847,0.709955559781189,
0.316254370635491),(2.85697077974678E-6,0.558504436307914,-0.829501533823909),
(0.0181242535882586,0.195058362756931,-0.980624161720715),(0.0577131423914903,
0.55464709880377,-0.830081796562159),(0.0746574331949777,0.180235354461496,
-0.980786156443328),(0.212610305686084,0.513283617123838,-0.831466647742613),
(0.0421396096631571,0.101735822052056,-0.9939185458622),(0.,0.,-1.),(0.601238366251981,
0.179683383505231,-0.778605361295926),(0.,0.,-1.),(0.45885564797094,0.360991305702703,
-0.811872386235809),(0.,0.,-1.),(-0.16315661260231,0.58654866691224,-0.793309889707429),
(-0.319697123274232,0.518859155629205,-0.792829695451633),(-0.0077500536241479,
0.128833690227086,0.991635929629062),(-0.173006243640498,0.171770691187016,
-0.969826618169732),(-0.00720154874273561,0.128010330286395,0.991746687937839),
(-0.0760692117481099,0.539083131273986,-0.838810379406368),(-0.245620014093253,
0.597655118844875,-0.763203228239601),(-0.129897850633463,0.235695955616003,
-0.96310641411376),(-0.00748992844773667,0.128304804399502,0.991706497982066),
(-0.018125225825003,0.195058505253327,-0.980624115406678),(-0.0577145082555467,
0.554645351550478,-0.83008286908011),(-0.0421434113910836,0.101739812097753,
-0.993917976248863),(0.0969844490164148,0.990548738965625,-0.0969907850395682),
(0.354588491779774,-0.935022460423997,0.),(0.748517565241595,-0.663114963279215,
0.),(0.401679280263778,-0.581940885870322,-0.707105763771756),(-0.120536914065626,
-0.992708845708315,0.),(0.354588491779774,-0.935022460423997,0.),(0.0852279737035162,
-0.701953397938558,-0.707105098002344),(0.,0.,1.),(-0.0980148086284752,
-0.995184956321951,0.),(-0.990551817325863,0.0969715878552402,-0.0969722039620783),
(-0.99055082693469,-0.0969774691492016,-0.0969764390788651),(-0.976348233759743,
-0.194182721813639,-0.0950641729742451),(-0.827708960660529,-0.553049456158474,
-0.0950482797586744),(-0.980790088630386,-0.195066147868871,0.),(-0.831469852428224,
-0.55556987364596,0.),(0.,0.,1.),(-0.831469852428224,-0.55556987364596,
0.),(0.,0.,1.),(-0.555566260648726,-0.831472266542181,0.),(0.,0.,1.),(-0.555566260648726,
-0.831472266542181,0.),(-0.195085726087667,-0.980786194579047,0.),(0.970937319449026,
-0.239333912559711,0.),(0.970938041505683,0.239330983278616,0.),(0.707107088952586,
-3.92605402106778E-6,-0.707106473409476),(0.,0.,1.),(0.748512736033492,
0.663120414401228,0.),(0.970938041505683,0.239330983278616,0.),(0.748512736033492,
0.663120414401228,0.),(0.970938041505683,0.239330983278616,0.),(0.626109103844302,
0.328614135297588,-0.707106880298802),(0.748523822065567,-0.66310790057151,
0.),(0.970937319449026,-0.239333912559711,0.),(0.626114769333469,-0.328606756059905,
-0.707105293074718),(0.354588491779774,-0.935022460423997,0.),(0.748523822065567,
-0.66310790057151,0.),(0.401680794765434,-0.581939261110614,-0.707106240599418),
(0.748517565241595,-0.663114963279215,0.),(0.970943177825232,-0.239310144863605,
0.),(0.626114228465656,-0.32860428267736,-0.707106921419211),(0.,0.,1.),
(-0.120536914065626,-0.992708845708315,0.),(-0.568067546536383,-0.822981933320614,
0.),(0.74850647906604,0.663127477033007,0.),(0.354610533150233,0.93501410137971,
0.),(0.401681404780771,0.581938403902051,-0.707106599543011),(0.,0.,1.),
(-0.568067546536383,-0.822981933320614,0.),(-0.885455224302876,-0.464724698886064,
0.),(0.,0.,1.),(-0.120561759301647,0.992705828629051,0.),(0.354610533150233,
0.93501410137971,0.),(-0.120561759301647,0.992705828629051,0.),(0.354610533150233,
0.93501410137971,0.),(0.08522825739588,0.701949894256269,-0.707108541947327),
(-0.120536914065626,-0.992708845708315,0.),(0.354588491779774,-0.935022460423997,
0.),(0.0852282646987132,-0.701953555010272,-0.707104907000996),(0.97094389974284,
0.239307215838064,0.),(0.74850647906604,0.663127477033007,0.),(0.626112885823078,
0.328606964850517,-0.707106863817647),(0.970943177825232,-0.239310144863605,
0.),(0.97094389974284,0.239307215838064,0.),(0.707106985009438,0.,-0.707106577363525),
(-0.999982700158054,-0.00321805946289124,0.00492376663760382),(-0.885455224302876,
-0.464724698886064,0.),(-0.686559705521878,-0.169221893058243,-0.707106584372891),
(0.,0.,1.),(0.748509607545105,0.66312394573916,0.),(0.970941702963817,0.239316128678621,
0.),(0.,0.,1.),(-0.992709481906781,0.120531674394618,0.),(-0.885455224302802,
0.464724698886206,0.),(-0.999982700174976,0.00321805936920092,0.00492376326190185),
(-0.686560112713011,0.169222710461651,-0.707105993395269),(-0.885455224302802,
0.464724698886206,0.),(-0.885455224302876,-0.464724698886064,0.),(-0.568067546536383,
-0.822981933320614,0.),(-0.529277285416956,-0.468898501631488,-0.707106604628611),
(-0.568067546536383,-0.822981933320614,0.),(-0.120536914065626,-0.992708845708315,
0.),(-0.250745014847359,-0.661155942077231,-0.707106609914776),(0.354590581506066,
-0.935021667934594,0.),(0.748520693648921,-0.663111431947405,0.),(0.401680752809233,
-0.581939434034586,-0.70710612211896),(-0.120536536969521,-0.99270889149609,
0.),(0.354590581506066,-0.935021667934594,0.),(0.0852290060847101,-0.701953184970049,
-0.707105184984679),(0.970940980994067,-0.239319057799996,0.),(0.970941702963817,
0.239316128678621,0.),(0.707106958612255,-1.36434934550397E-6,-0.707106603759479),
(0.970941702963817,0.239316128678621,0.),(0.748509607545105,0.66312394573916,
0.),(0.626111538921629,0.328609296510841,-0.707106972866086),(0.748520693648921,
-0.663111431947405,0.),(0.970940980994067,-0.239319057799996,0.),(0.626114587649521,
-0.328604682790725,-0.707106417436921),(-0.568066073207592,-0.822982950291503,
0.),(-0.120536536969521,-0.99270889149609,0.),(-0.25074428987104,-0.661156123760434,
-0.707106697119427),(-0.885456521098753,-0.464722228049932,0.),(-0.568066073207592,
-0.822982950291503,0.),(-0.529277845686159,-0.468898034129833,-0.707106495271396),
(0.,0.,1.),(-0.999999990880388,-1.50836063941383E-6,0.00013504424912491),
(0.990550518473659,0.0969841964794303,-0.096972862104836),(0.,0.,1.),(0.0980163271212538,
-0.995184806765889,0.),(0.,0.,1.),(0.195088719132134,-0.980785599235319,
0.),(0.555569873646006,-0.831469852428193,0.),(0.990550730868119,-0.0969828554407963,
-0.0969720337374879),(0.980785599235318,-0.195088719132137,0.),(0.,0.,1.),
(0.831469852428253,-0.555569873645916,0.),(0.,0.,1.),(0.831469852428253,
-0.555569873645916,0.),(0.555569873646006,-0.831469852428193,0.),(-0.99998269836197,
-0.00321822650882717,0.00492402222291933),(-0.885456521098753,-0.464722228049932,
0.),(-0.686559557722211,-0.169221518325759,-0.707106817557155),(0.97634890888025,
0.194206601268379,-0.0950084425308053),(0.827707984661141,0.553057778068271,
-0.0950083482983494),(0.55305718384892,0.827709342879651,-0.094999974225462),
(0.1942076144543,0.976349441237101,-0.0950009004376791),(0.827708153042519,
0.553056388825992,-0.0950149681139515),(0.553058467680166,0.827707333601144,
-0.0950100059475348),(-0.194203297104202,0.976349815854743,-0.0950058759986251),
(-0.553055881168656,0.827710452599391,-0.09499788925272),(-0.09698124424768,
0.990549965387159,-0.0969814638767092),(-0.553052981075156,0.827710838947573,
-0.0950114056973599),(-0.82771220157999,0.553049372084342,-0.0950205419513099),
(-0.827704711727662,0.553054089415258,-0.0950583208608712),(-0.976346491489843,
0.194195080336941,-0.0950568215774284),(-0.0973359249599147,0.976129080548141,
-0.194159047742921),(-0.0789276325623447,0.828873937316935,-0.553839710435091),
(-0.0845950170702426,0.828488766244488,-0.553579305333546),(-0.0519936310409203,
0.554819507405569,-0.83034449268567),(-0.625960603551493,0.723270231741626,
0.291639322927936),(5.615441252053E-6,0.992083991466253,-0.125576087870483),
(-0.630448795477913,0.723128654792706,0.282168858838357),(-0.191476086985141,
0.962638793894991,-0.191477049802987),(-0.318189570544891,0.768153393898715,
-0.555603960243574),(-0.545293339558598,0.816086648869019,-0.191462151274776),
(-0.212606897574065,0.513284955018922,-0.831466693292734),(-0.0746580378314467,
0.180242828525794,-0.980784736908247),(-0.318165242484292,0.768163559931444,
-0.555603836981318),(-0.21260668536258,0.513286824496951,-0.83146559347755),
(-0.545286092448556,0.816085396439371,-0.191488127831935),(-0.58792196199244,
0.587912638775367,-0.555613620940978),(-0.816092493843496,0.54527254782616,
-0.19149644926074),(-0.587907507937336,0.587921089467605,-0.555619973246225),
(-0.392865885494328,0.39286671640651,-0.831451826117861),(-0.39287384849609,
0.392861641949056,-0.831450461213994),(-0.137942364318525,0.137943518441419,
-0.980787178671406),(-0.0778602336885854,0.0778638877385047,-0.993919010280116),
(-0.101747543418829,0.0421417336301377,-0.993917255959911),(-0.104057874791718,
0.0109429182755014,-0.994511041282824),(0.,0.,-1.),(-0.358698477071941,
0.46125785398988,-0.81152732220112),(-0.180253439387914,0.074661272357366,
-0.980782540627028),(-0.513269868471888,0.212607745051844,-0.831475789703357),
(-0.513266544486513,0.21260278173583,-0.831479110687131),(-0.768191706744587,
0.318193565372055,-0.555548698715655),(-0.195054616200679,0.0181259034278556,
-0.980624876455686),(-0.55460146516271,0.0577158972120401,-0.830112094869352),
(-0.195056260977527,-0.0181241058734909,-0.980624582518587),(-0.554599699985593,
-0.0577120593318994,-0.830113541019276),(-0.10405702646525,-0.010941411401853,
-0.994511146624182),(0.,0.,-1.),(-0.659829816798841,0.0914791917869198,
-0.745825831098132),(0.,0.,-1.),(-0.531747044415156,0.277868948525693,-0.800021204844579),
(-0.554774183442331,0.051994767387131,-0.830374704305383),(-0.82853082533727,
0.084602795837591,-0.553515165467402),(-0.554776210304451,-0.0519921314593644,
-0.830373515200565),(-0.82853214941285,-0.0846075057570671,-0.553512463598509),
(-0.768196103581329,0.318196490826598,-0.555540943286903),(-0.962613566800772,
0.191480499438239,-0.191599424179661),(-0.81607040496747,0.545277520668109,
-0.191576406663948),(-0.101746440084685,-0.0421449299617989,-0.993917233379424),
(-0.513266366067666,-0.212603905121586,-0.831478933582051),(-0.180251401837989,
-0.0746650918558879,-0.980782624333033),(0.,0.,-1.),(-0.657808186757929,
-0.011460981500567,-0.753098290621675),(-0.515804784244014,0.200102337784858,
-0.833009291043035),(-0.646066432597496,0.630364467688063,0.43039377614818),
(-0.631970298611087,-0.00490557811298427,-0.774977081581637),(-0.531835836504175,
0.0428283284373084,-0.845763783389411),(-0.426327497837395,0.389485307912312,
-0.816422721087647),(-0.00751493241282838,0.128356444884811,0.991699626322085),
(-0.115718821877198,0.021059870009116,-0.993058727436879),(-0.0367699278334071,
0.13147089924125,0.990637862722712),(-0.646066432597496,0.630364467688063,
0.43039377614818),(-0.375479914051534,0.439673889700956,-0.815905450931102),
(-0.00718687136982954,0.127980513309825,0.991750642597658),(-0.375775833257758,
0.439388783594898,-0.815922802715081),(-0.00741565082688995,0.128102012332743,
0.991733271882675),(-0.37579041014643,0.439374719740741,-0.815923662663808),
(-0.00761829494577561,0.128608521738428,0.991666178569369),(-0.375774474605473,
0.439390050709656,-0.815922746080991),(-0.00743980423343187,0.128206695666762,
0.991719563434734),(-0.375779642597033,0.439385100271559,-0.815923031828982),
(-0.00751594490383824,0.128358375700469,0.991699368740214),(-0.828919073236438,
0.0789360572308483,-0.55377095345792),(-0.976131704342487,0.0973273561080412,
-0.19415015202273),(-0.828917023376737,-0.0789396817073815,-0.553773505151869),
(-0.976132253319492,-0.0973400575248948,-0.194141024079047),(-0.768192239061247,
-0.318196658111129,-0.555546191250537),(-0.513272172562747,-0.212603291776379,
-0.831475506072527),(-0.96262266756926,-0.191456427103087,-0.191577755500898),
(-0.76818619997375,-0.318198735113299,-0.555553352201376),(-0.816076897124219,
-0.545267335320771,-0.191577741432278),(-0.0778627210217883,-0.077861866171388,
-0.993918973795848),(-0.0421425430160344,-0.101741886294942,-0.993917800746766),
(0.,0.,-1.),(-0.503090719429083,-0.0426540372982665,-0.863180375776978),
(-0.385146318248783,-0.056774507808396,-0.921107468649843),(-0.392866719200983,
-0.39286648328967,-0.831451542335369),(-0.137944740127571,-0.137940192015248,
-0.980787312365904),(-0.587917770076645,-0.587924514956313,-0.555605489841028),
(-0.392862633420827,-0.392872590628384,-0.831450587103404),(-0.81607986405462,
-0.54528448434816,-0.191516282894573),(-0.587927754935661,-0.587909082537733,
-0.555611254067046),(-0.545291085203812,-0.816077441749276,-0.191507810454839),
(-0.82770777703664,-0.553056137587324,-0.0950197059038533),(-0.553056040825999,
-0.827708172495074,-0.0950168242509503),(-0.0971092511021776,-0.990546307602719,
-0.0968906901874179),(-0.553053793728043,-0.82771205518105,-0.0949960786084486),
(-0.194204988239939,-0.976349593673726,-0.0950047023882266),(-0.00627575659698294,
-0.999865562006427,-0.0151483594064383),(2.35738416157987E-5,-0.996684023935132,
-0.0813692563364518),(0.00627523298226005,-0.999865529926713,-0.0151506935614114),
(0.,0.,1.),(-0.120561759301647,0.992705828629051,0.),(0.354610533150233,
0.93501410137971,0.),(7.70422850150489E-5,-0.996678803447786,-0.0814331432671929),
(0.,0.,1.),(0.354610533150233,0.93501410137971,0.),(0.748512736033492,0.663120414401228,
0.),(0.,-0.99668280639613,-0.081384171890701),(0.,-0.99668280639613,-0.081384171890701),
(0.,-0.99668280639613,-0.081384171890701),(-0.0746580242906585,-0.180247099865747,
-0.980783952967728),(-0.212610777444221,-0.513284926500757,-0.831465718801248),
(-0.0109429450485602,-0.10405791507947,-0.994511036772834),(-0.212608733673508,
-0.513284908530701,-0.831466252496382),(-0.318169572081161,-0.768162127573087,
-0.555603337970606),(-0.0181645729771881,-0.194862658381078,-0.980662323461657),
(-0.0572797724755113,-0.554667195634134,-0.830098385586021),(0.,-5.0609327021824E-5,
-0.999999998719331),(-0.432173766924216,-0.0403439045168514,-0.900887453875826),
(-0.00292195803348749,-0.024198488229705,-0.999702903531168),(-0.428480862231131,
-0.083185987710963,-0.899713422235224),(-0.3712586183075,-0.112576746405233,
-0.921679724471152),(-0.0701201727019646,-0.711096882219409,-0.699588725951243),
(-0.0027703618877589,-0.136951251052609,-0.990573914420391),(-0.360486142985784,
-0.189540417007712,-0.913303986105271),(-0.211043160656455,-0.40757418871226,
-0.88845037286034),(-0.000501231139540553,-0.21632645779499,-0.976320957690255),
(-0.318193294463597,-0.768151355234735,-0.555604646137379),(-0.191479929788907,
-0.962637986057496,-0.191477268330223),(-0.545288607845779,-0.816088440524409,
-0.191467990525961),(-0.0901611041810506,-0.921748014262873,-0.377162529283205),
(-0.157440299921106,-0.546878589324141,-0.822275112416513),(-0.0981497443514022,
-0.733085236100324,-0.673017580970576),(-0.251244115177733,-0.321286378503526,
-0.913045156373247),(-0.245038882725973,-0.563699445812591,-0.788795842244991),
(-0.0981052030848568,-0.856697222460234,-0.506404224070653),(-0.546082521584918,
-0.801047431007501,-0.245187464801404),(-0.546082521584918,-0.801047431007501,
-0.245187464801404),(-0.0175626198064948,-0.950634149631137,-0.309816506888542),
(-0.138093403969119,-0.853300734144305,-0.502800227614319),(-0.134565287509074,
-0.669517966879792,-0.730505219298774),(-0.0303785107765747,-0.993304769266368,
-0.111457531982748),(-0.546082521584918,-0.801047431007501,-0.245187464801404),
(-0.0807616516380347,-0.930515996460449,-0.357235966772546),(-0.0513017378520642,
-0.97897605526737,-0.197418375301029),(-0.0117278788168138,-0.999645518691324,
-0.0239017534673193),(-0.0205395467441948,-0.995485856447219,-0.0926608689420226),
(0.0970228908060466,-0.990549204163255,-0.0969475775415743),(0.,0.,1.),
(-0.56805047037784,0.822993719966024,0.),(-0.120561759301647,0.992705828629051,
0.),(0.194206228997126,-0.976348983834217,-0.095008433228886),(0.553058521396184,
-0.827707413972006,-0.0950089930840291),(0.,0.,1.),(-0.992708733239478,
0.120537840324399,0.),(-0.885456521098679,0.464722228050073,0.),(0.,0.,
1.),(-0.120561382130108,0.992705874435564,0.),(0.354612622969057,0.935013308798867,
0.),(0.,0.,1.),(-0.568048997051362,0.822994736890183,0.),(-0.120561382130108,
0.992705874435564,0.),(0.,0.,1.),(-0.885455224302802,0.464724698886206,
0.),(-0.56805047037784,0.822993719966024,0.),(0.,0.,1.),(-0.885456521098679,
0.464722228050073,0.),(-0.568048997051362,0.822994736890183,0.),(0.00503183193896548,
-0.999066269090159,-0.0429100295223287),(0.0121760230386677,-0.993597261538365,
-0.112321976150812),(0.354610533150233,0.93501410137971,0.),(-0.120561759301647,
0.992705828629051,0.),(0.08522825739588,0.701949894256269,-0.707108541947327),
(-0.120561759301647,0.992705828629051,0.),(-0.56805047037784,0.822993719966024,
0.),(-0.250748800905168,0.661153465439594,-0.707107583032339),(7.17060591810337E-5,
-0.941406516259816,-0.337274022127111),(0.,-0.98675323313133,-0.162228409672498),
(0.,-0.86526330025655,-0.501317684935554),(0.,-0.98675323313133,-0.162228409672498),
(0.,-0.86526330025655,-0.501317684935554),(0.,-0.98675323313133,-0.162228409672498),
(0.,-0.86526330025655,-0.501317684935554),(0.00015442896357595,-0.986753221365134,
-0.162228407738061),(0.,-0.865236511416838,-0.501363919035946),(0.0348732486577752,
-0.977691925561811,-0.207128837246992),(0.0297857596108899,-0.895465820687815,
-0.444132606891567),(0.748512736033492,0.663120414401228,0.),(0.354610533150233,
0.93501410137971,0.),(0.401685386899676,0.581936495973592,-0.707105907629992),
(0.0973396572365452,0.976125725701964,-0.194174042425568),(0.0789234605410166,
0.828883885436085,-0.553825416390951),(-0.635270459566066,0.710053779888719,
0.303735201892144),(8.57913074305896E-6,0.981466558164706,-0.19163349167284),
(5.74937624560795E-6,0.834718717660843,-0.550676549667391),(-0.633224222153198,
0.707003253655274,0.314918217636475),(5.76415585859331E-6,0.834722020209247,
-0.550671543612495),(2.84846682895343E-6,0.558501549972239,-0.829503477190116),
(0.0845919048324358,0.828499156150532,-0.553564231047019),(0.0519914048525284,
0.554819379257695,-0.830344717705585),(0.318191857471904,0.7681749247162,
-0.555572881695858),(0.191477333934895,0.962640739741939,-0.191466019905039),
(0.545291440173144,0.816085950935922,-0.191470535484995),(0.212608424383955,
0.513284294302392,-0.83146671076085),(0.318188995542829,0.768176004183357,
-0.555573028244116),(0.137949294128482,0.137949531143166,-0.980785358326089),
(0.392850887830452,0.392849940943936,-0.831466838684004),(0.392850999043062,
0.392850348176533,-0.831466593729685),(0.587942328840845,0.587940704479861,
-0.555562369111631),(0.0778668047068385,0.0778674679140573,-0.99391821502848),
(0.545155285900051,0.130478841471821,-0.828118944465954),(0.101739501881468,
0.0421420766976908,-0.993918064595124),(0.104057599186104,0.0109425939809401,
-0.994511073688268),(0.,0.,-1.),(0.67560165981975,0.0497651565036906,-0.735585363127191),
(0.408941779257982,0.311275071717653,-0.857831248500826),(0.387587606516233,
0.648810289501153,0.654844298679043),(0.587940254740428,0.587942500347402,
-0.555562663559211),(0.545292784159283,0.816079984390176,-0.191492137231657),
(0.816082064845284,0.545288521879444,-0.19149540815484),(0.195055145332313,
0.0181253631970586,-0.980624781192259),(0.554653622004588,0.0577176606900233,
-0.830077123670845),(0.104057858042029,-0.0109430580041097,-0.994511041497893),
(0.180242418720719,0.0746594486431254,-0.980784704826706),(0.513281779878287,
0.212607393812694,-0.831468526488617),(0.195054616200407,-0.018125903427869,
-0.98062487645574),(0.554653216594565,-0.0577166339355039,-0.830077465956315),
(0.55482767596036,0.0519964838686302,-0.830338855921921),(0.828479029590208,
0.0845950300438126,-0.553593874985222),(0.,-5.07653367691405E-5,-0.99999999871144),
(0.432108313613092,-0.0408709727158777,-0.900895093168848),(0.,0.,-1.),
(0.503071176833386,-0.0426544190385436,-0.863191746702873),(0.,0.,-1.),
(0.657807880323671,-0.0114609832994552,-0.753098558255086),(0.180241033033644,
-0.0746583541405987,-0.980785042793772),(0.513283542881817,-0.212610576260174,
-0.831466624386696),(0.0109427339484807,-0.104057679024541,-0.994511063794545),
(0.101739255205314,-0.0421409243709641,-0.993918138703298),(0.513281316208139,
0.212607835666889,-0.83146869973841),(0.768177394512022,0.318191638773327,
-0.555569592018378),(0.554828272318828,-0.0519958069888368,-0.830338499824791),
(0.828479476657234,-0.0845968463821447,-0.553592928368807),(0.828866225446675,
0.0789288894842449,-0.553851072688829),(0.976132234724999,0.0973402513677035,
-0.194141020380683),(0.513284908530624,-0.212608733673432,-0.831466252496449),
(0.768176519831209,-0.318189019325444,-0.555572301650041),(0.371203930427991,
-0.112200853556372,-0.921747585023163),(0.000375694191358863,-0.0232659639479355,
-0.999729240232298),(0.428514472382866,-0.0844091356888868,-0.899583484047306),
(0.386761578281044,-0.0319687137322418,-0.92162545695519),(0.624205121940447,
0.0239474630230143,-0.780893388855401),(0.768178466000315,0.318191781793694,
-0.555568028572881),(0.816082660498784,0.545291967929044,-0.19148305654887),
(0.962637196629561,0.191479884441138,-0.191481282426215),(0.828865428530753,
-0.0789302690472414,-0.553852068710285),(0.976132155643518,-0.0973375589544742,
-0.194142767919701),(0.768173642739108,-0.318191810866704,-0.555574680937043),
(0.962635656024684,-0.191484118055742,-0.191484793867139),(0.816083408545923,
-0.545289741400628,-0.191486208953294),(0.97634867330397,-0.19420859253443,
-0.0950067930380412),(0.827708746703755,-0.553056785497343,-0.0950074873125524),
(0.137948876023016,-0.137949107581016,-0.980785476708127),(0.392850529467211,
-0.392850745454248,-0.831466627889162),(0.392850562937778,-0.392850727609015,
-0.831466620506523),(0.587947525613215,-0.58794364286751,-0.555553759718157),
(0.077866319552217,-0.0778665569552212,-0.993918324404642),(0.0398572573156899,
-0.392506737152681,-0.918885118134485),(0.0421398302828257,-0.101737580825199,
-0.993918356481844),(0.587947141929812,-0.587943891830683,-0.555553902295317),
(0.816077441749235,-0.545291085203647,-0.191507810455482),(0.545287750382332,
-0.816080428772981,-0.191504577116795),(0.827706683304653,-0.553058033170557,
-0.0950182001425262),(0.553056137587151,-0.827707777036698,-0.0950197059043558),
(-0.999982698378895,0.00321822641512469,0.00492401884703097),(-0.686559635043042,
0.169221495523107,-0.707106747940145),(-0.885456521098679,0.464722228050073,
0.),(0.545293777202221,-0.816081470568541,-0.191482975585879),(0.191479516923353,
-0.962637271822831,-0.191481271920512),(0.318191560446,-0.768175570358174,
-0.555572159098918),(0.0901587334433222,-0.921791586469906,-0.377056592433006),
(0.318187362576165,-0.768175544967887,-0.555574598420513),(0.212608025011141,
-0.513284587650504,-0.831466631790665),(0.,0.,1.),(0.354612622969057,0.935013308798867,
0.),(0.748509607545105,0.66312394573916,0.),(-0.120561382130108,0.992705874435564,
0.),(-0.568048997051362,0.822994736890183,0.),(-0.250748295781427,0.661153851104917,
-0.707107401553574),(0.354612622969057,0.935013308798867,0.),(-0.120561382130108,
0.992705874435564,0.),(0.0852295959720814,0.701950008304468,-0.707108267390357),
(0.,0.,1.),(-0.992709481906781,0.120531674394618,0.),(-0.885455224302802,
0.464724698886206,0.),(0.,0.,1.),(-0.56805047037784,0.822993719966024,0.),
(-0.120561759301647,0.992705828629051,0.),(-0.56805047037784,0.822993719966024,
0.),(-0.120561759301647,0.992705828629051,0.),(-0.250748800905168,0.661153465439594,
-0.707107583032339),(0.,0.,1.),(-0.999999990881348,-1.50828461910639E-6,
0.000135037137810224),(0.,0.,1.),(-0.885455224302876,-0.464724698886064,
0.),(-0.992709118298906,-0.120534669063335,0.),(-0.56805047037784,0.822993719966024,
0.),(-0.885455224302802,0.464724698886206,0.),(-0.529271837105104,0.468904221808753,
-0.707106889527543),(-0.885455224302802,0.464724698886206,0.),(-0.999982700174976,
0.00321805936920092,0.00492376326190185),(-0.68655862467271,0.169222441845551,
-0.707107502479889),(-0.568048997051362,0.822994736890183,0.),(-0.885456521098679,
0.464722228050073,0.),(-0.529272288262992,0.468904084175361,-0.707106643103092),
(-0.000256236670928841,-0.946260455537998,-0.323405449285859),(0.34594863593787,
-0.877757210117833,-0.33145410146638),(0.0704506606004121,-0.711153097394291,
-0.699498374899808),(0.085408378111175,-0.858985906510421,-0.504825337483063),
(0.074658521055023,-0.180238632182145,-0.980785471294812),(0.212610121159117,
-0.513284267243471,-0.831466293592855),(0.000348147606501966,-0.139135202327642,
-0.990273333108839),(0.357735149258088,-0.190422552560324,-0.914201736194864),
(0.150666287226084,-0.550241826056592,-0.82129994688385),(0.162324440439677,
-0.367469164015806,-0.91576044331117),(0.0911791709109599,-0.732566471381003,
-0.674561134220151),(0.237909176948641,-0.560632431706425,-0.793152255271685),
(0.255742653256902,-0.323996188933655,-0.910835970338012),(0.125570309520486,
-0.85121914424074,-0.509566547023047),(0.187464508048598,-0.916923287768571,
-0.352290707470084),(0.142089120556184,-0.669333124872619,-0.729248825688341),
(-0.23115634996691,-0.155935343770417,-0.960338956011458),(-0.0732657874699857,
-0.395330188821546,-0.915612454148983),(-0.0523172740486153,-0.212742545431854,
-0.975706673237043),(-0.0504351664619404,-0.743457853946132,-0.666878334773119),
(-0.040065028684177,-0.941192132865522,-0.335487946890176),(-0.0456891626794239,
-0.857066973984874,-0.513175118763629),(-0.0346374830563437,-0.519286492657083,
-0.853897993504743),(0.,-0.86526330025655,-0.501317684935554),(2.0264984886688E-5,
-0.603076773445237,-0.797683148198715),(0.,-0.86526330025655,-0.501317684935554),
(0.,-0.617620511186152,-0.786476257850265),(3.71788449356166E-5,-0.748976064551233,
-0.662597052021121),(0.,-0.86526330025655,-0.501317684935554),(-2.02649848866874E-5,
-0.603076773445237,-0.797683148198715),(0.0495030058774987,-0.76193538002564,
-0.64575841386255),(5.46598782106523E-5,-0.748977966718713,-0.66259490066118),
(-1.12353140866195E-5,-0.449456932301191,-0.893302001497909),(0.,-0.564099077992203,
-0.825707109214912),(1.,0.,0.),(0.,0.,-1.),(0.,0.,-1.),(0.,-0.564099076681655,
-0.825707110110409),(-1.,0.,0.),(-0.0987972185666229,-0.108065559384344,
-0.989222393841975),(0.,-0.202249479762438,-0.979334032869186),(0.,-0.12186932433434,
-0.992546153982911),(0.689395963103037,-0.242349875897237,-0.682641738915684),
(0.,-0.121869153068188,-0.992546175011581),(0.689392631076004,0.070006084656047,
-0.720997190236713),(0.,-0.121869606043628,-0.992546119393336),(-0.0756876613642032,
0.613891683700856,-0.785753382811774),(0.,-0.121869604001791,-0.992546119644041),
(0.0756866271015485,0.613892449467332,-0.785752884159511),(0.,-0.121869871887615,
-0.992546086751684),(0.306802794612149,0.546173232016233,-0.779465743857367),
(0.,-0.121869296723871,-0.992546157373),(0.55286394450424,0.351441951936439,
-0.755532933290348),(0.,-0.366941900221043,-0.93024386150201),(1.,0.,0.),
(0.,-0.121869270821702,-0.992546160553123),(0.552859434409876,-0.523786029943393,
-0.648069934976258),(-0.170624523627754,-0.081722502786058,-0.981941293802835),
(-1.82046394374861E-6,-0.121868111576537,-0.992546302888412),(0.689390227660702,
0.0700068218120818,-0.720999416716614),(0.,-0.121869374698258,-0.992546147799002),
(-0.0756874267411285,-0.785753276671709,-0.613891848482271),(0.,-0.121869358890923,
-0.9925461497399),(0.0756882398397369,-0.785752787379875,-0.613892374504456),
(0.,-0.121869336360795,-0.992546152506253),(0.306805240299289,-0.718525623380204,
-0.624172630824986),(0.689394589976615,-0.242347829626666,-0.682643852082636),
(0.900970058629632,-0.430647293548786,0.0528759114533584),(1.,0.,0.),(0.552865540645574,
-0.52377648949426,-0.648072436553004),(0.623486234580757,-0.776006881408849,
0.095279773794978),(0.900970072710931,-0.430647282128448,0.052875764530083),
(0.,-0.12186971781942,-0.992546105668958),(0.999179395522969,-0.0405035253077473,
0.),(0.,-0.202249463924415,-0.979334036140012),(1.,0.,0.),(-0.0837471180326205,
0.613495123750616,-0.785245282287927),(-0.111963555225388,0.986305629983643,
-0.121100646422139),(0.,-0.121869800378797,-0.992546095531906),(0.976500174089041,
-0.202904872977367,-0.0726431175412459),(0.,-0.121869696545568,-0.992546108281067),
(0.914094151317016,-0.405502011804468,-3.08310414790828E-5),(0.,-0.121869416185363,
-0.992546142705032),(0.800507047268455,-0.596909814381641,-0.0537321204533471),
(0.,-0.121869628470168,-0.992546116639697),(0.477790200173505,-0.877660171956468,
0.0378040630026032),(0.749290663485284,-0.661613848857271,-0.0288204200880398),
(0.,-0.121869366151054,-0.992546148848473),(0.0386855109904682,-0.998581177822893,
0.0365932034297466),(0.448189381015438,-0.89386290244356,-0.0116357371993332),
(0.,-0.121872829001287,-0.992545723657634),(-0.306802094352509,0.546157696638206,
-0.779476904920064),(0.306810222020421,0.546167706731264,-0.779466691903953),
(0.623483255410221,0.776007191139854,-0.0952967445525154),(0.222516559200321,
0.967659253742895,-0.118835809112379),(0.0837455718526547,0.61349495057409,
-0.785245582486885),(0.111964634355294,0.986305298601102,-0.12110234764478),
(0.55287115899082,0.351434564304447,-0.755531090404816),(0.9009709831541,
0.430645209040857,-0.0528771353657857),(0.623486188858159,0.776006904337107,
-0.0952798862523881),(0.689393659701484,0.0700079153210745,-0.720996028945924),
(1.,0.,0.),(0.900970072669416,0.430645947403047,-0.0528866347898891),(0.134970174331208,
-0.411108695093196,-0.901539068959173),(0.0532272248495757,-0.593936697226072,
-0.802749065538539),(0.235288789124475,-0.151819338573132,-0.959994830271265),
(0.0647095533271231,-0.233031451809529,-0.970313875081536),(0.0321786254668167,
-0.42761281296477,-0.903389073573188),(5.45968660161366E-5,-0.449481318429531,
-0.893289729820081),(0.0667816953843051,-0.137756572696497,-0.988212189684236),
(0.,-0.564099077992205,-0.82570710921491),(0.,0.,-1.),(-1.,0.,0.),(0.,-0.564099076681655,
-0.825707110110409),(1.,0.,0.),(0.,0.,-1.),(0.102532455180535,-0.0986286154125556,
-0.989828011250669),(0.,-0.202249479821566,-0.979334032856975),(0.,-0.121869324334359,
-0.992546153982909),(-0.689381433406047,-0.242347880013771,-0.682657120616093),
(0.,-0.121869153067689,-0.992546175011642),(-0.68938049968236,0.069998259666586,
-0.721009549382911),(0.,-0.121869608143072,-0.992546119135556),(0.075687282952757,
0.613891963876855,-0.785753200366787),(0.,-0.121869604001747,-0.992546119644047),
(-0.0756876613642032,0.613891683700856,-0.785753382811774),(0.,-0.12186987188621,
-0.992546086751857),(-0.306802203375013,0.546161091259234,-0.779474483481505),
(0.,-0.121869296722911,-0.992546157373118),(-0.552842849680018,0.351416926860501,
-0.755560008916299),(0.,-0.202249466704957,-0.979334035565782),(-1.,0.,
0.),(-1.,0.,0.),(0.,-0.366941900221043,-0.93024386150201),(0.174607365697434,
-0.0630802004966403,-0.982615467082371),(0.789727473455587,0.57248809604986,
-0.220426626228916),(0.609103308482537,0.357462181839779,-0.707964651765872),
(0.,-0.121869270819974,-0.992546160553335),(-0.552839143531537,-0.523764994124923,
-0.648104244939528),(0.0122390760839104,-0.115952053223684,-0.993179402912598),
(0.789727473455587,0.57248809604986,-0.220426626228916),(0.,-0.121868831777056,
-0.992546214461206),(-0.689378625681821,0.0699991524115371,-0.721011254499339),
(0.,-0.121869028418272,-0.992546190316792),(-0.552841628735575,0.35141671561742,
-0.755561000529846),(0.,-0.121869505450842,-0.992546131744594),(-0.974778292915194,
-0.223167137162328,0.00192576013845008),(-0.780065416199222,-0.625684422297965,
0.00411705520938892),(0.,-0.12186940840793,-0.992546143659977),(-0.776157143667059,
-0.630308139512076,0.017080327848652),(-0.426726366630527,-0.904376332990644,
-0.0028383707834909),(0.,-0.121869289541444,-0.992546158254952),(0.0756882398397369,
-0.785752787379875,-0.613892374504456),(0.,-0.12186911247845,-0.992546179995489),
(-0.30680276889879,0.546157066929844,-0.779477080637157),(0.,-0.121869358890923,
-0.9925461497399),(-0.0756872627766159,-0.785753375338899,-0.613891742408147),
(0.,-0.121869336360795,-0.992546152506253),(-0.306806911430516,-0.71851641473173,
-0.624182409924797),(-0.689380019408509,0.0700005537551873,-0.72100978586583),
(-0.900969866213886,0.430646559313306,-0.0528851692456763),(-1.,0.,0.),
(-1.,0.,0.),(-0.689381652586624,-0.242347777715741,-0.682656935592964),
(-0.900968955794512,-0.430649563666518,0.0528762140133398),(0.,-0.121870252325561,
-0.992546040039498),(0.306802435467491,0.546158145894028,-0.779476455875874),
(0.,-0.121867731202558,-0.992546349593564),(0.306804925782339,-0.718514733412587,
-0.624185321346739),(0.,-0.121870736459125,-0.992545980594435),(0.552838523044255,
-0.523762805417099,-0.648106543015774),(0.,-0.121869197856933,-0.992546169512378),
(0.552841287570435,0.35141448555008,-0.755562287374797),(0.,-0.121869634030777,
-0.992546115956926),(0.689379811811286,-0.242348167550292,-0.682658656102778),
(0.,-0.121869099923381,-0.992546181537083),(0.689378860412204,0.0699981831701449,
-0.721011124164981),(-0.0837471020215541,0.613495234279191,-0.785245197641929),
(-0.111963239335858,0.986305665310212,-0.121100650759609),(0.306801999298176,
0.546157781496973,-0.77947688287527),(0.623487085528214,0.776004159535772,
-0.0952963722431968),(0.222519038524779,0.967658692081206,-0.118835740136114),
(0.0837465757530594,0.613494898631611,-0.785245516002878),(0.111965897923138,
0.986305157289169,-0.12110233031223),(-0.30680434293249,0.54616061739885,
-0.779473973369393),(-0.222523015495924,0.967658209959929,-0.11883221899698),
(-0.623490367058931,0.776001228842242,-0.095298767148637),(-0.552842527517335,
0.351417300951515,-0.755560070649711),(-0.623487433778158,0.77600558573101,
-0.0952824791606478),(-0.900968955794455,0.430649573908886,-0.0528761305954221),
(0.6261122947451,0.328608554068415,-0.707106648647919),(0.,0.,-1.),(0.,
0.,-1.),(0.707106920216231,0.,-0.707106642156629),(0.748509607545105,0.66312394573916,
0.),(0.354612622969057,0.935013308798867,0.),(0.401683716578776,0.581937409727123,
-0.707106104481886),(0.401681524886562,0.581937698921675,-0.707107111503309),
(0.,0.,-1.),(0.,0.,-1.),(0.626113047524302,-0.328608603532798,-0.707105959106593),
(-0.686559935618827,-0.169221874709251,-0.707106365353162),(0.,0.,-1.),
(0.,0.,-1.),(-0.529277244555761,-0.468898302567755,-0.707106767217327),
(-0.885455224302802,0.464724698886206,0.),(-0.56805047037784,0.822993719966024,
0.),(0.,0.,1.),(-0.885455224302802,0.464724698886206,0.),(-0.529272641098121,
0.468904033532643,-0.707106412587128),(-0.56805047037784,0.822993719966024,
0.),(-0.686560262858518,0.169221073962036,-0.707106239253182),(0.,0.,-1.),
(0.,0.,-1.),(-0.52927688563544,-0.468898734453785,-0.707106749479658),(-0.250744420978965,
-0.661156228294068,-0.707106552887106),(0.,0.,-1.),(0.,0.,-1.),(-0.686559030780754,
-0.169222392859734,-0.707107119896425),(0.0852323983864063,-0.701951115012242,
-0.707106830965711),(0.,0.,-1.),(0.,0.,-1.),(0.626112107999242,0.328609472218089,
-0.707106387317562),(0.70710791359157,-1.37984988370896E-6,-0.707105648778365),
(0.,0.,-1.),(0.,0.,-1.),(0.40168165305528,0.581937918177732,-0.707106858251102),
(0.626112939147136,-0.32860820929306,-0.7071062382823),(0.,0.,-1.),(0.,
0.,-1.),(-0.250744321685621,-0.661156164275562,-0.707106647955486),(0.0852329182966581,
-0.701950817146005,-0.707107063991509),(0.,0.,-1.),(0.,0.,-1.),(0.0852330683472736,
0.701951880815591,-0.707105989989876),(-0.250743371452651,0.661155183610578,
-0.707107901849089),(0.,0.,-1.),(0.,0.,-1.),(0.401683396688727,-0.581938234558871,
-0.707105607376375),(0.401683520991423,-0.581937705939932,-0.707105971809956),
(0.,0.,-1.),(-0.999982700158054,-0.00321805946289124,0.00492376663760382),
(-0.885455224302876,-0.464724698886064,0.),(-0.686558519250227,-0.169222393072447,
-0.70710761651093),(-0.885455224302876,-0.464724698886064,0.),(-0.568067546536383,
-0.822981933320614,0.),(-0.529277285416956,-0.468898501631488,-0.707106604628611),
(-0.568067546536383,-0.822981933320614,0.),(-0.120536914065626,-0.992708845708315,
0.),(-0.250745014847359,-0.661155942077231,-0.707106609914776),(-0.250743281331723,
0.661155266643318,-0.707107856169626),(0.,0.,-1.),(0.,0.,-1.),(0.0852335252201865,
0.701951781375587,-0.707106033634405),(-0.529276475156623,0.468897555496996,
-0.707107838518795),(0.,0.,-1.),(0.,0.,-1.),(-0.686558125944575,-0.169222911006107,
-0.707107874436491),(-0.686558748520099,0.169221956021313,-0.707107498497107),
(0.,0.,-1.),(0.,0.,-1.),(-0.529276203383432,-0.468899101044755,-0.707107017057136),
(-0.529276034095518,0.468898348584683,-0.707107642743789),(0.,0.,-1.),(0.,
0.,-1.),(-0.686559680856297,0.169221423512953,-0.707106720691261),(0.626112996394733,
-0.328609528920169,-0.707105574329939),(0.,0.,-1.),(0.,0.,-1.),(-0.250744321685621,
-0.661156164275562,-0.707106647955486),(0.085233518026724,-0.701950744324079,
-0.707107063992193),(0.,0.,-1.),(0.,0.,-1.),(0.401681787225162,0.581937618215895,
-0.707107028897896),(0.401683144765229,-0.581938916877208,-0.707105188946664),
(0.,0.,-1.),(0.,0.,-1.),(-0.529275474825063,0.468898684640444,-0.70710783851628),
(0.707106378985006,0.,-0.707107183387861),(0.,0.,-1.),(0.,0.,-1.),(0.626112339693497,
0.328608605402026,-0.707106584992157),(-0.250743281331723,0.661155266643318,
-0.707107856169626),(0.,0.,-1.),(0.,0.,-1.),(0.0852340493710324,0.701951818521519,
-0.707105933578661),(0.,0.,-1.),(0.996324545107909,-0.0779697087486643,
-0.0354700624917322),(0.,0.,-1.),(0.900841180496263,-0.430811079490338,
-0.0537306366095676),(0.,0.,-1.),(0.,-0.56409907652078,-0.825707110220325),
(1.,0.,0.),(0.,0.,-1.),(0.763112669949426,-0.643467129415402,-0.0600758381095191),
(0.463129038438209,-0.886195807818872,0.0129801371162984),(0.,0.,-1.),(0.433616452089156,
-0.900416689461258,-0.0350222474613277),(0.0257672659572145,-0.999524521132095,
0.0169345699899769),(0.,0.,-1.),(0.,-0.999752647941773,-0.0222405695388471),
(-0.419624967693935,-0.907637601070854,0.010434155941368),(0.,0.,-1.),(-0.433822884742119,
-0.900850709137601,-0.0163004454021248),(-0.777697188206741,-0.628523855107145,
0.0120352406117358),(0.,0.,-1.),(-0.781830738043342,-0.623487781181981,
-0.00191931429774699),(-0.974809723758565,-0.22303294919769,0.00151856443095936),
(0.,0.,-1.),(-0.993712110610052,-0.111965357262481,0.),(0.,0.,-1.),(-1.,
0.,0.),(0.,-0.56409907652078,-0.825707110220325),(0.,0.,-1.),(0.,-0.617620511186152,
-0.786476257850265),(0.976498191354468,-0.202914472320077,-0.0726429570193677),
(0.,-0.121869802212681,-0.992546095306733),(0.800509351253832,-0.596906498389086,
-0.0537346325571196),(0.,-0.12186943161211,-0.992546140810865),(0.91409380433911,
-0.405502793032561,-4.13720369678271E-5),(0.,-0.121869688966221,-0.992546109211696),
(1.,0.,0.),(0.,-0.366941900221043,-0.93024386150201),(0.999179050194907,
-0.0405120432908916,0.),(0.,-0.121869709022869,-0.992546106749042),(1.,
0.,0.),(0.,-0.202249463924415,-0.979334036140012),(0.448189476681523,-0.893862907237772,
-0.0116316832995111),(0.,-0.121869427397463,-0.992546141328358),(0.038685711007097,
-0.998581158916521,0.0365935079052695),(0.749291253972181,-0.661613491019304,
-0.0288132820422274),(0.,-0.121869591671777,-0.992546121157981),(0.477790352794587,
-0.87765989165989,0.0378086411812773),(0.013382443940363,-0.999908644516136,
-0.00190074093082469),(0.,-0.121869470607642,-0.992546136022804),(-0.412875357651314,
-0.910500089095142,0.0228807080755433),(-0.426725335242545,-0.904376816174739,
-0.00283947667351816),(0.,-0.121869399336359,-0.992546144773829),(-0.776157691635999,
-0.630307513008836,0.017078546744183),(-0.780066033235936,-0.625683666758118,
0.00411496581621816),(0.,-0.121869524108201,-0.992546129453756),(-0.974777932639216,
-0.223168735143838,0.00192293887458947),(-0.992693443328982,-0.120663375472178,
0.000278192935672726),(0.,-0.12186951004822,-0.992546131180111),(-1.,0.,
0.),(0.,-0.366941900221043,-0.93024386150201),(-1.,0.,0.),(0.,-0.202249463924415,
-0.979334036140012),(-1.03569146586033E-5,-0.449484963277986,-0.893287897421499),
(1.03569146586037E-5,-0.449484963277986,-0.893287897421499),(0.,0.,-1.),
(0.996324738435161,-0.0779679454174021,-0.0354685081374679),(0.,0.,-1.),
(0.900842922792986,-0.430809428657693,-0.0537146593903568),(0.,0.,-1.),
(0.763111207269587,-0.643469397134332,-0.0600701281098453),(0.463129108279641,
-0.886195754584548,0.0129812796144074),(0.,0.,-1.),(0.433615394219974,-0.900417169735029,
-0.0350229973277153),(0.0257672484218215,-0.999524522036119,0.0169345433134716),
(0.,0.,-1.),(0.,-0.999752647941773,-0.0222405695388471),(-0.419626013712973,
-0.907637105695447,0.0104351799290333),(0.,0.,-1.),(-0.433823939609375,
-0.900850221355827,-0.016299328359126),(-0.777696610253058,-0.62852453368656,
0.0120371489562779),(0.,0.,-1.),(-0.78183008854627,-0.623488602526991,-0.00191707137902678),
(-0.974810131460718,-0.223031152066606,0.00152079235281385),(0.,0.,-1.),
(-0.993712256805164,-0.111964059747702,0.),(0.976499313464428,-0.202912017093156,
-0.0726347308295931),(0.,-0.121869802212681,-0.992546095306733),(0.800511148342385,
-0.596905070668419,-0.053723719062311),(0.,-0.12186943161211,-0.992546140810865),
(0.914096297571274,-0.405497174410273,-1.76571092436658E-5),(0.,-0.121869688966221,
-0.992546109211696),(1.,0.,0.),(0.,-0.366941900221043,-0.93024386150201),
(1.,0.,0.),(0.,-0.202249463924415,-0.979334036140012),(0.999179050194907,
-0.0405120432908916,0.),(0.,-0.121869709022869,-0.992546106749042),(0.448188959101137,
-0.893863168490912,-0.0116315499924711),(0.,-0.121869325383954,-0.992546153854045),
(0.0386856610027447,-0.998581163643145,0.0365934317860956),(0.477790987920424,
-0.877659452422339,0.0378108110960889),(0.749290433180539,-0.661614590020495,
-0.0288093911100553),(0.,-0.121869317527508,-0.992546154818695),(0.0133824094437361,
-0.999908644878127,-0.00190079337886362),(0.,-0.121869328458204,-0.992546153476574),
(-0.41287638037445,-0.910499599795437,0.0228817241754374),(-0.992693595988386,
-0.12066211859994,0.000278601186765155),(0.,-0.121869498385628,-0.992546132612099),
(0.,0.,-1.),(0.996325001548142,-0.0779633116060315,-0.0354713029576875),
(0.,0.,-1.),(0.900841560988162,-0.430811003722273,-0.0537248645249062),
(0.,0.,-1.),(0.763109883294401,-0.643470201719834,-0.0600783281811462),
(0.463128918434002,-0.886195933561567,0.0129758332716259),(0.,0.,-1.),(0.433616394311571,
-0.9004165694844,-0.0350260471959969),(0.0257671958156159,-0.999524524748185,
0.0169344632839043),(0.,0.,-1.),(0.,-0.999752647941773,-0.0222405695388471),
(-0.419628382193606,-0.907636004395601,0.0104357262500157),(0.,0.,-1.),
(-0.433825009051884,-0.900849763827236,-0.0162961508813018),(-0.777696719049735,
-0.628524239637928,0.0120454708019957),(0.,0.,-1.),(-0.78182815345343,-0.623491077233854,
-0.00190133567992279),(-0.97480949908314,-0.223033809825262,0.00153628516479414),
(0.,0.,-1.),(-0.993712402998765,-0.111962762231115,0.),(0.013382374930122,
-0.999908645240291,-0.00190084585273212),(0.,-0.121869334044747,-0.992546152790635),
(-0.412879316290858,-0.910498282596786,0.0228811618476255),(-0.426728049414443,
-0.904375544970506,-0.00283645945584906),(0.,-0.121869443348156,-0.992546139369858),
(-0.776158038850332,-0.630306884217713,0.0170859718999344),(-0.780064349354823,
-0.625685669989634,0.00412955630286251),(0.,-0.121869575427656,-0.99254612315251),
(-0.974777328787926,-0.223171178220391,0.00194537728930623),(-0.99269364825137,
-0.120661682042572,0.000281439233797707),(0.,-0.12186951004822,-0.992546131180111),
(-1.,0.,0.),(0.,-0.366941900221043,-0.93024386150201),(-1.,0.,0.),(0.,-0.202249463924415,
-0.979334036140012),(0.789727473455587,0.57248809604986,-0.220426626228916),
(0.0354928906281991,-0.0828401312530508,-0.995930603691257),(0.363253541363109,
0.235547298602069,-0.901423504690458),(0.,-0.121869420863218,-0.9925461421306),
(-0.689378424167527,-0.242347966976013,-0.682660128610783),(0.0688022128517402,
0.00203388870828624,-0.99762824679508),(0.,-0.121869150723017,-0.992546175299585),
(-0.552839867891915,-0.52376377406796,-0.648104613039698),(-0.552841893089855,
0.351416348221145,-0.755560977981089),(-0.623490989975907,0.776002690522516,
-0.0952827881659621),(-0.90096950604985,0.430648116369492,-0.052878625508786),
(-0.689378595248429,0.0699971851924665,-0.72101147458167),(-0.900969047298169,
0.430649635322739,-0.0528740712166444),(-1.,0.,0.),(0.,-0.121868884777806,
-0.992546207953181),(-0.0756884798820237,0.613898169863646,-0.785748236428956),
(-0.306803372521014,0.546156839377679,-0.779477002489949),(-0.222519297554966,
0.967662042942494,-0.118807966332245),(-0.623489500416392,0.776004902851244,
-0.0952745171667128),(-0.083748028814432,0.613501098073981,-0.785240517505125),
(-0.111965339118752,0.986303902012082,-0.121113069946079),(-0.0837462912136026,
-0.785244974378689,-0.613495630726885),(-0.111963129844105,-0.986305674296146,
0.121100678803779),(0.0837477073932984,-0.785245305609105,-0.61349501344773),
(0.111963481966241,-0.986305638176444,0.121100647427471),(-0.552840605767597,
-0.523764158306078,-0.648103673102106),(-0.900968941712812,-0.430649610291685,
0.0528760742161928),(-0.623490367161821,-0.776003615556227,0.0952793298679305),
(-0.306808243485291,-0.718515989224895,-0.624182244987505),(-0.623490412884595,
-0.776003547647306,0.0952795837511472),(-0.222518501464171,-0.967661744006788,
0.118811892047393),(0.316891155033008,0.279937095699107,-0.906209257463967),
(0.0629473264071898,-0.0390891191830668,-0.997251059091781),(0.387587606516233,
0.648810289501153,0.654844298679043),(0.119823871039941,0.187660763324195,
-0.974897778147835),(0.0658430886276963,0.24752389046999,-0.966641925082171),
(0.0115083279865816,0.330114056363474,-0.943870895927089),(0.00937222915723948,
0.0234465689416619,-0.999681159032963),(0.,-0.121868929351123,-0.992546202480643),
(-0.075687627193248,-0.785750977919089,-0.613894766054452),(0.,-0.121868442692801,
-0.992546262234458),(-0.306803588369221,-0.71850910474423,-0.624192457951404),
(0.00158122278270787,-0.00774386787850891,-0.999968765634603),(-0.0149274248882568,
0.328836653272871,-0.944268832192667),(-0.00476867888319653,-0.00595718031865958,
-0.999970885428351),(0.,-0.121869253151018,-0.992546162723131),(0.0756880089084613,
-0.785750813332011,-0.613894929654543),(0.,-0.121869273212846,-0.99254616025985),
(-0.0756885384006692,-0.785750898424466,-0.613894755458878),(0.,-0.121868643519111,
-0.992546237576271),(-0.306804475867052,-0.718508101758421,-0.624193176264732),
(0.,-0.121869908729082,-0.992546082228085),(-0.689391300084704,-0.242349022690148,
-0.68264675093979),(0.,-0.12186957839188,-0.992546122788551),(-0.552832319550063,
-0.523760218118497,-0.64811392546169),(-0.0177541267897148,0.00206601519106796,
-0.999840248521315),(-0.188265018489529,0.677121270866427,-0.711381098535357),
(-0.68937851486481,-0.242348119094117,-0.682659983018144),(-1.,0.,0.),(-0.900968939406905,
-0.430649617926642,0.052876051324145),(-0.55284116075442,-0.523762575630333,
-0.648104478726066),(-0.900969168780499,-0.430648858450854,0.0528783284716252),
(-0.623490367158451,-0.776003014289165,0.0952842267888561),(-0.30680345392762,
-0.718509103751196,-0.624192525175315),(-0.623489622387683,-0.776004120464115,
0.0952800912970834),(-0.222520076374914,-0.967661433254099,0.118811473363163),
(0.083747506742694,-0.785243051392851,-0.613497926120071),(0.111964208167907,
-0.986304792745758,0.121106861473998),(-0.0837469862270448,-0.78524294177454,
-0.613498137479775),(-0.111964640424624,-0.986304797490387,0.121106423207157),
(0.,-0.121868654968096,-0.99254623617047),(0.0756879848782944,-0.785750814769365,
-0.613894930777525),(-0.0683293317551217,0.0656608904911308,-0.995499748810521),
(-0.306805061153855,-0.718508361654738,-0.624192589416603),(-0.623491015164641,
-0.776003018038672,0.0952799559395245),(-0.222522865686845,-0.967660801355492,
0.118811395777345),(-0.0837481156472306,-0.785242866976813,-0.61349807904147),
(-0.111966061958105,-0.986304638515336,0.121106403681745),(0.,-0.121868502684281,
-0.992546254868503),(0.306802944091647,-0.718509674799442,-0.62419211843494),
(-0.689390136034397,-0.242348070497954,-0.682648264528955),(-1.,0.,0.),
(-0.900965588637326,-0.430656523944681,0.0528768992593318),(4.80926291702828E-6,
-0.121868740022587,-0.992546225715547),(-0.689389194046723,0.0700054982046839,
-0.721000533531511),(-0.689390892596987,0.0700039616665748,-0.720999058636913),
(-0.900965696531378,0.430656541343606,-0.0528749191175966),(-1.,0.,0.),
(-0.552829861753768,-0.523761894589916,-0.648114667114463),(-0.900965818017558,
-0.430655764459783,0.0528791764451029),(-0.623491759934693,-0.776001911863052,
0.0952840914236348),(0.,-0.121868160555564,-0.992546296876056),(0.306803221762697,
-0.718520236485199,-0.624179824151089),(-0.0882711397198111,0.0583012625741434,
-0.99438884178918),(0.0837474151631095,-0.785243390239912,-0.613497504915893),
(0.111962944613939,-0.986304934051689,0.121106878824737),(-1.85463148566074E-6,
-0.121864108731218,-0.992546794362717),(-0.359108259627467,-0.00660629768865454,
-0.93327252970297),(-1.13092524012137E-6,-0.121869566851347,-0.992546124204909),
(0.552862864153961,0.351441492951861,-0.755533937339181),(-0.0914938651735012,
-0.0774971429118268,-0.992785508292762),(-0.085937597258596,-0.0556586787376129,
-0.994744610871857),(-3.38662411988109E-6,-0.121868724547698,-0.992546227621489),
(0.689393081609093,-0.2423492239168,-0.682644880370785),(0.689391707120683,
-0.24234722306542,-0.682646978771393),(0.900970285695948,-0.430646796202748,
0.0528760930220023),(1.,0.,0.),(1.,0.,0.),(0.689392682845924,0.0700047432919235,
-0.720997270976202),(0.900970622954146,0.430646481703408,-0.0528729077136334),
(0.0837476433498275,-0.785245652672947,-0.613494577964294),(0.111962218420817,
-0.986305779480601,0.121100664777088),(-0.0837465421908533,-0.785244957757488,
-0.613495617741085),(-0.111963445733019,-0.986305638969673,0.121100674466391),
(0.,-0.121869320003479,-0.992546154514674),(-0.30680568008612,-0.718515032730987,
-0.624184606031326),(-0.30680384934685,-0.718515315766992,-0.624185180082174),
(-0.623486234581048,-0.776006854884334,0.0952799898219499),(-0.222519121300564,
-0.967661603589072,0.11881187480656),(0.306812669083929,-0.718523142251248,
-0.624171835425942),(0.222516570878776,-0.967662187835503,0.118811892997957),
(0.623486188858362,-0.776006885880977,0.0952800365668661),(-0.361344343706936,
0.052191596302695,-0.930970623890131),(-0.49496466015252,0.248076135243645,
-0.832747390462844),(-0.646066432597496,0.630364467688063,0.43039377614818),
(-0.0367699278334071,0.13147089924125,0.990637862722712),(-0.149384838065148,
0.008003542537924,-0.988746738787589),(-0.493579414146083,0.246495027020207,
-0.834038106794598),(-0.170254157690903,0.00879199872694221,-0.985360960535451),
(-0.469670099709283,0.219493376484187,-0.855121427119355),(-0.171364793323512,
0.00737410479903211,-0.985180049629306),(-0.466687611883724,0.216093905067626,
-0.857616521008598),(-0.17144397594978,0.00723079686827954,-0.985167335373631),
(-0.467441353026141,0.216960447568567,-0.856987016046298),(-0.171529285959056,
0.00697810965862213,-0.985154307732534),(-0.463227443811878,0.212082428963433,
-0.860489034575389),(-0.171728075692953,0.00633027106457349,-0.985124050912901),
(-0.457649871351949,0.205563441373136,-0.865043505739669),(-0.171746094821051,
0.00442899605945439,-0.985131292218263),(-0.311238715747468,0.0924537004758581,
-0.945823860498448),(-0.145937651617901,0.0823123833252529,-0.985863516614531),
(-0.00751496644233913,0.128356510021654,0.991699617633501),(-0.168087348224843,
0.146136755845376,-0.974879834624622),(-0.00751528026657629,0.128355858453703,
0.9916996995881),(-0.172023106162049,0.165714987959745,-0.971054372170715),
(-0.00740327294921012,0.128173868035011,0.991724080126415),(-0.17256423508192,
0.16888318615125,-0.970412311446013),(-0.0077219813483669,0.128725846217803,
0.991650153793951),(-0.172864059493541,0.170807955096163,-0.97002198913802),
(-0.00693741403902179,0.127463420600623,0.991819010049333),(-0.173136470836631,
0.172660493729142,-0.969645355978899),(-0.00773327128602677,0.128799575218475,
0.991640492284758),(-0.173083524490769,0.172310445739115,-0.969717074119581),
(-0.00720320032714721,0.127721980135542,0.991783852306188),(-0.173824438719964,
0.178618738849896,-0.968442259835537),(-0.00751443547475193,0.128355196877837,
0.991699791617376),(-0.171918834572713,0.199718617448321,-0.96465350679075),
(-0.00748202821175357,0.128288441626036,0.991708674459895),(-0.0842258775006436,
-0.026633485937598,-0.996090688133394),(-0.0367699278334071,0.13147089924125,
0.990637862722712),(-2.51044880391959E-6,-0.121868589347589,-0.992546244224483),
(0.552859047551126,-0.523785908384687,-0.648070363246531),(0.306811946881341,
-0.718517124219815,-0.624179118085321),(0.222519065041836,-0.967661556865253,
0.11881236071227),(0.623486188858147,-0.776006922793141,0.0952797359372047),
(0.552865245851447,-0.523776578761242,-0.648072615893302),(0.623485444080021,
-0.776006995634567,0.0952840162175769),(0.900970056322561,-0.430646982228017,
0.0528784862493591),(0.,-0.202249463924415,-0.979334036140012),(1.31815506118861E-6,
-0.121870887269846,-0.992545962076479),(0.689376256617958,-0.242347342400927,
-0.682662539211446),(-4.69629865805964E-6,-0.121868741816519,-0.992546225495822),
(0.689375641548508,0.0699987010822828,-0.721014151516027),(0.,-0.121869281563412,
-0.992546159234387),(0.55284062745544,0.351414450437152,-0.755562786708444),
(0.,-0.121869413572326,-0.992546143025723),(0.0756889529883076,0.613897902922174,
-0.785748399415036),(0.,-0.121869385989357,-0.9925461464126),(0.306801896860695,
0.546157876008981,-0.779476856972699),(0.306803373649624,-0.71851546330109,
-0.624185244069762),(0.222519050203476,-0.967661626172094,0.118811824034994),
(0.6234900189686,-0.77600385424984,0.0952796643357289),(0.689376043075853,
-0.242347595412387,-0.682662665033699),(0.900969029166853,-0.430649385976262,
0.0528764110015643),(1.,0.,0.),(1.,0.,0.),(0.689376362767822,0.0699974397794052,
-0.721013584394453),(0.900969366428587,0.430649071477011,-0.0528732256748069),
(0.,-0.121869174782295,-0.992546172345591),(0.552838533466277,-0.523763158208241,
-0.648106249019854),(0.552838848165185,-0.523762179972371,-0.648106771134187),
(0.623489274192231,-0.77600396401017,0.0952836439676146),(0.900968799790977,
-0.430649572001372,0.0528788042436802),(0.0837486802971775,0.613501309935044,
-0.785240282497317),(0.111963726462603,0.986304241623561,-0.121111795098493),
(0.306802544728884,0.54615757334822,-0.779476814037637),(0.623490641777873,
0.776003830231258,-0.0952757843412102),(0.222523081751011,0.967661502141131,
-0.11880528339263),(0.552840859307345,0.351414565315512,-0.7555625636335),
(0.900968907688967,0.430649443524952,-0.0528780121543815),(0.623489152232619,
0.776003975937822,-0.0952843448680926),(0.,-0.202249463924415,-0.979334036140012),
(0.,-0.121869381343966,-0.992546146982982),(-0.306803120437236,0.546156936347921,
-0.779477033766248),(0.,-0.121869414572413,-0.992546142902925),(-0.0756893449822585,
0.61389812943491,-0.785748184682902),(0.,-0.121869091123868,-0.992546182617535),
(-0.552849037493048,0.351425729295285,-0.755551387089116),(0.,-0.121869231309283,
-0.992546165404955),(-0.689394309271852,-0.242348935714818,-0.682643742886054),
(0.,-0.121869030638015,-0.992546190044246),(-0.689393412251078,0.0700024872545036,
-0.720996792588565),(0.,-0.121869276207766,-0.992546159891984),(-0.552835500325567,
0.351407284397754,-0.755569871058909),(-0.0837490921614249,0.613501012196372,
-0.785240471190936),(-0.111966760660449,0.986303743034613,-0.121113050424459),
(-0.30680370146214,0.546156052128375,-0.779477424620289),(-0.222522086865053,
0.96766141104251,-0.118807888780337),(-0.62349089319316,0.776003800425512,
-0.0952743818156616),(-0.306802159950738,0.546159056450095,-0.779475926316589),
(-0.222523635341551,0.967658069538618,-0.11883220174336),(-0.623486188755251,
0.776004536068973,-0.0952991733008677),(0.,-0.121869201941879,-0.992546169010561),
(0.0756882923078512,0.61389837541825,-0.785748093899282),(0.0837476763721,
0.613501361880666,-0.785240348984209),(0.111962462911545,0.986304382926794,
-0.121111812463427),(-0.689393222106757,0.0700033934143786,-0.720996886417504),
(-0.900970983121684,0.430644257302488,-0.0528848865474287),(-1.,0.,0.),
(0.,-0.121869327455953,-0.992546153599631),(0.306802195242486,0.546172543568453,
-0.779466462169065),(-0.689394865974469,-0.242347469786541,-0.682643701103368),
(-1.,0.,0.),(-0.900970072711094,-0.4306472616437,0.0528759313653089),(1.1145083101939E-6,
-0.121869123737667,-0.992546178612447),(-0.552846962582745,-0.523770723015662,
-0.648092945243724),(-0.552851267713911,0.35142445311058,-0.755550348780974),
(-0.623483255466018,0.776008892949818,-0.0952828852223422),(-0.900970072711037,
0.430647271886014,-0.0528758479478371),(-0.552834371199403,0.351410230568319,
-0.75556932697965),(-0.623492382751244,0.776001588095443,-0.0952826527995861),
(-0.900966155296337,0.430655022372138,-0.0528794734863199),(0.306802971035015,
-0.718509650817042,-0.624192132797955),(0.222521544389259,-0.967660995188903,
0.118812291757383),(0.623490018968388,-0.776003891161857,0.0952793637072417),
(0.552840306748718,0.351415375745911,-0.755562591003117),(0.900969587018813,
0.43064808656004,-0.052877488682096),(0.623490018968397,0.776003872705897,
-0.0952795140218382),(0.689379708711446,-0.24234836372092,-0.682658690575835),
(0.900968662483196,-0.430650171076176,0.0528762647631345),(1.,0.,0.),(0.552838681666565,
-0.523761832774571,-0.648107193743285),(0.623490064690873,-0.776003849777289,
0.0952794015650686),(0.900968676564665,-0.430650159655848,0.0528761178388523),
(0.689378080710232,0.0700007283281639,-0.721011622562219),(1.,0.,0.),(0.900968676523149,
0.430648824921529,-0.0528869881712919),(-0.111963886141618,0.986305382273857,
-0.121102357936118),(0.,-0.121869490965904,-0.992546133523113),(0.222517311937283,
0.967659502046735,-0.118832377687523),(0.623482775035169,0.77600723808269,
-0.0952995051284042),(0.,-0.121869355831054,-0.99254615011561),(0.623485708515126,
0.776006951316954,-0.0952826468206967),(0.900971132239386,0.430645088129248,
-0.0528755798212328),(1.13688033920957E-6,-0.121869002793158,-0.992546193462505),
(0.111964965260602,0.986305472295305,-0.121100627060839),(0.,-0.121869490965904,
-0.992546133523113),(0.,-0.121869490965904,-0.992546133523113),(0.111966228835397,
0.986305330984352,-0.121100609710388),(-0.111963570250351,0.986305417601271,
-0.121102362269186),(0.,-0.121869490965904,-0.992546133523113),(0.222519791277371,
0.967658940383779,-0.118832308675782),(0.623486605151109,0.776004206483375,
-0.0952991328252861),(0.,-0.121869458238787,-0.99254613754151),(0.62348953862331,
0.776003919690512,-0.095282274596347),(0.900969736105637,0.430647965648757,
-0.0528759331295988),(0.,-0.121869310014058,-0.992546155740976),(0.900968674258811,
-0.430650161525939,0.0528761418978547),(0.62349007217793,-0.7760038490449,
0.095279358536153),(0.,-0.121869028251672,-0.99254619033711),(1.,0.,0.),
(0.900968660177332,-0.430650172946271,0.0528762888222083),(0.,-0.121869308294448,
-0.992546155952192),(0.623490026455685,-0.776003853517457,0.0952796213066891),
(0.222519038561335,-0.967661622332838,0.118811877107966),(0.,-0.121869310013901,
-0.992546155741105),(0.900968825625023,0.430648704015464,-0.0528854326035948),
(1.,0.,0.),(0.,-0.121869028251661,-0.99254619033705),(-0.111963555225328,
-0.986305629983722,0.121100646421552),(0.,-0.121869460756254,-0.992546137232364),
(0.111962327910794,-0.986305763977465,0.121100689814819),(0.,-0.121869460756254,
-0.992546137232364),(0.552871039939088,0.351433460124952,-0.75553169112968),
(0.900970164219505,0.430646853751667,-0.0528776941636897),(0.623485322120931,
0.776007007561008,-0.0952847171164807),(-0.552849955835471,-0.523766850189618,
-0.648093521781513),(-0.900970058629529,-0.43064730826868,0.0528757915689455),
(-0.623486188858142,-0.776006922793131,0.095279735937322),(-0.222519109658248,
-0.967661612703203,0.118811822381181),(-0.623486242068189,-0.776006843764233,
0.0952800313956686),(0.,-0.121869412420878,-0.992546143167085),(-0.623486196345271,
-0.776006911673068,0.0952797775109336),(-0.900970056323649,-0.430647315903595,
0.0528757686770655),(0.,-0.121869310013769,-0.992546155741262),(0.306810428880882,
0.546167226447653,-0.779466947012128),(0.623486811670123,0.776006861868219,
-0.0952761565495997),(0.222520602386199,0.967662063824862,-0.118805352353723),
(0.11196230160644,0.98630424170404,-0.121113111658512),(0.,-0.121869412673376,
-0.992546143136195),(-0.111966599356011,0.986303920339032,-0.121111755632995),
(0.,-0.121869277672159,-0.992546159712286),(0.222520033485004,0.967661876227572,
-0.11880794583515),(0.623487055579235,0.776006838005448,-0.095274754756555),
(0.,-0.121869288349167,-0.99254615840133),(-1.,0.,0.),(-0.900971132192777,
0.430643763663278,-0.0528863666098485),(1.38787671709317E-6,-0.121869308294353,
-0.992546155951414),(-0.900970221798397,0.430646778244156,-0.0528773280383613),
(-0.623482775116747,0.776009606375955,-0.0952802180148411),(-1.14273458324683E-6,
-0.121869028251382,-0.99254619033663),(-0.90097007040521,-0.430647269278636,
0.0528759084733711),(-1.,0.,0.),(0.,-0.121869028251401,-0.992546190337274),
(0.111963591458681,-0.986305622672858,0.121100672465426),(0.,-0.121869460756254,
-0.992546137232364),(0.623486196345415,-0.776006885148669,0.095279993537923),
(0.222516559236877,-0.967662183996228,0.11881194607038),(0.,-0.121869412420878,
-0.992546143167085),(0.900970070405101,-0.430647283998544,0.0528757885889625),
(0.623486242067781,-0.776006880676534,0.0952797307661591),(0.,-0.121869335472134,
-0.992546152615368),(1.,0.,0.),(0.900970056323792,-0.430647295418886,0.0528759355123093),
(0.,-0.121869308294448,-0.992546155952192),(1.,0.,0.),(0.900970323255739,
-0.430646765740548,0.0528757011268337),(0.,-0.121868759057121,-0.992546223390016),
(0.900970093883321,-0.430646951766138,0.0528780943530877),(0.623485322120907,
-0.776007007561011,0.0952847171166166),(0.,-0.121868591217217,-0.992546243998006),
(0.900970547837295,0.430646542627392,-0.0528736915000068),(1.,0.,0.),(0.,
-0.121869689441595,-0.992546109152957),(-0.623485708443245,0.776005249521392,
-0.095296506138822),(-0.222524388059609,0.967657480184809,-0.118835591306153),
(0.,-0.121869355831256,-0.992546150115585),(-1.,0.,0.),(-0.900970015286209,
0.430646065672812,-0.0528866493143258),(0.,-0.121869136512546,-0.992546177044372),
(-0.90096895348861,-0.430649571301473,0.0528761911213056),(-1.,0.,0.),(0.,
-0.121869252662944,-0.992546162782963),(-0.900969104883045,0.430649080265744,
-0.052877610692176),(-0.623486953426646,0.776006299163829,-0.0952798119478417),
(-2.92477414743753E-6,-0.121867246929418,-0.992546409049617),(-0.623489886744685,
0.776001942301343,-0.0952960999812866),(-0.222523768210075,0.967657620608573,
-0.118835608551243),(0.,-0.121869254860918,-0.992546162513182),(-0.111963239335799,
-0.986305665310291,0.121100650759021),(0.,-0.121869460756254,-0.992546137232364),
(0.900970221769751,0.430645826496656,-0.0528850792301362),(1.,0.,0.),(0.,
-0.121869028251661,-0.99254619033705),(-0.623491137115322,0.77600343815483,
-0.0952757362108805),(-0.222521517927407,0.967661856415812,-0.118805326888939),
(0.,-0.1218691018668,-0.992546181298388),(0.623485566038646,0.776006983707747,
-0.0952833153194896),(0.90097008909878,0.43064691467437,-0.0528784779544745),
(0.,-0.121869406657333,-0.992546143874928),(-1.,0.,0.),(-0.900965621405758,
0.430656790077079,-0.0528741733310549),(-2.30546034294241E-6,-0.121869327810838,
-0.992546153553385),(-0.900966080174794,0.430655271105114,-0.0528787277063879),
(-0.623492626664143,0.77600122581747,-0.0952840071850082),(0.,-0.12186937728166,
-0.992546147481777),(-0.900965626198981,-0.430656399578261,0.052877272151339),
(-1.,0.,0.),(0.,-0.121868783647536,-0.99254622037075),(0.111964276269736,
-0.986304838214998,0.121106428207096),(0.,-0.121869312901589,-0.992546155386682),
(-0.222520266015002,-0.967661284794691,0.118812327315394),(-0.62348950042885,
-0.776004301601091,0.0952794141018202),(0.,-0.121869304587203,-0.992546156407562),
(-0.623490245201934,-0.776003195427964,0.0952835495960421),(-0.900969206340205,
-0.430648734085529,0.0528787013572717),(0.,-0.121869134246554,-0.99254617732271),
(-0.111964708525743,-0.986304736789229,0.121106854603181),(0.,-0.121869412673381,
-0.992546143136236),(-0.111965177817983,0.986304079314006,-0.121111775169631),
(0.,-0.121869312901458,-0.992546155386666),(0.222522512838003,0.967661314544799,
-0.118807876900869),(0.623490885688028,0.776003806366067,-0.0952743825450172),
(0.,-0.121869304587247,-0.992546156407545),(0.111963565154236,0.98630410039973,
-0.121113094307066),(0.,-0.121869412673376,-0.992546143136195),(-0.623489744338174,
0.776004540581692,-0.0952758715610337),(-0.22251872863061,0.967662488307453,
-0.118805404469855),(0.,-0.121869274387917,-0.9925461601155),(-0.623490374648985,
-0.77600360443606,0.0952793714416248),(-0.900968939406905,-0.430649617926642,
0.052876051324145),(0.,-0.121869369699862,-0.992546148412731),(0.623486066901184,
-0.776006934721962,0.0952804368352579),(0.222519254676682,-0.967661619402349,
0.118811496218831),(0.,-0.121868097427029,-0.992546304627181),(0.11196301271436,
-0.986304979520625,0.121106445562338),(0.,-0.12186922494225,-0.99254616618673),
(-0.111966130060809,-0.986304577813285,0.121106835082767),(0.,-0.121869412673381,
-0.992546143136236),(0.623489897010903,-0.776003903091888,0.095280064606869),
(0.222521734028042,-0.96766105772568,0.118811427255007),(0.,-0.121869136815537,
-0.992546177007294),(-1.,0.,0.),(-0.900968972174408,0.430649884054271,-0.0528733254395194),
(-3.76583044672445E-6,-0.121868783646673,-0.992546220363716),(-0.900968976967631,
-0.430649493561193,0.0528764242114439),(-1.,0.,0.),(0.,-0.121869122795329,
-0.992546178728569),(-0.900969430930167,0.430648365100526,-0.0528778797382707),
(-0.623491233888427,0.776002328245673,-0.0952841425504864),(0.,-0.121869823503116,
-0.992546092692244),(0.623489396151376,0.776003952082141,-0.0952829430679531),
(0.900968832567545,0.430649504447507,-0.0528787959487688),(0.,-0.121869292349181,
-0.992546157910205),(-0.222518489821917,-0.96766175312088,0.118811839622146),
(-0.623490420371772,-0.776003536527102,0.0952796253249486),(0.,-0.121869412420878,
-0.992546143167085),(-0.222523055331363,-0.967660652893303,0.118812249739245),
(-0.623490893205619,-0.776003199176214,0.0952792787438124),(0.,-0.121869352437689,
-0.99254615053226),(0.900968837352086,-0.430649541539567,0.0528784123456075),
(0.623489152232596,-0.776003975937824,0.0952843448682285),(0.,-0.121868769143864,
-0.992546222151565),(0.900969291311039,0.430649132400847,-0.0528740094647829),
(1.,0.,0.),(1.5057687756615E-6,-0.12186955527197,-0.992546125626182),(1.,
0.,0.),(0.900969066726994,-0.430649355514136,0.0528760191045944),(0.,-0.121868782438894,
-0.99254622051915),(-0.623491637977987,-0.776002093002416,0.0952834142303718),
(-0.900965855578195,-0.430655640093487,0.0528795493354577),(0.,-0.121869224427398,
-0.992546166249871)),$,(624,585,585,585,581,581,594,594,594,583,583,583,
608,608,608,592,592,592,654,654,654,663,663,663,637,637,637,656,656,656,
625,625,625,639,639,639,606,606,606,627,627,627,582,582,595,595,595,586,
586,586,609,609,609,584,584,584,655,655,655,638,638,638,664,664,664,626,
626,626,657,657,657,607,607,607,593,593,593,628,628,628,640,640,640,540,
540,536,536,556,556,552,552,552,544,544,544,548,548,548,682,682,698,698,
694,694,694,686,686,686,690,690,690,702,702,554,554,542,542,542,550,550,
550,546,546,546,684,684,696,696,696,688,688,688,692,692,692,700,700,703,
703,701,701,695,695,695,699,699,689,689,689,685,685,697,697,697,693,693,
693,557,557,545,545,545,538,538,539,539,541,541,553,553,553,549,549,549,
537,537,551,551,551,555,555,543,543,543,547,547,547,683,683,687,687,687,
691,691,691,528,529,527,530,721,526,720,719,717,718,704,704,764,763,763,
716,716,706,706,708,708,710,710,712,712,714,714,482,481,525,525,765,733,
733,766,743,743,743,735,735,735,739,739,739,483,484,485,531,519,519,519,
515,515,515,507,507,507,511,511,511,767,722,768,745,745,745,741,741,741,
737,737,737,772,773,773,726,726,874,874,874,874,725,888,888,771,918,919,
901,901,871,871,873,873,535,535,872,872,872,887,887,800,800,800,724,534,
827,827,770,817,817,807,807,809,809,1080,1079,917,829,829,844,844,843,843,
837,837,908,908,1081,1014,1014,922,922,922,920,920,920,902,902,909,909,
789,789,761,761,795,795,795,790,790,792,792,792,791,791,791,89,89,490,490,
762,762,762,533,489,619,619,723,630,630,649,649,648,648,642,642,450,450,
319,319,191,191,88,88,84,84,84,85,85,85,60,60,488,449,532,605,605,591,591,
597,597,448,318,487,317,190,267,267,267,278,278,278,271,271,271,276,276,
276,396,396,447,398,398,412,412,406,406,256,256,256,71,71,242,242,242,189,
252,252,252,274,274,274,386,386,265,265,265,316,269,269,269,376,376,378,
378,266,266,266,255,255,255,275,275,275,277,277,277,270,270,270,72,72,76,
76,76,1180,1180,1181,1181,1153,1183,1183,1152,1179,1179,1182,1182,1169,
1169,1169,1082,1082,1154,1154,1165,1165,1165,1161,1161,1161,1157,1157,1178,
1178,1170,1170,1170,1177,1177,1176,1176,1172,1172,1241,1241,1243,1243,1151,
1048,1048,1158,1158,1047,1047,1166,1166,1166,1162,1162,1162,1150,929,929,
1013,1013,942,942,988,988,988,1078,1006,1006,1006,1004,1004,1004,998,998,
998,921,921,921,944,944,821,821,799,799,842,842,983,983,983,970,970,916,
974,974,974,979,979,979,865,865,864,864,859,859,848,848,808,808,769,781,
781,787,787,788,788,613,613,578,578,647,647,676,676,675,675,670,670,653,
653,565,565,596,596,571,571,572,572,486,390,390,369,369,413,413,446,405,
405,411,411,428,428,434,434,417,417,238,238,240,240,240,250,250,250,254,
254,254,70,70,188,237,237,239,239,239,241,241,241,249,249,249,253,253,253,
73,73,264,264,264,268,268,268,315,377,377,69,69,187,263,251,251,251,273,
273,273,356,356,362,362,363,363,77,77,77,68,68,67,67,66,66,62,62,2,2,4,
4,1149,1002,1002,1002,1077,986,986,986,996,996,996,1003,1003,1003,1005,
1005,1005,987,987,987,982,982,982,997,997,997,816,816,915,828,828,826,826,
798,798,509,509,509,618,618,513,513,513,604,604,517,517,517,504,504,504,
496,496,496,500,500,500,385,385,314,445,395,395,368,368,186,1148,981,981,
981,977,977,977,972,972,972,836,836,985,985,985,995,995,995,1076,980,980,
980,969,969,973,973,973,976,976,976,971,971,971,914,858,858,847,847,1001,
1001,1001,984,978,978,978,641,641,629,629,820,820,508,508,508,503,503,503,
612,612,652,652,516,516,516,518,518,518,512,512,512,577,577,397,397,492,
492,495,495,495,491,491,494,494,494,498,498,498,502,502,502,499,499,499,
433,433,427,427,444,313,389,389,416,416,185,1175,1175,1147,1075,913,760,
760,760,750,750,750,754,754,754,758,758,758,669,669,493,493,493,497,497,
497,501,501,501,506,506,506,510,510,510,469,469,469,473,473,473,479,479,
479,477,477,477,505,514,514,514,443,464,464,464,452,452,460,460,460,456,
456,456,312,184,1174,1174,1173,1173,1171,1171,1168,1168,1168,1128,1128,
1128,1146,1133,1133,1133,1141,1141,1141,1137,1137,1137,1074,1124,1124,1124,
1120,1120,1120,912,756,756,756,748,748,748,752,752,752,744,744,744,740,
740,740,749,749,749,757,757,757,759,759,759,753,753,753,468,468,468,463,
463,463,475,475,475,467,467,467,471,471,471,472,472,472,476,476,476,478,
478,478,454,454,454,442,458,458,458,462,462,462,459,459,459,455,455,455,
453,453,453,451,451,311,65,65,183,1127,1127,1127,1123,1123,1123,1143,1143,
1143,1131,1131,1131,1145,1135,1135,1135,1139,1139,1139,1136,1136,1136,1140,
1140,1140,1132,1132,1132,1116,1116,1073,1118,1118,1118,1122,1122,1122,1126,
1126,1126,1119,1119,1119,1115,1115,911,736,736,736,734,734,734,732,732,
738,738,738,742,742,742,747,747,747,746,751,751,751,755,755,755,465,457,
457,457,461,461,461,466,466,466,470,470,470,441,474,474,474,310,64,64,182,
63,63,61,61,74,74,74,75,75,75,1117,1117,1117,1121,1121,1121,1125,1125,1125,
1130,1130,1130,1134,1134,1134,1144,1144,999,999,1072,1072,1129,1138,1138,
1138,1142,1142,1142,910,910,993,993,930,930,934,934,941,941,990,990,480,
480,440,440,283,283,309,309,181,181,137,137,137,142,142,142,154,154,154,
152,152,152,1155,1155,1159,1159,1159,1163,1163,1163,1167,1167,1167,1156,
1156,1000,1000,931,931,935,935,989,989,940,940,994,994,715,715,705,705,
284,284,707,707,132,132,132,95,95,95,123,123,123,136,136,136,131,131,131,
150,150,150,151,151,151,153,153,153,135,135,135,86,86,87,87,140,140,140,
141,141,141,80,80,80,81,81,81,12,12,12,40,40,40,28,28,28,91,91,93,93,93,
121,121,121,130,130,130,90,90,92,92,92,94,94,94,120,120,120,129,129,129,
78,78,78,134,134,134,82,82,82,133,122,122,122,79,79,79,83,83,83,139,139,
139,149,149,149,617,617,617,602,602,602,371,371,371,375,375,375,383,383,
383,394,394,394,590,590,590,600,600,600,588,588,588,580,580,580,662,662,
634,634,634,661,661,661,646,646,646,709,709,711,711,713,713,802,802,802,
825,825,825,814,814,814,806,806,806,841,841,841,833,833,833,1160,1160,1160,
852,852,852,1164,1164,1164,1195,1195,1207,1207,1207,1235,1235,1235,1219,
1219,1219,965,965,965,964,964,957,957,963,963,943,943,943,1190,55,1037,
1037,205,205,1046,1046,282,1034,1034,992,968,958,958,958,1191,1191,1199,
1199,1197,1085,1085,1061,1061,180,180,217,217,217,217,279,229,229,229,56,
56,48,1194,601,601,601,616,616,616,50,50,3,1,9,9,10,10,10,26,26,26,38,38,
38,370,370,370,373,373,373,372,372,372,374,374,374,382,382,382,589,589,
589,402,402,402,599,599,599,410,410,410,615,615,615,614,614,614,393,393,
393,587,587,587,579,579,579,660,660,660,804,804,804,659,659,659,658,658,
658,645,645,645,633,633,633,813,813,813,824,824,824,801,801,801,803,803,
803,805,805,805,832,832,832,840,840,840,853,853,1242,1185,1185,1205,1205,
1205,1240,1233,1233,1233,1217,1217,1217,851,851,851,1234,1234,1206,1206,
1218,1218,39,39,59,27,27,11,11,58,58,57,57,959,962,962,42,42,42,46,46,44,
44,30,30,30,32,32,34,34,36,24,22,173,173,20,20,18,18,16,16,15,15,21,97,
97,138,138,8,8,7,7,14,14,14,23,19,19,96,96,192,192,174,176,206,206,206,
206,206,216,216,214,214,212,212,210,210,208,208,6,6,5,5,17,17,13,13,13,
35,47,98,98,175,33,33,31,31,29,29,29,25,25,49,37,37,116,320,1094,392,392,
392,903,381,381,381,520,620,727,45,45,54,43,43,53,53,99,99,100,100,104,
52,101,101,102,102,41,41,41,51,103,105,108,106,107,107,111,111,112,113,
114,110,110,119,117,118,1184,400,400,400,1204,1204,850,850,850,823,823,
823,831,831,831,408,408,408,839,839,839,1093,1096,391,391,391,399,399,399,
321,621,621,521,521,728,728,904,904,1092,1091,380,380,380,1193,1193,961,
961,961,960,960,960,1192,1192,1203,1203,1203,1201,1201,1211,1211,1213,1213,
1209,1042,1221,1223,1114,1114,1039,1039,1215,1215,1215,1229,1229,1222,1225,
1225,1228,1228,1237,1237,1111,1111,1112,1112,1113,1113,1224,1224,1189,1220,
1227,1227,1236,1236,1239,1239,1226,1226,1106,1110,1110,1044,1045,1231,1231,
1231,1238,1238,1230,1230,1230,1232,1232,1210,1210,1212,1212,1208,1188,1196,
1214,1214,1214,1216,1216,849,849,849,1202,1202,1202,1186,1200,1200,812,
812,812,830,830,830,822,822,822,419,419,419,632,632,632,631,631,631,422,
422,421,421,421,407,407,407,418,418,418,838,838,838,1099,1099,1187,1103,
1198,1198,1109,1109,1107,1108,1105,1104,1102,1098,1100,1097,109,115,128,
126,124,125,127,522,522,622,622,322,729,729,1090,905,323,349,349,349,435,
435,435,177,324,144,144,143,143,285,285,167,167,161,161,155,155,350,350,
156,156,178,223,223,290,290,172,172,162,162,147,147,147,159,159,159,352,
352,351,351,286,286,354,354,357,357,359,359,364,364,364,379,379,379,295,
295,163,163,163,168,168,157,157,157,145,145,145,1095,1089,1101,1087,1088,
906,1086,866,866,866,774,774,774,1043,907,1084,1084,1083,1083,951,951,1049,
1049,1059,1059,1066,1066,868,868,867,867,1041,1041,1041,1067,1067,1040,
1040,1031,1031,1025,1025,860,860,860,854,854,854,956,956,1019,1019,1054,
1054,1060,1060,1068,1068,1068,1070,1070,1070,945,945,946,946,933,933,932,
932,924,924,923,923,1050,1050,947,947,947,952,952,1055,1055,1055,1062,1062,
1062,785,785,780,780,811,811,811,796,796,786,786,674,674,668,668,644,644,
644,643,643,643,673,673,857,857,846,846,863,863,819,819,360,360,355,355,
366,366,361,361,651,651,611,611,818,818,845,845,797,797,576,576,420,420,
420,409,409,409,401,401,401,650,650,610,610,667,667,432,432,431,431,426,
426,856,856,862,862,570,570,415,415,388,388,575,575,367,367,425,425,564,
564,569,569,414,414,387,387,562,562,567,567,558,558,558,574,574,574,603,
603,603,636,636,636,666,666,666,672,672,672,681,681,677,677,677,623,623,
563,563,568,568,566,566,559,559,561,561,560,560,598,598,598,573,573,573,
635,635,635,665,665,665,671,671,671,680,680,678,678,679,679,730,523,778,
778,783,783,794,794,794,815,815,815,835,835,835,855,855,855,861,861,861,
870,870,779,779,784,784,782,782,775,775,776,776,777,777,810,810,810,793,
793,793,834,834,834,869,869,353,353,358,358,365,365,365,384,384,384,404,
404,404,424,424,424,430,430,430,439,439,403,403,403,423,423,423,429,429,
429,438,438,436,436,437,437,1038,1038,1038,1032,1032,1035,1026,1026,1021,
1021,1021,1027,1027,1027,1007,1007,1015,1015,1015,1008,1008,1052,1052,954,
954,1064,1064,1064,1057,1057,1057,1036,1036,1036,1033,991,967,975,1012,
1012,1020,1020,966,281,280,900,900,330,330,336,336,348,348,342,342,272,
272,1029,1029,1029,1023,1023,1023,1017,1017,1017,898,898,1010,1010,262,
262,230,333,333,333,328,328,890,890,345,345,345,347,347,343,343,343,339,
339,339,244,244,222,260,260,179,179,231,231,194,202,224,224,227,227,227,
225,225,225,170,170,288,288,296,296,293,293,293,165,165,165,193,203,203,
203,203,201,201,200,200,199,199,198,198,197,197,196,196,195,207,207,209,
209,211,211,213,213,215,215,218,218,219,219,220,220,221,221,204,204,232,
232,247,247,247,235,235,235,731,876,876,875,875,881,881,895,895,889,889,
949,949,949,879,879,879,877,877,877,882,882,885,885,885,896,896,891,891,
891,883,883,883,524,335,335,325,325,301,301,308,308,307,307,341,341,326,
326,331,331,331,291,291,291,257,257,258,258,303,303,303,243,243,305,305,
305,302,302,297,297,297,337,337,337,893,893,893,936,936,936,927,927,927,
938,938,938,925,925,925,287,287,164,164,164,158,158,158,169,169,953,953,
1051,1051,948,948,948,937,937,937,939,939,939,928,928,928,950,950,950,926,
926,926,289,289,171,171,233,233,233,299,299,299,294,294,294,300,300,300,
245,245,245,259,259,327,327,246,246,246,304,304,304,298,298,298,306,306,
306,955,955,166,166,166,160,160,160,148,148,148,228,228,228,236,236,236,
226,226,226,292,292,292,1069,1069,1069,1071,1071,1071,1063,1063,1063,1056,
1056,1056,1053,1053,146,146,146,332,332,332,234,234,234,344,344,344,338,
338,338,346,346,346,899,899,1018,1018,1018,1024,1024,1024,1011,1011,1009,
1009,892,892,892,897,897,1016,1016,1016,1065,1065,1065,248,248,248,261,
261,329,329,894,894,894,1028,1028,1028,1030,1030,1030,1022,1022,1022,884,
884,884,1058,1058,1058,334,334,334,886,886,886,878,878,878,880,880,880,
340,340,340),((1,2,5),(1,7,2),(5,10,1),(1,13,7),(1,10,16),(1,19,23),(1,
25,19),(1,23,28),(1,31,25),(1,28,34),(1,37,31),(1,16,37),(1,40,13),(1,34,
40),(43,6,4),(3,9,45),(4,48,43),(45,49,3),(11,6,43),(8,15,51),(51,46,8),
(17,12,54),(43,55,11),(22,21,57),(20,27,60),(60,58,20),(29,24,63),(57,64,
22),(26,33,66),(66,62,26),(35,30,69),(63,70,29),(32,39,72),(72,67,32),(38,
18,75),(75,73,38),(54,77,17),(14,42,78),(78,52,14),(41,36,81),(81,79,41),
(69,83,35),(44,50,84),(86,56,44),(44,84,86),(84,50,47),(47,53,88),(88,90,
47),(47,93,84),(90,96,47),(96,93,47),(59,61,99),(65,59,101),(103,101,59),
(99,106,59),(59,106,110),(110,103,59),(61,68,99),(71,65,112),(101,112,65),
(68,74,114),(114,99,68),(114,74,76),(76,56,86),(86,116,76),(76,119,114),
(76,116,122),(76,122,119),(88,53,80),(125,80,82),(80,125,88),(82,71,112),
(112,127,82),(130,125,82),(82,127,133),(133,130,82),(113,102,136),(128,
113,139),(140,139,113),(136,140,113),(102,105,142),(102,146,136),(142,146,
102),(126,132,147),(89,126,151),(147,151,126),(134,129,152),(139,153,128),
(131,135,155),(152,156,134),(155,148,131),(91,89,159),(151,159,89),(85,
95,160),(164,87,85),(85,166,164),(160,167,85),(85,167,166),(97,92,169),
(159,170,91),(94,98,172),(172,161,94),(169,173,97),(117,87,176),(164,176,
87),(115,121,177),(100,115,181),(177,181,115),(123,118,182),(176,183,117),
(120,124,185),(185,178,120),(182,186,123),(107,100,189),(181,189,100),(109,
108,190),(189,191,107),(104,111,193),(190,194,109),(193,143,104),(175,163,
196),(163,165,197),(197,196,163),(198,184,175),(196,198,175),(199,158,150),
(199,171,158),(150,149,200),(150,200,199),(199,162,174),(168,162,199),(199,
174,171),(197,165,168),(168,199,197),(201,179,187),(180,179,201),(198,187,
184),(187,198,201),(188,180,201),(200,154,138),(157,154,200),(138,141,202),
(202,200,138),(200,149,157),(141,137,203),(203,137,145),(203,202,141),(204,
192,188),(195,192,204),(201,204,188),(144,195,205),(204,205,195),(145,144,
205),(145,205,203),(206,204,201),(205,204,208),(209,208,204),(204,212,209),
(204,206,213),(204,213,215),(215,217,204),(217,219,204),(219,221,204),(221,
212,204),(201,198,223),(223,224,201),(225,201,224),(201,225,206),(203,205,
227),(208,227,205),(202,203,228),(203,230,231),(227,230,203),(203,234,228),
(203,237,234),(231,237,203),(198,196,240),(240,223,198),(196,197,241),(241,
240,196),(197,199,242),(242,241,197),(243,199,200),(244,199,243),(199,244,
248),(242,199,250),(253,250,199),(248,253,199),(200,202,256),(200,257,243),
(257,200,258),(256,258,200),(259,256,202),(202,262,259),(228,265,202),(265,
262,202),(268,269,271),(273,269,268),(271,277,268),(268,278,273),(280,268,
277),(268,280,281),(281,282,268),(283,268,282),(283,278,268),(285,272,270),
(270,276,287),(270,287,285),(277,271,289),(272,285,291),(291,290,272),(274,
279,294),(288,275,296),(294,297,274),(277,299,280),(289,300,277),(299,277,
300),(281,280,301),(303,280,299),(280,304,301),(280,303,306),(306,308,280),
(280,308,304),(282,281,310),(311,310,281),(281,312,311),(301,313,281),(315,
312,281),(281,317,315),(281,319,317),(281,313,319),(282,321,283),(310,323,
282),(282,323,324),(282,324,327),(327,329,282),(282,329,321),(279,284,332),
(284,322,335),(335,332,284),(332,294,279),(286,288,336),(292,286,339),(336,
339,286),(296,340,288),(343,336,288),(288,340,345),(348,343,288),(288,345,
348),(291,351,290),(300,289,353),(351,354,290),(352,293,355),(339,356,292),
(300,358,299),(353,359,300),(358,300,359),(299,358,360),(299,362,303),(360,
363,299),(365,362,299),(299,367,365),(299,369,367),(363,369,299),(351,371,
354),(359,353,372),(351,373,371),(351,375,373),(351,378,375),(379,378,351),
(351,383,379),(385,382,352),(355,385,352),(359,387,358),(372,388,359),(387,
359,388),(389,358,387),(390,360,358),(358,389,392),(392,394,358),(394,390,
358),(388,372,374),(388,396,387),(374,397,388),(396,388,397),(398,387,396),
(387,398,389),(397,374,376),(397,399,396),(376,400,397),(401,397,400),(404,
399,397),(397,401,407),(397,411,404),(407,411,397),(396,399,413),(396,415,
398),(413,416,396),(415,396,418),(396,420,418),(396,416,420),(400,376,377),
(400,422,401),(377,425,400),(427,400,430),(430,400,425),(427,432,400),(432,
422,400),(399,404,434),(399,437,413),(430,399,439),(442,399,430),(443,439,
399),(399,442,446),(399,434,443),(446,448,399),(448,437,399),(408,403,450),
(402,424,453),(453,451,402),(405,412,456),(435,406,459),(456,460,405),(410,
409,462),(462,457,410),(450,463,408),(465,425,377),(467,465,377),(467,377,
381),(470,472,474),(475,473,471),(474,477,470),(475,471,479),(478,470,477),
(474,472,480),(475,481,473),(477,474,323),(474,480,482),(485,323,474),(474,
487,485),(482,489,474),(489,493,474),(493,495,474),(495,487,474),(475,479,
497),(483,481,475),(475,500,483),(475,497,502),(475,502,504),(507,475,504),
(476,506,508),(510,499,476),(508,510,476),(477,512,478),(323,310,477),(512,
477,310),(498,478,512),(323,485,513),(513,324,323),(486,488,515),(518,514,
486),(515,518,486),(490,484,501),(492,491,519),(501,520,490),(496,494,522),
(519,523,492),(488,496,515),(522,515,496),(310,311,512),(525,512,311),(512,
525,498),(325,514,518),(526,326,325),(518,528,325),(530,526,325),(325,528,
530),(532,311,312),(311,535,525),(535,311,536),(539,536,311),(532,542,311),
(542,539,311),(545,330,328),(548,328,527),(328,548,545),(335,322,331),(331,
547,335),(314,302,551),(302,305,552),(552,551,302),(312,315,554),(312,556,
532),(559,312,561),(561,312,554),(559,562,312),(312,566,556),(562,566,312),
(316,318,568),(571,555,316),(568,571,316),(318,320,572),(572,568,318),(320,
314,575),(575,572,320),(551,575,314),(576,306,303),(578,303,362),(576,303,
578),(309,307,579),(307,577,582),(582,579,307),(305,309,583),(583,552,305),
(579,583,309),(364,361,586),(361,391,587),(587,586,361),(362,365,589),(362,
257,578),(589,257,362),(366,368,591),(594,590,366),(591,594,366),(368,370,
595),(595,591,368),(370,364,598),(586,598,364),(598,595,370),(392,389,243),
(243,389,398),(395,393,599),(243,601,392),(393,602,603),(603,599,393),(391,
395,606),(599,606,395),(606,587,391),(607,398,415),(398,607,243),(417,414,
608),(414,438,611),(611,608,414),(418,612,415),(415,614,607),(615,614,415),
(415,617,615),(415,612,617),(419,421,619),(613,419,622),(619,622,419),(421,
417,623),(623,619,421),(608,623,417),(430,625,427),(430,627,625),(430,630,
627),(430,633,630),(425,636,430),(439,633,430),(430,638,442),(638,430,636),
(428,626,639),(626,629,641),(641,639,626),(639,645,428),(431,429,646),(628,
632,647),(647,642,628),(631,635,650),(650,648,631),(653,637,426),(426,466,
653),(634,441,655),(655,652,634),(440,445,658),(658,656,440),(661,442,638),
(662,446,442),(442,661,662),(636,664,638),(653,665,637),(638,666,661),(666,
638,664),(640,643,667),(644,640,667),(667,643,649),(646,668,431),(423,433,
670),(669,644,667),(649,651,667),(670,455,423),(651,657,667),(444,436,671),
(459,672,435),(671,660,444),(449,447,674),(447,663,677),(677,674,447),(438,
449,678),(678,611,438),(674,678,449),(673,461,667),(659,673,667),(461,458,
667),(657,659,667),(458,464,667),(464,452,667),(452,454,667),(454,669,667),
(680,653,466),(653,684,665),(653,686,684),(653,688,686),(688,653,689),(691,
690,654),(654,682,693),(654,693,691),(466,469,680),(503,498,525),(695,525,
535),(525,695,503),(536,696,535),(535,699,695),(561,535,700),(699,535,561),
(535,703,700),(535,696,703),(537,541,706),(697,538,709),(706,710,537),(543,
534,712),(533,558,715),(715,713,533),(540,544,718),(712,719,543),(718,707,
540),(578,721,576),(723,561,578),(578,561,724),(578,258,723),(724,726,578),
(258,578,257),(726,721,578),(577,722,728),(728,582,577),(243,607,730),(733,
243,257),(730,735,243),(243,733,738),(243,740,244),(735,740,243),(243,738,
601),(743,730,607),(242,607,614),(746,607,242),(746,750,607),(607,750,743),
(661,752,662),(754,661,666),(755,614,661),(661,614,756),(661,754,755),(756,
752,661),(663,753,758),(758,677,663),(664,683,666),(666,760,754),(760,666,
683),(505,503,695),(761,695,699),(695,761,505),(700,762,561),(561,723,699),
(762,766,561),(561,768,559),(554,771,561),(561,766,768),(771,724,561),(763,
702,773),(701,705,776),(776,774,701),(779,699,723),(699,779,761),(765,764,
780),(773,781,763),(784,560,770),(785,563,560),(560,784,785),(772,555,571),
(769,767,788),(770,791,784),(788,792,769),(780,789,765),(794,723,258),(723,
794,779),(725,772,795),(727,725,798),(795,798,725),(571,795,772),(704,698,
799),(799,778,704),(709,800,697),(775,777,802),(782,775,802),(777,801,802),
(557,567,803),(803,717,557),(565,564,787),(787,804,565),(716,805,802),(714,
716,802),(805,786,802),(720,714,802),(783,793,802),(786,783,802),(802,793,
790),(790,782,802),(801,711,802),(711,708,802),(708,720,802),(589,806,257),
(257,808,733),(806,808,257),(258,256,794),(722,727,810),(798,810,727),(810,
728,722),(807,590,594),(736,732,812),(731,745,815),(815,813,731),(739,734,
818),(734,809,821),(821,818,734),(245,742,822),(247,246,825),(822,826,245),
(741,737,828),(812,829,736),(828,823,741),(602,739,831),(831,603,602),(818,
831,739),(614,755,242),(615,833,614),(833,756,614),(242,835,746),(749,748,
837),(747,836,841),(841,838,747),(241,242,755),(242,842,835),(242,845,842),
(848,845,242),(250,848,242),(744,751,851),(837,852,749),(851,817,744),(616,
618,854),(834,616,857),(854,857,616),(854,618,613),(622,854,613),(858,755,
754),(859,754,760),(754,859,858),(755,858,241),(753,757,860),(757,834,863),
(863,860,757),(860,758,753),(683,685,760),(760,864,859),(864,760,685),(865,
505,761),(504,866,507),(867,761,779),(761,867,865),(868,779,794),(779,868,
867),(869,794,256),(794,869,868),(256,230,869),(870,230,256),(259,873,256),
(873,877,256),(256,879,870),(256,877,879),(809,807,882),(594,882,807),(882,
821,809),(836,844,884),(884,841,836),(843,847,887),(887,885,843),(846,850,
890),(890,889,846),(849,252,893),(893,891,849),(251,255,896),(896,895,251),
(241,858,899),(899,903,241),(905,240,241),(241,903,908),(241,908,905),(840,
886,911),(839,840,911),(911,886,888),(853,839,911),(888,892,911),(816,853,
911),(814,816,911),(892,894,911),(254,249,912),(912,897,254),(825,913,247),
(894,898,911),(898,914,911),(830,814,911),(827,824,911),(914,827,911),(824,
830,911),(857,863,834),(915,858,859),(858,916,899),(858,915,919),(858,921,
916),(919,924,858),(924,921,858),(927,859,864),(859,927,915),(685,687,864),
(864,928,927),(928,864,687),(507,866,930),(929,865,867),(507,930,932),(932,
933,507),(935,507,933),(506,937,508),(867,868,938),(867,941,929),(938,943,
867),(941,867,945),(867,948,945),(943,948,867),(951,868,869),(952,938,868),
(955,868,951),(955,952,868),(958,869,230),(869,958,951),(230,870,959),(230,
227,958),(230,962,231),(230,965,962),(959,965,230),(874,261,968),(260,264,
971),(971,969,260),(876,875,974),(968,975,874),(871,881,977),(960,872,980),
(977,981,871),(880,878,983),(974,984,876),(983,978,880),(902,901,986),(900,
918,989),(989,987,900),(240,905,992),(995,915,240),(223,240,915),(240,998,
995),(992,998,240),(909,904,1001),(986,1002,902),(906,910,1004),(1001,1005,
909),(1004,1007,906),(993,907,1009),(915,1010,919),(1013,915,927),(915,
1014,1010),(1017,1014,915),(915,995,1017),(915,1013,223),(917,923,1020),
(1020,990,917),(1023,925,920),(920,1012,1026),(1026,1029,920),(920,1029,
1023),(922,926,1025),(1025,1021,922),(1031,927,928),(927,1031,1013),(687,
1032,928),(689,1033,688),(928,1034,1031),(1034,928,1032),(931,929,941),
(942,940,1035),(939,954,1038),(1038,1036,939),(945,1041,941),(951,941,1044),
(1047,941,951),(941,1047,931),(941,1048,1044),(1051,1048,941),(941,1041,
1051),(946,950,1054),(1042,947,1057),(1054,1058,946),(949,944,1060),(1060,
1055,949),(1035,1061,942),(951,1063,955),(1065,951,958),(951,1066,1063),
(951,1069,1066),(951,1072,1069),(1044,1072,951),(951,1065,1047),(953,957,
1075),(956,1064,1079),(1079,1076,956),(1075,1040,953),(1080,958,227),(958,
1080,1065),(1081,266,229),(229,236,1084),(1084,1087,229),(229,1087,1081),
(263,267,1083),(1083,972,263),(235,239,1089),(1089,1085,235),(238,233,1092),
(1092,1090,238),(232,964,1095),(1095,1093,232),(227,208,1080),(1088,1086,
1098),(1098,1086,1091),(1098,1082,1088),(1098,973,1082),(1098,970,973),
(1098,976,970),(1098,1091,1094),(963,967,1099),(1099,1096,963),(966,961,
1102),(1102,1100,966),(980,1103,960),(1098,1094,1097),(1098,1097,1101),
(1098,985,976),(1098,1101,1104),(1098,1104,982),(1098,979,985),(1098,982,
979),(1105,988,991),(1105,991,1022),(1105,1003,988),(1011,1016,1106),(1106,
1027,1011),(1015,1019,1109),(1109,1107,1015),(1018,997,1112),(1112,1110,
1018),(1115,1113,996),(996,1000,1115),(224,223,1013),(1118,1013,1031),(1013,
1118,224),(1030,1028,1105),(1105,1028,1108),(1105,1024,1030),(1105,1022,
1024),(1105,1006,1003),(1105,1008,1006),(1009,1119,993),(999,994,1121),
(1105,1120,1008),(1105,1108,1111),(1105,1111,1114),(1105,1114,1117),(1121,
1116,999),(1105,1117,1120),(1122,1031,1034),(1031,1122,1118),(1032,1123,
1034),(689,1124,1033),(1034,1125,1122),(1125,1034,1123),(689,1127,1124),
(689,1128,1127),(1130,1128,689),(689,1134,1130),(691,1133,690),(934,931,
1047),(1064,1068,1136),(1136,1079,1064),(1067,1071,1139),(1139,1137,1067),
(1070,1074,1142),(1142,1141,1070),(1073,1046,1145),(1145,1143,1073),(1045,
1050,1148),(1148,1147,1045),(1151,1047,1065),(1047,1151,934),(1065,1080,
1153),(1065,1155,1151),(1153,1155,1065),(1078,1138,1157),(1077,1078,1157),
(1157,1138,1140),(1039,1077,1157),(1140,1144,1157),(1144,1146,1157),(1049,
1053,1158),(1158,1149,1049),(1052,1043,1161),(1057,1163,1042),(1161,1159,
1052),(1146,1150,1157),(1150,1160,1157),(1059,1056,1157),(1162,1059,1157),
(1056,1062,1157),(1037,1039,1157),(1062,1037,1157),(1160,1162,1157),(1164,
1080,208),(1166,1153,1080),(1080,1164,1168),(1080,1168,1170),(1080,1172,
1174),(1080,1170,1172),(1174,1166,1080),(208,209,1164),(1176,224,1118),
(224,1176,225),(1179,1118,1122),(1118,1179,1176),(1181,1122,1125),(1122,
1183,1179),(1181,1183,1122),(1123,1126,1125),(1125,1185,1181),(1125,1126,
1186),(1186,1190,1125),(1192,1185,1125),(1125,1195,1192),(1190,1195,1125),
(934,1151,1198),(934,1198,1200),(1200,1204,934),(1204,1206,934),(933,1208,
935),(1209,1152,1156),(1209,1199,1152),(1156,1154,1212),(1212,1154,1167),
(1156,1212,1209),(1213,1169,1165),(1213,1165,210),(1216,1171,1169),(1169,
1213,1216),(1217,1175,1173),(1220,1173,1171),(1173,1220,1217),(1167,1175,
1217),(1171,1216,1220),(1217,1221,1167),(1167,1221,1212),(210,211,1224),
(1224,1213,210),(1225,207,226),(226,1177,1228),(1228,1225,226),(207,1225,
1229),(1229,214,207),(1228,1177,1178),(1228,1178,1182),(1182,1180,1228),
(1228,1180,1184),(1231,1186,1126),(1234,1126,1129),(1234,1238,1126),(1238,
1231,1126),(1189,1188,1240),(1187,1233,1243),(1243,1241,1187),(1185,1192,
1246),(1193,1197,1249),(1247,1194,1252),(1249,1253,1193),(1255,1258,1185),
(1184,1259,1261),(1185,1262,1255),(1185,1246,1262),(1184,1261,1228),(1196,
1191,1265),(1240,1266,1189),(1265,1250,1196),(381,1268,467),(468,1270,1272),
(1272,681,468),(1269,380,384),(384,1271,1269),(682,1273,693),(693,1273,
382),(382,1274,693),(382,385,1277),(1277,1281,382),(382,1281,1274),(1129,
1283,1234),(1129,1285,1283),(1129,1288,1285),(1291,1288,1129),(1129,1132,
1291),(1235,1284,1294),(1284,1287,1296),(1296,1294,1284),(1294,1300,1235),
(1237,1236,1301),(1286,1290,1302),(1302,1297,1286),(1289,1293,1305),(1305,
1303,1289),(1132,1308,1291),(1311,1307,1292),(1308,1314,1291),(1291,1314,
1258),(1258,1255,1291),(1292,1257,1311),(1309,1131,1135),(1295,1298,1317),
(1299,1295,1317),(1317,1298,1304),(1301,1319,1237),(1232,1239,1320),(1318,
1299,1317),(1304,1306,1317),(1320,1245,1232),(1306,1313,1317),(1315,1310,
1321),(1135,1322,1309),(1259,1316,1324),(1321,1325,1315),(1324,1261,1259),
(1327,1312,1256),(1256,1264,1327),(1313,1329,1317),(1323,1133,691),(1244,
1318,1317),(1326,1323,691),(1260,1326,691),(1263,1248,1330),(1330,1328,
1263),(1252,1332,1247),(1227,1260,691),(1226,1227,1333),(1336,1333,1227),
(1227,691,1339),(1339,1343,1227),(1343,1345,1227),(1227,1345,1349),(1227,
1351,1336),(1354,1227,1349),(1227,1354,1358),(1358,1360,1227),(1360,1351,
1227),(1329,1331,1317),(1331,1254,1317),(1242,1244,1317),(1267,1242,1317),
(1254,1251,1317),(1251,1267,1317),(1363,1230,1226),(1333,1365,1226),(1226,
1368,1363),(1226,1371,1368),(1226,1365,1371),(216,214,1229),(218,216,1374),
(1229,1374,216),(220,218,1377),(1374,1377,218),(1224,222,220),(1377,1378,
220),(220,1378,1224),(211,222,1224),(1363,1375,1230),(1376,1375,1363),(1379,
1376,1380),(1363,1380,1376),(1223,1379,1380),(1214,1223,1383),(1223,1386,
1383),(1380,1389,1223),(1389,1386,1223),(1392,1215,1214),(1383,1395,1214),
(1214,1395,1392),(1218,1219,1392),(1222,1218,1210),(1218,1392,1210),(1392,
1219,1215),(1210,1211,1222),(1201,1199,1209),(1209,1398,1201),(508,1399,
1210),(1210,1392,1401),(1401,508,1210),(1203,1202,1400),(1207,1205,1404),
(1400,1405,1203),(1404,936,1207),(937,1406,508),(508,1406,1399),(510,521,
499),(1407,524,521),(521,1409,1407),(521,510,1412),(1416,1409,521),(1412,
1416,521),(516,524,1407),(517,516,1407),(529,517,1418),(1407,1418,517),
(527,531,1421),(1423,548,527),(1421,1425,527),(527,1425,1423),(528,1427,
530),(1418,1428,529),(531,1429,1420),(1420,1421,531),(1430,546,549),(569,
334,546),(546,1430,569),(549,1424,1430),(333,334,569),(295,333,573),(569,
573,333),(298,295,574),(573,574,295),(574,550,298),(550,553,298),(592,298,
553),(298,592,596),(298,597,585),(621,298,585),(298,596,597),(298,621,620),
(620,624,298),(298,624,609),(609,1431,298),(341,298,1431),(1432,796,570),
(1432,570,569),(797,796,1432),(811,797,1432),(569,1430,1432),(1434,729,
811),(811,1432,1434),(819,581,729),(729,1434,819),(819,580,581),(553,584,
592),(592,584,580),(580,593,592),(883,593,580),(580,819,820),(820,883,580),
(604,832,1434),(861,600,604),(604,1434,861),(1434,832,819),(862,605,600),
(600,861,862),(862,585,588),(856,855,585),(585,855,621),(585,862,856),(588,
605,862),(676,759,1434),(1434,759,861),(1434,675,676),(609,610,1431),(1431,
610,679),(679,675,1434),(1434,1431,679),(1430,1436,1432),(1438,1435,1433),
(1433,1437,1439),(1439,1441,1433),(1441,1442,1433),(1433,1442,1438),(1430,
1424,1443),(1443,1446,1430),(1430,1446,1448),(1448,1450,1430),(1430,1450,
1451),(1451,1453,1430),(1453,1436,1430),(1434,1455,1431),(1457,1456,1435),
(1435,1438,1461),(1461,1462,1435),(1435,1462,1457),(1431,1465,341),(1465,
1431,1467),(1467,1431,1455),(1422,1419,1408),(1468,1408,1411),(1408,1468,
1422),(1334,1338,1469),(1366,1335,1472),(1469,1473,1334),(1339,691,1475),
(692,694,1477),(1477,1478,692),(692,1478,1479),(1479,1481,692),(691,1483,
1485),(1487,1475,691),(691,1485,1487),(1342,1341,1490),(1475,1493,1339),
(1340,1495,1497),(1497,1491,1340),(1346,1344,1499),(1490,1500,1342),(1348,
1347,1502),(1499,1503,1346),(1337,1353,1505),(1505,1470,1337),(1349,1508,
1354),(1357,1356,1511),(1514,1517,1354),(1355,1519,1521),(1354,1508,1514),
(1521,1512,1355),(1509,1350,1523),(1502,1524,1348),(1361,1359,1526),(1511,
1527,1357),(1352,1362,1529),(1529,1506,1352),(1526,1530,1361),(1364,1370,
1532),(1535,1380,1363),(1535,1363,1538),(1364,1532,1541),(1541,1539,1364),
(1369,1373,1544),(1544,1533,1369),(1372,1367,1547),(1547,1545,1372),(1472,
1548,1366),(1384,1388,1550),(1396,1385,1553),(1550,1554,1384),(1390,1382,
1556),(1559,1557,1381),(1381,1537,1559),(1387,1391,1562),(1556,1563,1390),
(1562,1551,1387),(1393,1397,1565),(1402,1394,1568),(1565,1569,1393),(1553,
1566,1396),(1401,1571,508),(1573,511,509),(508,1574,1576),(1574,508,1571),
(509,1579,1573),(1579,509,1580),(1583,1581,508),(1576,1583,508),(1572,1403,
1586),(1568,1587,1402),(1589,1413,511),(511,1573,1589),(1477,694,1276),
(1591,1410,1417),(1411,1592,1468),(1593,1415,1414),(1417,1594,1591),(1414,
1590,1593),(386,357,338),(1595,1278,386),(338,1597,386),(386,1597,1595),
(1598,1280,1279),(1279,1596,1598),(1600,1275,1282),(1276,1601,1477),(1282,
1599,1600),(338,337,1597),(337,344,1597),(346,342,1466),(344,350,1602),
(1602,1597,344),(349,347,1604),(1466,1605,346),(1604,1603,349),(1468,1426,
1422),(1606,1423,1425),(1468,1607,1426),(1425,1608,1606),(1444,1423,1606),
(1597,1602,1609),(1609,1595,1597),(1605,1466,1612),(1603,1604,1614),(1612,
1615,1605),(1467,1613,1465),(1614,1610,1603),(1596,1611,1616),(1616,1598,
1596),(1610,1614,1619),(1619,1617,1610),(1615,1612,1621),(1621,1620,1615),
(1613,1467,1623),(1623,1622,1613),(1623,1467,1455),(1455,1624,1623),(1625,
1624,1455),(1455,1626,1625),(1457,1627,1456),(1622,1623,1624),(1624,1628,
1622),(1620,1621,1629),(1628,1624,1625),(1629,1630,1620),(1625,1632,1628),
(1630,1629,1633),(1617,1619,1631),(1634,1632,1625),(1625,1636,1634),(1636,
1625,1637),(1625,1639,1637),(1626,1639,1625),(1633,1641,1630),(1633,1635,
1643),(1643,1641,1633),(1631,1645,1617),(1645,1631,1642),(1634,1636,1648),
(1643,1635,1649),(1648,1650,1634),(1636,1637,1651),(1648,1636,1651),(1638,
1640,1653),(1652,1638,1655),(1656,1655,1638),(1653,1656,1638),(1657,1640,
1627),(1640,1657,1653),(1627,1457,1662),(1662,1664,1627),(1627,1664,1666),
(1627,1666,1668),(1668,1670,1627),(1670,1657,1627),(1599,1618,1647),(1642,
1672,1645),(1642,1644,1674),(1674,1672,1642),(1647,1600,1599),(1601,1646,
1673),(1674,1644,1676),(1649,1677,1643),(1673,1477,1601),(1673,1675,1478),
(1478,1477,1673),(1478,1675,1678),(1676,1679,1674),(1678,1479,1478),(1651,
1681,1648),(1650,1648,1681),(1682,1681,1651),(1651,1683,1682),(1685,1684,
1652),(1652,1655,1685),(1677,1649,1686),(1681,1687,1650),(1679,1676,1688),
(1686,1689,1677),(1480,1680,1690),(1688,1691,1679),(1482,1480,1693),(1690,
1693,1480),(1693,1484,1482),(1695,1476,1489),(1696,1488,1486),(1489,1697,
1695),(1476,1695,1698),(1699,1476,1698),(1575,1476,1700),(1701,1475,1574),
(1700,1476,1704),(1701,1705,1475),(1476,1699,1708),(1476,1709,1710),(1476,
1708,1709),(1710,1704,1476),(1475,1705,1493),(1486,1694,1696),(1687,1681,
1682),(1682,1711,1687),(1689,1686,1712),(1711,1682,1713),(1713,1682,1683),
(1712,1714,1689),(1713,1716,1711),(1714,1712,1717),(1691,1688,1715),(1683,
1718,1713),(1716,1713,1720),(1718,1720,1713),(1722,1719,1684),(1684,1685,
1722),(1717,1723,1714),(1720,1724,1716),(1723,1717,1726),(1724,1727,1716),
(1715,1728,1691),(1728,1715,1723),(1721,1719,1722),(1725,1721,1722),(1694,
1692,1730),(1723,1731,1728),(1726,1732,1723),(1731,1723,1733),(1732,1733,
1723),(1730,1696,1694),(1697,1729,1731),(1726,1725,1734),(1735,1732,1726),
(1726,1734,1735),(1722,1734,1725),(1731,1695,1697),(1733,1736,1731),(1695,
1731,1739),(1736,1739,1731),(1732,1735,1733),(1740,1736,1733),(1733,1735,
1741),(1733,1741,1740),(1739,1742,1695),(1742,1698,1695),(1743,1738,1737),
(1742,1739,1745),(1739,1744,1745),(1736,1740,1744),(1698,1742,1746),(1698,
1746,1699),(1745,1747,1742),(1747,1746,1742),(1700,1748,1575),(1574,1749,
1701),(1752,1577,1575),(1571,1754,1574),(1575,1748,1752),(1757,1517,1574),
(1574,1760,1757),(1763,1574,1517),(1574,1763,1749),(1574,1766,1760),(1754,
1766,1574),(1704,1769,1700),(1748,1700,1770),(1769,1770,1700),(1706,1703,
1771),(1702,1751,1774),(1774,1772,1702),(1708,1699,1777),(1699,1746,1747),
(1747,1777,1699),(1710,1709,1778),(1709,1708,1780),(1780,1778,1709),(1704,
1710,1782),(1778,1782,1710),(1777,1780,1708),(1782,1784,1704),(1786,1769,
1704),(1787,1786,1704),(1704,1784,1787),(1494,1707,1788),(1788,1496,1494),
(1771,1789,1706),(1607,1468,1791),(1791,1468,1592),(1606,1608,1793),(1606,
1796,1444),(1793,1796,1606),(1791,1794,1607),(1447,1445,1798),(1799,1797,
1795),(1795,1792,1799),(1798,1800,1447),(1799,1792,1801),(1592,1802,1791),
(1447,1800,1804),(1801,1805,1799),(1804,1449,1447),(1803,1591,1594),(1450,
1448,1806),(1449,1804,1808),(1808,1807,1449),(1450,1810,1451),(1806,1810,
1450),(1811,1454,1452),(1812,1813,1451),(1814,1451,1813),(1451,1810,1812),
(1811,1452,1815),(1437,1454,1816),(1816,1439,1437),(1454,1811,1816),(1805,
1801,1818),(1818,1809,1805),(1594,1819,1803),(1821,1813,1812),(1823,1813,
1821),(1812,1824,1821),(1821,1826,1823),(1828,1822,1825),(1827,1822,1828),
(1830,1813,1823),(1813,1830,1832),(1813,1832,1834),(1834,1814,1813),(1824,
1812,1810),(1823,1826,1836),(1838,1830,1823),(1836,1839,1823),(1838,1823,
1839),(1825,1840,1828),(1810,1806,1824),(1840,1825,1807),(1828,1842,1827),
(1844,1829,1841),(1843,1829,1844),(1827,1842,1846),(1846,1837,1827),(1833,
1831,1848),(1838,1849,1830),(1848,1831,1850),(1835,1833,1851),(1848,1851,
1833),(1852,1815,1835),(1851,1852,1835),(1815,1852,1811),(1807,1808,1840),
(1853,1841,1809),(1841,1853,1844),(1809,1818,1853),(1844,1856,1843),(1573,
1845,1855),(1857,1845,1573),(1843,1856,1858),(1858,1847,1843),(1590,1854,
1820),(1855,1589,1573),(1820,1593,1590),(1573,1579,1857),(1857,1579,1861),
(1861,1859,1857),(1580,1861,1579),(1839,1836,1863),(1837,1846,1865),(1865,
1864,1837),(1839,1867,1838),(1868,1838,1869),(1849,1838,1868),(1867,1869,
1838),(1863,1867,1839),(1847,1858,1870),(1870,1866,1847),(1860,1862,1873),
(1873,1871,1860),(1862,1582,1584),(1584,1873,1862),(1874,1585,1578),(1578,
1753,1874),(1875,1755,1572),(1572,1586,1875),(1872,1874,1753),(1753,1878,
1872),(1879,1752,1748),(1866,1870,1880),(1748,1881,1879),(1770,1881,1748),
(1882,1880,1881),(1880,1882,1866),(1757,1884,1517),(1758,1762,1887),(1885,
1759,1890),(1887,1891,1758),(1893,1763,1517),(1896,1517,1884),(1518,1898,
1900),(1517,1902,1893),(1904,1902,1517),(1517,1514,1904),(1900,1520,1518),
(1750,1765,1907),(1764,1895,1910),(1910,1908,1764),(1761,1768,1913),(1913,
1888,1761),(1767,1756,1877),(1877,1914,1767),(1907,1775,1750),(1770,1916,
1881),(1881,1918,1882),(1919,1918,1881),(1881,1916,1919),(1786,1916,1770),
(1770,1769,1786),(1869,1920,1868),(1868,1922,1849),(1918,1868,1921),(1924,
1868,1918),(1924,1925,1868),(1868,1925,1922),(1920,1869,1867),(1848,1850,
1923),(1921,1883,1918),(1867,1863,1920),(1883,1921,1864),(1918,1926,1924),
(1919,1926,1918),(1925,1924,1927),(1926,1927,1924),(1928,1923,1925),(1927,
1928,1925),(1923,1928,1848),(1864,1865,1883),(1926,1919,1929),(1919,1917,
1930),(1930,1929,1919),(1929,1931,1926),(1931,1927,1926),(1786,1930,1916),
(1722,1932,1734),(1932,1722,1685),(1735,1734,1933),(1934,1933,1734),(1734,
1932,1934),(1933,1741,1735),(1740,1741,1935),(1936,1744,1740),(1935,1937,
1740),(1740,1937,1936),(1938,1935,1741),(1741,1933,1938),(1936,1745,1744),
(1747,1745,1777),(1745,1936,1777),(1779,1781,1939),(1783,1779,1941),(1939,
1941,1779),(1781,1777,1943),(1943,1939,1781),(1785,1783,1944),(1941,1944,
1783),(1777,1936,1937),(1937,1943,1777),(1930,1786,1787),(1946,1787,1785),
(1787,1929,1930),(1929,1787,1946),(1785,1947,1946),(1944,1947,1785),(1937,
1935,1943),(1943,1935,1938),(1934,1938,1933),(1938,1948,1943),(1948,1938,
1934),(1949,1943,1948),(1943,1949,1953),(1953,1940,1943),(1955,1934,1932),
(1934,1956,1948),(1957,1934,1955),(1957,1959,1934),(1961,1956,1934),(1934,
1963,1961),(1934,1965,1963),(1967,1965,1934),(1934,1959,1967),(1932,1685,
1955),(1969,1948,1956),(1948,1969,1949),(1955,1971,1957),(1973,1955,1685),
(1955,1973,1974),(1955,1974,1976),(1976,1978,1955),(1978,1980,1955),(1955,
1980,1971),(1960,1958,1982),(1958,1972,1985),(1985,1982,1958),(1956,1961,
1988),(1956,1990,1969),(1988,1990,1956),(1992,1962,1964),(1961,1994,1988),
(1996,1994,1961),(1998,1996,1961),(1961,2000,1998),(1961,2003,2000),(2003,
1961,2006),(2007,1962,1992),(1964,1966,2008),(1964,2011,1992),(2008,2011,
1964),(1966,1968,2013),(2013,2008,1966),(1968,1960,2016),(1982,2016,1960),
(2016,2013,1968),(1685,1656,1973),(1656,1685,1655),(1946,1931,1929),(1927,
1931,2019),(2019,1928,1927),(2019,1931,2020),(1931,1946,2020),(1928,2021,
1848),(1851,1848,2021),(1928,2019,2022),(2022,2021,1928),(2020,2023,2019),
(2019,2023,2022),(2023,2020,1947),(2020,1946,1947),(2022,2023,2024),(1947,
2024,2023),(2022,2025,2021),(2025,2022,2024),(2024,1947,2026),(2029,2026,
1947),(1947,1945,2029),(2021,2025,2032),(2021,2032,1851),(2024,2033,2025),
(2032,2025,2034),(2025,2036,2034),(2025,2033,2038),(2038,2040,2025),(2040,
2042,2025),(2042,2044,2025),(2044,2036,2025),(2046,2033,2024),(2026,2049,
2024),(2024,2049,2046),(2050,1851,2032),(1811,1852,1851),(1851,2050,1811),
(2034,2053,2032),(2032,2055,2050),(2055,2032,2057),(2059,2057,2032),(2061,
2064,2032),(2032,2067,2061),(2069,2032,2064),(2069,2059,2032),(2032,2071,
2067),(2053,2073,2032),(2073,2071,2032),(2035,2037,2075),(2054,2035,2079),
(2075,2079,2035),(2033,2081,2038),(2083,2033,2046),(2033,2083,2085),(2087,
2081,2033),(2033,2089,2091),(2033,2085,2089),(2091,2087,2033),(2093,2041,
2039),(2039,2082,2095),(2039,2098,2093),(2095,2098,2039),(2043,2041,2093),
(2045,2043,2100),(2093,2100,2043),(2037,2045,2103),(2103,2075,2037),(2100,
2103,2045),(1558,1561,2106),(1564,1558,2109),(2106,2109,1558),(2110,1560,
1536),(1538,1884,1535),(1536,1886,2110),(1561,2112,2113),(2113,2106,1561),
(1552,1564,2116),(2109,2116,1564),(1542,1534,2117),(1534,1546,2120),(2120,
2117,1534),(2121,1540,1543),(1538,2123,1884),(1543,2124,2121),(2125,1542,
2127),(2117,2127,1542),(1588,1570,2130),(1570,1567,2131),(2131,2130,1570),
(1876,1588,2134),(2130,2134,1588),(1567,1555,2135),(2135,2131,1567),(1492,
1498,2138),(1501,1492,2139),(2138,2139,1492),(1498,1790,2142),(2142,2138,
1498),(1504,1501,2143),(2139,2143,1501),(1546,1549,2146),(2146,2120,1546),
(1549,1474,2147),(2147,2146,1549),(2123,1896,1884),(1890,2111,1885),(1897,
2122,2126),(2112,1892,2150),(2150,2113,2112),(2126,1899,1897),(1892,1889,
2151),(2151,2150,1892),(1555,1552,2154),(2154,2135,1555),(2116,2154,1552),
(1474,1471,2155),(2155,2147,1474),(1911,1894,1903),(1903,1906,2157),(1903,
2157,1911),(1905,1516,2160),(2160,2158,1905),(1515,1510,2163),(2163,2161,
1515),(1522,1901,2166),(1513,1522,2169),(2166,2169,1522),(1901,2125,2170),
(2170,2166,1901),(1912,2159,2173),(1909,1912,2174),(2173,2174,1912),(2159,
2162,2177),(2177,2173,2159),(1889,1915,2178),(2178,2151,1889),(1915,1876,
2181),(2181,2178,1915),(1471,1507,2182),(2182,2155,1471),(1523,2164,1509),
(2162,2165,2185),(2165,1525,2186),(2186,2185,2165),(2185,2177,2162),(1528,
1513,2189),(2169,2189,1513),(1525,1504,2190),(2190,2186,1525),(2143,2190,
1504),(2127,2170,2125),(1776,1909,2193),(2174,2193,1909),(2134,2181,1876),
(1507,1531,2194),(2194,2182,1507),(1531,1528,2197),(2197,2194,1531),(2189,
2197,1528),(1773,1776,2198),(2193,2198,1776),(1790,1773,2201),(2198,2201,
1773),(2201,2142,1790),(2202,2195,2196),(2204,2183,2195),(2195,2202,2204),
(2206,2196,2188),(2196,2206,2202),(2209,2156,2183),(2183,2204,2209),(2212,
2148,2156),(2156,2209,2212),(2215,2145,2148),(2148,2212,2215),(2218,2119,
2145),(2145,2215,2218),(2221,2118,2119),(2119,2218,2221),(2128,2118,2224),
(2118,2221,2224),(2171,2128,2226),(2224,2226,2128),(2167,2171,2226),(2229,
2168,2167),(2167,2226,2229),(2206,2188,2168),(2168,2229,2206),(2205,2203,
2231),(2210,2205,2233),(2231,2235,2205),(2205,2235,2233),(2203,2208,2237),
(2203,2239,2231),(2241,2239,2203),(2237,2241,2203),(2243,2213,2211),(2233,
2246,2210),(2211,2248,2243),(2249,2216,2214),(2214,2245,2249),(2252,2219,
2217),(2217,2251,2252),(2255,2222,2220),(2220,2254,2255),(2258,2225,2223),
(2223,2257,2258),(2260,2227,2225),(2225,2258,2262),(2225,2262,2260),(1942,
2230,2228),(2228,2264,1945),(2228,2261,2264),(1945,1942,2228),(2207,2230,
1942),(2207,1940,2265),(2265,2238,2207),(1942,1940,2207),(2266,2108,2107),
(2268,2115,2108),(2108,2266,2268),(2031,2107,2114),(2107,2031,2266),(2270,
2153,2115),(2115,2268,2270),(2273,2136,2153),(2153,2270,2273),(2276,2132,
2136),(2136,2273,2276),(2279,2129,2132),(2132,2276,2279),(2282,2133,2129),
(2129,2279,2282),(2180,2133,2285),(2133,2282,2285),(2027,2179,2180),(2285,
2027,2180),(2152,2179,2027),(2149,2152,2027),(2114,2149,2031),(2027,2031,
2149),(2269,2267,2287),(2271,2269,2289),(2269,2291,2289),(2287,2291,2269),
(2267,2030,2293),(2293,2295,2267),(2267,2297,2287),(2295,2297,2267),(2299,
2274,2272),(2272,2302,2299),(2289,2303,2271),(2305,2277,2275),(2275,2301,
2305),(2066,2280,2278),(2278,2307,2066),(2063,2283,2281),(2281,2065,2063),
(2308,2286,2284),(2284,2062,2308),(2048,2028,2286),(2286,2047,2048),(2286,
2308,2047),(2264,2294,2029),(2029,1945,2264),(2310,2140,2137),(2312,2144,
2140),(2140,2310,2312),(1951,2137,2141),(2137,1951,2310),(2314,2191,2144),
(2144,2312,2314),(2317,2187,2191),(2191,2314,2317),(2320,2184,2187),(2187,
2317,2320),(2323,2176,2184),(2184,2320,2323),(2326,2172,2176),(2176,2323,
2326),(2175,2172,2329),(2172,2326,2329),(1952,2192,2175),(2329,1952,2175),
(2199,2192,1952),(2200,2199,1952),(2141,2200,1951),(1952,1951,2200),(2313,
2311,1995),(2315,2313,1999),(1995,1997,2313),(2313,1997,1999),(2311,1950,
1970),(2311,1989,1995),(1970,1991,2311),(1991,1989,2311),(2005,2318,2316),
(1999,2002,2315),(2316,2001,2005),(2331,2321,2319),(2319,2004,2331),(2334,
2324,2322),(2322,2333,2334),(2337,2327,2325),(2325,2336,2337),(2340,2330,
2328),(2328,2339,2340),(2342,1954,2330),(2330,2344,2342),(2330,2340,2344),
(1953,2343,2265),(2265,1940,1953),(1816,1811,2052),(2056,2346,2051),(2052,
2348,1816),(2057,2349,2055),(2347,2055,2351),(2352,2351,2055),(2055,2349,
2352),(2058,2060,2354),(2350,2058,2357),(2354,2357,2058),(2061,2067,2083),
(2083,2309,2061),(2064,2360,2069),(2360,2064,2306),(2060,2070,2362),(2070,
2361,2365),(2365,2362,2070),(2068,2072,2367),(2084,2068,2369),(2367,2369,
2068),(2074,2054,2371),(2079,2371,2054),(2362,2354,2060),(2072,2074,2374),
(2371,2374,2074),(2374,2367,2072),(1816,2348,2377),(1440,1817,2379),(2351,
2378,2347),(2378,2380,1439),(1441,1439,2380),(2351,2380,2378),(2380,2381,
1441),(2381,2380,2351),(1441,2381,2382),(2382,1442,1441),(2351,2383,2381),
(2384,2383,2351),(2352,2386,2351),(2351,2386,2384),(2382,2381,2383),(1438,
1442,2382),(2383,2388,2382),(2389,2382,2388),(2382,2389,1438),(2388,2383,
2384),(2388,2390,2389),(2384,2391,2388),(2390,2388,2393),(2395,2393,2388),
(2397,2388,2391),(2397,2399,2388),(2399,2395,2388),(1461,1438,2389),(2401,
2389,2390),(2389,2401,1461),(2353,2350,2403),(2387,2353,2406),(2403,2406,
2353),(2357,2403,2350),(2385,2387,2409),(2412,2392,2385),(2385,2414,2412),
(2409,2414,2385),(2406,2409,2387),(2390,2393,2416),(2390,2418,2401),(2416,
2418,2390),(2394,2396,2419),(2417,2394,2422),(2419,2422,2394),(2391,2424,
2397),(2400,2398,2426),(2335,2332,2397),(2397,2424,2335),(2429,2397,2332),
(2398,2430,2431),(2431,2426,2398),(2425,2392,2412),(2396,2400,2434),(2426,
2434,2400),(2434,2419,2396),(2402,1462,1461),(2418,1463,2401),(2416,2437,
2418),(2439,2418,2437),(1463,2418,2439),(2438,2417,2440),(2422,2440,2417),
(1973,2442,1974),(1656,2443,1973),(1976,1974,2444),(1974,2446,2447),(2447,
2448,1974),(1974,2442,2446),(1975,2449,2450),(2445,1975,2454),(2450,2454,
1975),(2456,1979,1977),(1977,2458,2456),(2444,2460,1976),(1977,2461,2462),
(2462,2458,1977),(1981,1979,2456),(1972,1981,2465),(2456,2465,1981),(2465,
1985,1972),(2468,1656,1653),(1656,2468,2446),(2446,2443,1656),(2469,2473,
1653),(2470,1654,1661),(2473,2475,1653),(2475,2477,1653),(2477,2479,1653),
(2479,2481,1653),(2481,2483,1653),(2483,2485,1653),(2485,2468,1653),(2486,
2488,2439),(2489,2487,1671),(2439,1659,2486),(1671,2487,1658),(2488,2490,
2439),(2491,2489,1669),(1671,1669,2489),(2490,2492,2439),(2492,2494,2439),
(2439,2494,1459),(2439,2496,2498),(1459,2496,2439),(2439,2498,2500),(2500,
2502,2439),(2439,2502,1463),(2504,2439,2447),(2447,2439,2506),(2504,1659,
2439),(2437,2506,2439),(2493,2491,1667),(1669,1667,2491),(2495,2493,1665),
(1667,1665,2493),(1460,2495,1663),(1665,1663,2495),(1464,2499,2497),(1464,
2497,1458),(1464,2501,2499),(1464,2503,2501),(2447,2474,2472),(2447,2472,
2504),(1660,2505,2471),(2476,2474,2447),(2447,2478,2476),(2447,2480,2478),
(2482,2480,2447),(2484,2482,2447),(2485,2484,2447),(2485,2447,2446),(2506,
2448,2447),(2446,2468,2485),(2507,2438,2508),(2440,2508,2438),(2449,2507,
2511),(2508,2511,2507),(2511,2450,2449),(2083,2046,2309),(2294,2264,2514),
(2514,2296,2294),(2263,2514,2264),(2264,2261,2263),(2515,2300,2304),(2517,
2306,2300),(2300,2515,2517),(2259,2304,2290),(2290,2292,2259),(2304,2259,
2256),(2256,2515,2304),(2306,2517,2519),(2306,2521,2360),(2523,2521,2306),
(2306,2519,2523),(2259,2288,2298),(2292,2288,2259),(2298,2296,2514),(2259,
2298,2514),(2086,2084,2525),(2369,2525,2084),(2514,2263,2259),(2518,2516,
2528),(2520,2518,2532),(2528,2532,2518),(2515,2256,2253),(2253,2534,2515),
(2516,2535,2536),(2536,2528,2516),(2361,2522,2539),(2539,2365,2361),(2522,
2524,2541),(2541,2539,2522),(2524,2520,2544),(2544,2541,2524),(2532,2544,
2520),(2265,2343,2345),(2547,2345,2341),(2341,2338,2247),(2547,2341,2240),
(2341,2247,2234),(2341,2232,2240),(2236,2232,2341),(2234,2236,2341),(2345,
2547,2265),(2238,2265,2547),(2548,2332,2003),(2003,2550,2548),(2006,2552,
2003),(2550,2003,2554),(2003,2556,2554),(2552,2556,2003),(2534,2338,2335),
(2244,2247,2338),(2338,2534,2244),(2335,2424,2534),(2548,2558,2332),(2332,
2558,2429),(2240,2242,2547),(2547,2242,2238),(2549,2551,2560),(2559,2549,
2562),(2560,2562,2549),(2553,2007,2565),(1992,2565,2007),(2554,2568,2550),
(2551,2569,2570),(2570,2560,2551),(2555,2557,2572),(2554,2575,2568),(2572,
2577,2555),(2575,2554,2580),(2581,2555,2577),(2557,2553,2582),(2582,2572,
2557),(2565,2582,2553),(2430,2559,2585),(2562,2585,2559),(2585,2431,2430),
(2535,2425,2588),(2534,2250,2244),(2253,2250,2534),(2588,2536,2535),(2412,
2588,2425),(2082,2088,2591),(2591,2095,2082),(2092,2090,2594),(2090,2086,
2597),(2597,2594,2090),(2088,2092,2600),(2594,2600,2092),(2525,2597,2086),
(2600,2591,2088),(2603,1993,2012),(2566,1993,2603),(2012,2010,2605),(2009,
2015,2608),(2608,2606,2009),(2012,2611,2603),(2605,2611,2012),(2094,2099,
2614),(2101,2094,2615),(2614,2615,2094),(2099,2097,2617),(2096,2593,2620),
(2620,2618,2096),(2617,2614,2099),(2595,2599,2623),(2601,2596,2626),(2623,
2627,2595),(2598,2527,2629),(2629,2624,2598),(2592,2602,2632),(2626,2633,
2601),(2457,2459,2635),(2466,2457,2637),(2635,2637,2457),(2444,2575,2460),
(2576,2445,2639),(2454,2639,2445),(2642,2462,2461),(2580,2460,2575),(2461,
2581,2642),(2459,2464,2645),(2463,2644,2648),(2648,2646,2463),(2645,2635,
2459),(2651,2570,2569),(2569,2576,2651),(2561,2571,2654),(2563,2561,2656),
(2654,2656,2561),(2571,2653,2658),(2658,2654,2571),(2578,2574,2661),(2573,
2584,2664),(2664,2662,2573),(2639,2651,2576),(2577,2642,2581),(2643,2579,
2667),(2661,2668,2578),(2632,2621,2592),(2526,2370,2670),(2670,2630,2526),
(1986,2467,2672),(1983,1987,2675),(2672,2676,1986),(2637,2673,2466),(2017,
1984,2678),(2675,2679,1983),(2453,2452,2681),(2451,2513,2684),(2684,2682,
2451),(2640,2455,2687),(2681,2688,2453),(2583,2567,2690),(2690,2665,2583),
(2078,2077,2693),(2372,2080,2696),(2693,2697,2078),(2076,2105,2699),(2699,
2694,2076),(2104,2102,2702),(2615,2703,2101),(2370,2368,2705),(2705,2670,
2370),(2014,2018,2707),(2707,2609,2014),(2678,2708,2017),(2586,2564,2710),
(2656,2711,2563),(2652,2641,2713),(2713,2659,2652),(2687,2714,2640),(2427,
2433,2716),(2432,2587,2719),(2719,2717,2432),(2435,2428,2722),(2716,2723,
2427),(2725,2413,2415),(2589,2413,2725),(2415,2411,2727),(2410,2408,2730),
(2730,2728,2410),(2415,2733,2725),(2727,2733,2415),(2735,2366,2540),(2363,
2366,2735),(2540,2543,2737),(2540,2740,2735),(2737,2740,2540),(2355,2364,
2742),(2735,2743,2363),(2375,2373,2745),(2696,2746,2372),(2702,2700,2104),
(2512,2510,2748),(2748,2685,2512),(2509,2441,2751),(2751,2749,2509),(2441,
2423,2753),(2753,2751,2441),(2603,2691,2566),(2537,2590,2755),(2725,2756,
2589),(2404,2359,2758),(2407,2405,2761),(2758,2762,2404),(2358,2356,2764),
(2764,2759,2358),(2761,2731,2407),(2742,2765,2355),(2542,2546,2767),(2767,
2738,2542),(2368,2376,2770),(2770,2705,2368),(2423,2421,2773),(2773,2753,
2423),(2529,2538,2776),(2755,2777,2537),(2545,2533,2779),(2779,2768,2545),
(2531,2530,2782),(2782,2780,2531),(2420,2436,2785),(2785,2774,2420),(2710,
2720,2586),(2667,2649,2643),(2776,2783,2529),(2745,2771,2375),(2722,2786,
2435),(2752,2655,2660),(2754,2657,2655),(2655,2752,2754),(2752,2660,2715),
(2657,2754,2775),(2775,2787,2657),(2712,2657,2787),(2715,2689,2752),(2752,
2689,2683),(2752,2683,2686),(2686,2750,2752),(2787,2724,2718),(2718,2721,
2787),(2721,2712,2787),(2736,2741,2726),(2726,2734,2736),(2744,2736,2729),
(2736,2734,2729),(2726,2741,2739),(2757,2739,2769),(2757,2726,2739),(2769,
2781,2757),(2757,2781,2784),(2784,2778,2757),(2744,2729,2732),(2744,2732,
2763),(2763,2760,2766),(2766,2744,2763),(2671,2613,2619),(2616,2613,2671),
(2631,2619,2622),(2631,2671,2619),(2671,2706,2616),(2704,2616,2706),(2625,
2622,2634),(2625,2631,2622),(2634,2628,2625),(2704,2706,2772),(2704,2772,
2747),(2747,2698,2704),(2704,2698,2695),(2695,2701,2704),(2604,2612,2638),
(2638,2636,2604),(2692,2604,2636),(2638,2612,2607),(2677,2607,2610),(2607,
2677,2674),(2674,2638,2607),(2610,2709,2677),(2709,2680,2677),(2692,2636,
2647),(2692,2647,2650),(2666,2650,2669),(2666,2692,2650),(2669,2663,2666)),
());
#82=COORDINATES_LIST('',1579,((-0.288443359375,0.0694330062866211,0.00171200001239776),
(-0.288443359375,0.0694330062866211,0.0119530000686645),(-0.288443359375,
0.0711520690917969,0.00171200001239776),(-0.288443359375,0.144792541503906,
0.00171200001239776),(-0.288443359375,0.220152084350586,0.00171200001239776),
(-0.288443359375,0.220152084350586,0.0119530000686645),(-0.288402404785156,
0.0694330062866211,0.0124185647964478),(-0.288402404785156,0.220152084350586,
0.0124185647964478),(-0.288315063476562,0.0694330062866211,0.012770676612854),
(-0.288315063476562,0.220152084350586,0.012770676612854),(-0.288303070068359,
0.221332427978515,0.00171200001239776),(-0.288303070068359,0.221332427978515,
0.0119530000686645),(-0.288263885498047,0.0681008377075195,0.0119530000686645),
(-0.288139556884766,0.0681360855102539,0.0127731351852417),(-0.288139556884766,
0.221449005126953,0.0127731351852417),(-0.287970977783203,0.0673064117431641,
0.00171200001239776),(-0.287970977783203,0.0673064117431641,0.0119530000686645),
(-0.287889190673828,0.0694330062866211,0.0135848178863525),(-0.287889190673828,
0.220152084350586,0.0135848178863525),(-0.287663848876953,0.068271125793457,
0.0136713247299194),(-0.287663848876953,0.22131396484375,0.0136713247299194),
(-0.287512908935547,0.223007858276367,0.0123484773635864),(-0.287429565429688,
0.0666379165649414,0.0127822151184082),(-0.287429565429688,0.222947174072265,
0.0127822151184082),(-0.287417297363282,0.223187240600586,0.00171200001239776),
(-0.287417297363282,0.223187240600586,0.0119530000686645),(-0.287270202636719,
0.222831008911133,0.0132366466522217),(-0.287022430419922,0.0669348907470703,
0.013683572769165),(-0.287022430419922,0.222650192260742,0.013683572769165),
(-0.286878051757813,0.0658071365356445,0.0119530000686645),(-0.286850280761719,
0.0694330062866211,0.0144187107086182),(-0.286850280761719,0.220152084350586,
0.0144187107086182),(-0.286787475585938,0.0659078216552734,0.012789174079895),
(-0.286761077880859,0.0685281143188477,0.0144032115936279),(-0.286761077880859,
0.221056976318359,0.0144032115936279),(-0.286499603271484,0.0654914855957031,
0.00171200001239776),(-0.286499603271484,0.0654914855957031,0.0119530000686645),
(-0.28644595336914,0.0662881546020508,0.0136928339004517),(-0.286260345458985,
0.0674924697875977,0.0144086580276489),(-0.286260345458985,0.222092620849609,
0.0144086580276489),(-0.285984649658203,0.224393493652344,0.012355884552002),
(-0.285932891845703,0.0652856674194336,0.0127964859008789),(-0.285932891845703,
0.224299423217773,0.0127964859008789),(-0.285834594726562,0.224120529174805,
0.0132552967071533),(-0.285790313720703,0.224532104492188,0.00171200001239776),
(-0.285790313720703,0.224532104492188,0.0119530000686645),(-0.285683258056641,
0.0657403259277344,0.013702446937561),(-0.285683258056641,0.223844757080078,
0.013702446937561),(-0.285633544921875,0.0694330062866211,0.0146879997253418),
(-0.285633544921875,0.220152084350586,0.0146879997253418),(-0.285575805664063,
0.0689409332275391,0.0146879997253418),(-0.285436248779297,0.221044357299804,
0.0146879997253418),(-0.28522607421875,0.0665759811401367,0.014416844367981),
(-0.28522607421875,0.223009109497071,0.014416844367981),(-0.285186279296875,
0.0681372833251953,0.0146879997253418),(-0.284929046630859,0.064724983215332,
0.0119530000686645),(-0.284921051025391,0.224829650878906,0.0123588819503784),
(-0.28489340209961,0.064860969543457,0.0128022384643555),(-0.28489340209961,
0.22472412109375,0.0128022384643555),(-0.284830352783203,0.221793060302734,
0.0146879997253418),(-0.284760620117188,0.0653684768676758,0.013709924697876),
(-0.284536529541015,0.0676123504638672,0.0146879997253418),(-0.284510314941406,
0.0646329498291016,0.00171200001239776),(-0.284510314941406,0.0646329498291016,
0.0119530000686645),(-0.284043426513672,0.22213232421875,0.0146879997253418),
(-0.283744049072266,0.0645678939819336,0.00171200001239776),(-0.283744049072266,
0.0645678939819336,0.0119530000686645),(-0.283744049072266,0.0646204833984375,
0.0124763431549072),(-0.283744049072266,0.064709358215332,0.0128044452667236),
(-0.283744049072266,0.0651667022705078,0.0136303453445435),(-0.283744049072266,
0.0652361907958984,0.0137127752304077),(-0.283744049072266,0.066178596496582,
0.0144145841598511),(-0.283744049072266,0.0674274291992188,0.0146879997253418),
(-0.283744049072266,0.222157669067383,0.0146879997253418),(-0.283744049072266,
0.223406494140625,0.0144145841598511),(-0.283744049072266,0.224418380737304,
0.0136303453445435),(-0.283744049072266,0.224667755126953,0.0132656135559082),
(-0.283744049072266,0.224875732421875,0.0128044452667236),(-0.283744049072266,
0.224964599609375,0.0124763431549072),(-0.283744049072266,0.225017196655274,
0.00171200001239776),(-0.283744049072266,0.225017196655274,0.0119530000686645),
(-0.283248229980469,0.0786013565063477,0.0146879997253418),(-0.283248229980469,
0.185390747070313,0.0146879997253418),(-0.283248229980469,0.193220062255859,
0.0146879997253418),(-0.283248229980469,0.21270280456543,0.0146879997253418),
(-0.28307373046875,0.0773046875,0.0146879997253418),(-0.28307373046875,
0.186687408447266,0.0146879997253418),(-0.28307373046875,0.191923385620117,
0.0146879997253418),(-0.28307373046875,0.213999465942383,0.0146879997253418),
(-0.28237564086914,0.0758227844238281,0.0146879997253418),(-0.28237564086914,
0.188169311523437,0.0146879997253418),(-0.28237564086914,0.190441482543945,
0.0146879997253418),(-0.28237564086914,0.215481369018554,0.0146879997253418),
(-0.281544738769532,0.0768822860717773,0.00171200001239776),(-0.281544738769532,
0.0768822860717773,0.00553399991989136),(-0.281544738769532,0.144792541503906,
0.00171200001239776),(-0.281544738769532,0.213275817871094,0.00171200001239776),
(-0.281544738769532,0.213275817871094,0.00553399991989136),(-0.281384185791015,
0.0761590728759766,0.00171200001239776),(-0.281384185791015,0.0761590728759766,
0.00553399991989136),(-0.281384185791015,0.213999038696289,0.00171200001239776),
(-0.281384185791015,0.213999038696289,0.00553399991989136),(-0.281216217041016,
0.189305404663086,0.0146879997253418),(-0.281004852294922,0.193220062255859,
0.00553399991989136),(-0.281004852294922,0.193220062255859,0.012651819229126),
(-0.281004852294922,0.21270280456543,0.00553399991989136),(-0.281004852294922,
0.21270280456543,0.012651819229126),(-0.280940002441407,0.192675079345703,
0.00553399991989136),(-0.280938446044922,0.0745152206420899,0.0146879997253418),
(-0.280938446044922,0.216788940429688,0.0146879997253418),(-0.280887359619141,
0.075545783996582,0.00171200001239776),(-0.280887359619141,0.075545783996582,
0.00553399991989136),(-0.280887359619141,0.214612335205078,0.00171200001239776),
(-0.280887359619141,0.214612335205078,0.00553399991989136),(-0.280802093505859,
0.192272689819336,0.0126471490859985),(-0.280801483154297,0.213651565551758,
0.0126471357345581),(-0.280787719726562,0.213681442260742,0.00553399991989136),
(-0.280524780273437,0.191813354492188,0.00553399991989136),(-0.280389678955078,
0.191656585693359,0.0126389808654785),(-0.280389678955078,0.21426626586914,
0.0126389808654785),(-0.280220947265625,0.0752579803466797,0.00171200001239776),
(-0.280220947265625,0.0752579803466797,0.00553399991989136),(-0.280220947265625,
0.214900131225586,0.00171200001239776),(-0.280220947265625,0.214900131225586,
0.00553399991989136),(-0.280118927001953,0.214507476806641,0.00553399991989136),
(-0.280118927001953,0.214507476806641,0.0126346282958984),(-0.280004852294922,
0.0786013565063477,0.00553399991989136),(-0.280004852294922,0.0786013565063477,
0.0117441806793213),(-0.280004852294922,0.185390747070313,0.00553399991989136),
(-0.280004852294922,0.185390747070313,0.0117441806793213),(-0.279968017578125,
0.0782914505004883,0.00553399991989136),(-0.279964996337891,0.0752362442016602,
0.00171200001239776),(-0.279964996337891,0.0752362442016602,0.00553399991989136),
(-0.279964996337891,0.214921875,0.00171200001239776),(-0.279964996337891,
0.214921875,0.00553399991989136),(-0.279959228515625,0.0741128997802734,
0.0146879997253418),(-0.279959228515625,0.217191268920898,0.0146879997253418),
(-0.279916046142578,0.185866180419922,0.0117480821609497),(-0.279891998291015,
0.0780683975219727,0.0117490882873535),(-0.279882385253907,0.18594465637207,
0.00553399991989136),(-0.279882385253907,0.18594467163086,0.0117494840621948),
(-0.279815856933594,0.214696670532226,0.0126307420730591),(-0.279803161621094,
0.191219741821289,0.0126306018829346),(-0.27978060913086,0.191208572387695,
0.00553399991989136),(-0.2797373046875,0.0778110046386719,0.00553399991989136),
(-0.2797373046875,0.0778110046386719,0.0117550373077393),(-0.279661804199219,
0.0777236251831055,0.011757607460022),(-0.279661804199219,0.186268463134765,
0.011757607460022),(-0.279519378662109,0.186395065307617,0.00553399991989136),
(-0.279519378662109,0.186395065307617,0.0117618370056152),(-0.279389282226563,
0.077513053894043,0.0117649831771851),(-0.279365509033203,0.186491729736328,
0.0117654829025269),(-0.27934228515625,0.0774886856079102,0.00553399991989136),
(-0.279227081298828,0.214892837524414,0.00553399991989136),(-0.279167541503907,
0.186570343017578,0.0117687215805054),(-0.279064270019531,0.0773980026245117,
0.0117697496414185),(-0.279058563232422,0.186595077514649,0.00553399991989136),
(-0.278885284423828,0.0739703979492188,0.0146879997253418),(-0.278885284423828,
0.0773822860717773,0.00553399991989136),(-0.278885284423828,0.0773822860717773,
0.0117704420089722),(-0.278885284423828,0.186609802246094,0.00553399991989136),
(-0.278885284423828,0.186609802246094,0.0117704420089722),(-0.278885284423828,
0.189305404663086,0.0140754852294922),(-0.278885284423828,0.191000991821289,
0.00553399991989136),(-0.278885284423828,0.191000991821289,0.0126255578994751),
(-0.278885284423828,0.214921875,0.00553399991989136),(-0.278885284423828,
0.214921875,0.0126255578994751),(-0.278885284423828,0.217333755493164,0.0146879997253418),
(-0.26052767944336,0.189305404663086,0.0140754852294922),(-0.26052767944336,
0.191000991821289,0.00553399991989136),(-0.26052767944336,0.191000991821289,
0.0126255578994751),(-0.26052767944336,0.214921875,0.00553399991989136),
(-0.26052767944336,0.214921875,0.0126255578994751),(-0.26052767944336,0.217333755493164,
0.0146879997253418),(-0.26018588256836,0.191030014038086,0.00553399991989136),
(-0.26018588256836,0.214892837524414,0.00553399991989136),(-0.259657989501953,
0.189359817504883,0.0141220216751099),(-0.259609802246094,0.214703125,0.0126306018829346),
(-0.259597106933594,0.191226181030274,0.0126307420730591),(-0.259453735351563,
0.217191268920898,0.0146879997253418),(-0.259294036865235,0.191415390014648,
0.00553399991989136),(-0.259294036865235,0.191415390014648,0.0126346282958984),
(-0.259294036865235,0.214507476806641,0.00553399991989136),(-0.259294036865235,
0.214507476806641,0.0126346282958984),(-0.259023315429687,0.191656585693359,
0.0126389808654785),(-0.259023315429687,0.21426626586914,0.0126389808654785),
(-0.258625244140625,0.192241409301758,0.00553399991989136),(-0.258625244140625,
0.213681442260742,0.00553399991989136),(-0.258611480712891,0.192271301269531,
0.0126471357345581),(-0.258610870361328,0.213650177001953,0.0126471490859985),
(-0.258474517822265,0.216788940429688,0.0146879997253418),(-0.258408111572266,
0.193220062255859,0.00553399991989136),(-0.258408111572266,0.193220062255859,
0.012651819229126),(-0.258408111572266,0.21270280456543,0.00553399991989136),
(-0.258408111572266,0.21270280456543,0.012651819229126),(-0.258017059326172,
0.189758911132813,0.0144632959365845),(-0.257372436523437,0.190021697998047,
0.0146879997253418),(-0.257037322998047,0.215481369018554,0.0146879997253418),
(-0.256850494384765,0.190727706909179,0.0146879997253418),(-0.256850494384765,
0.193220062255859,0.0140655670166016),(-0.256850494384765,0.21270280456543,
0.0140655670166016),(-0.256850494384765,0.215195144653321,0.0146879997253418),
(-0.256663665771484,0.215481369018554,0.0146879997253418),(-0.256328552246094,
0.190021697998047,0.0146879997253418),(-0.255683944702149,0.189758911132813,
0.0144632959365845),(-0.255292877197265,0.193220062255859,0.00553399991989136),
(-0.255292877197265,0.193220062255859,0.012651819229126),(-0.255292877197265,
0.21270280456543,0.00553399991989136),(-0.255292877197265,0.21270280456543,
0.012651819229126),(-0.255228012084961,0.192675079345703,0.00553399991989136),
(-0.255226440429688,0.216788940429688,0.0146879997253418),(-0.255090118408203,
0.192272689819336,0.0126471490859985),(-0.255089492797851,0.213651565551758,
0.0126471357345581),(-0.255075744628906,0.213681442260742,0.00553399991989136),
(-0.254812805175781,0.191813354492188,0.00553399991989136),(-0.254677688598633,
0.191656585693359,0.0126389808654785),(-0.254677688598633,0.21426626586914,
0.0126389808654785),(-0.254406936645508,0.214507476806641,0.00553399991989136),
(-0.254406936645508,0.214507476806641,0.0126346282958984),(-0.254247253417969,
0.217191268920898,0.0146879997253418),(-0.254103897094727,0.214696670532226,
0.0126307420730591),(-0.254091171264649,0.191219741821289,0.0126306018829346),
(-0.254068634033203,0.191208572387695,0.00553399991989136),(-0.254042999267578,
0.189359817504883,0.0141220216751099),(-0.253671508789062,0.214921875,0.00171200001239776),
(-0.253671508789062,0.214921875,0.00504400014877319),(-0.253515106201172,
0.214892837524414,0.00553399991989136),(-0.253173294067383,0.189305404663086,
0.0140754852294922),(-0.253173294067383,0.191000991821289,0.00553399991989136),
(-0.253173294067383,0.191000991821289,0.0126255578994751),(-0.253173294067383,
0.214921875,0.00553399991989136),(-0.253173294067383,0.214921875,0.0126255578994751),
(-0.253173294067383,0.217333755493164,0.0146879997253418),(-0.24953433227539,
0.21931315612793,0.00171200001239776),(-0.24953433227539,0.21931315612793,
0.00504400014877319),(-0.249092636108399,0.21964421081543,0.00171200001239776),
(-0.249092636108399,0.21964421081543,0.00504400014877319),(-0.248408203125,
0.219808273315429,0.00171200001239776),(-0.248408203125,0.219808273315429,
0.00504400014877319),(-0.246010147094727,0.219808273315429,0.00171200001239776),
(-0.246010147094727,0.219808273315429,0.00504400014877319),(-0.245345153808594,
0.217341934204102,0.00504400014877319),(-0.245345153808594,0.217341934204102,
0.00994400024414063),(-0.245288055419922,0.216644683837891,0.00504400014877319),
(-0.245288055419922,0.216644683837891,0.00994400024414063),(-0.245102340698242,
0.217965240478516,0.00504400014877319),(-0.245102340698242,0.217965240478516,
0.00994400024414063),(-0.24495539855957,0.216083297729492,0.00504400014877319),
(-0.24495539855957,0.216083297729492,0.00994400024414063),(-0.244761215209961,
0.2204560546875,0.00171200001239776),(-0.244761215209961,0.2204560546875,
0.00504400014877319),(-0.244679336547851,0.21711506652832,0.0103162965774536),
(-0.244619247436524,0.218404815673828,0.00504400014877319),(-0.244619247436524,
0.218404815673828,0.00994400024414063),(-0.244542800903321,0.216680313110352,
0.0103162965774536),(-0.244542800903321,0.217549819946289,0.0103162965774536),
(-0.244460083007812,0.215751922607422,0.00504400014877319),(-0.244460083007812,
0.215751922607422,0.00994400024414063),(-0.244071884155273,0.218562042236328,
0.00504400014877319),(-0.244071884155273,0.218562042236328,0.00994400024414063),
(-0.243996673583984,0.215665893554687,0.00504400014877319),(-0.243996673583984,
0.215665893554687,0.00994400024414063),(-0.243996673583984,0.21639047241211,
0.0103162965774536),(-0.243996673583984,0.21711506652832,0.0106885929107666),
(-0.243996673583984,0.217839660644532,0.0103162965774536),(-0.243972045898437,
0.218564010620117,0.00504400014877319),(-0.243972045898437,0.218564010620117,
0.00994400024414063),(-0.243450546264648,0.216680313110352,0.0103162965774536),
(-0.243450546264648,0.217549819946289,0.0103162965774536),(-0.24344645690918,
0.215788787841797,0.00504400014877319),(-0.24344645690918,0.215788787841797,
0.00994400024414063),(-0.243404067993164,0.218420623779297,0.00504400014877319),
(-0.243404067993164,0.218420623779297,0.00994400024414063),(-0.243363525390625,
0.220486877441406,0.00171200001239776),(-0.243363525390625,0.220486877441406,
0.00504400014877319),(-0.243314025878906,0.21711506652832,0.0103162965774536),
(-0.242938705444336,0.21803108215332,0.00504400014877319),(-0.242938705444336,
0.21803108215332,0.00994400024414063),(-0.242936248779297,0.216202270507812,
0.00504400014877319),(-0.242936248779297,0.216202270507812,0.00994400024414063),
(-0.242662399291992,0.216807861328125,0.00504400014877319),(-0.242662399291992,
0.216807861328125,0.00994400024414063),(-0.242662399291992,0.217422286987304,
0.00504400014877319),(-0.242662399291992,0.217422286987304,0.00994400024414063),
(-0.242631362915039,0.21711506652832,0.00504400014877319),(-0.242631362915039,
0.21711506652832,0.00994400024414063),(-0.241983200073242,0.219808273315429,
0.00171200001239776),(-0.241983200073242,0.219808273315429,0.00504400014877319),
(-0.239585159301758,0.219808273315429,0.00171200001239776),(-0.239585159301758,
0.219808273315429,0.00504400014877319),(-0.239040405273438,0.219706314086914,
0.00171200001239776),(-0.239040405273438,0.219706314086914,0.00504400014877319),
(-0.238459014892578,0.21931315612793,0.00171200001239776),(-0.238459014892578,
0.21931315612793,0.00504400014877319),(-0.237554794311524,0.0752362442016602,
0.00171200001239776),(-0.237554794311524,0.0752362442016602,0.00504400014877319),
(-0.237371139526367,0.0752044372558594,0.00171200001239776),(-0.237371139526367,
0.0752044372558594,0.00504400014877319),(-0.237136138916016,0.07504931640625,
0.00171200001239776),(-0.237136138916016,0.07504931640625,0.00504400014877319),
(-0.234471633911133,0.0722211456298828,0.00171200001239776),(-0.234471633911133,
0.0722211456298828,0.00504400014877319),(-0.234321838378906,0.214921875,
0.00171200001239776),(-0.234321838378906,0.214921875,0.00504400014877319),
(-0.233653564453125,0.0716848449707031,0.00171200001239776),(-0.233653564453125,
0.0716848449707031,0.00504400014877319),(-0.232981582641601,0.0715689010620117,
0.00171200001239776),(-0.232981582641601,0.0715689010620117,0.00504400014877319),
(-0.231080444335937,0.0752362442016602,0.00504400014877319),(-0.231080444335937,
0.0752362442016602,0.00553399991989136),(-0.230948791503906,0.0715689010620117,
0.00171200001239776),(-0.230948791503906,0.0715689010620117,0.00504400014877319),
(-0.230696136474609,0.0758483581542969,0.00504400014877319),(-0.230696136474609,
0.0758483581542969,0.00553399991989136),(-0.23047836303711,0.0711244506835938,
0.00171200001239776),(-0.23047836303711,0.0711244506835938,0.00504400014877319),
(-0.229918533325196,0.0741294403076172,0.00504400014877319),(-0.229918533325196,
0.0741294403076172,0.00994400024414063),(-0.229861434936524,0.0734321899414063,
0.00504400014877319),(-0.229861434936524,0.0734321899414063,0.00994400024414063),
(-0.229794601440429,0.0765838623046875,0.00504400014877319),(-0.229794601440429,
0.0765838623046875,0.00553399991989136),(-0.229675735473633,0.0747527542114258,
0.00504400014877319),(-0.229675735473633,0.0747527542114258,0.00994400024414063),
(-0.229528778076172,0.0728707962036133,0.00504400014877319),(-0.229528778076172,
0.0728707962036133,0.00994400024414063),(-0.229252716064453,0.0739025726318359,
0.0103162965774536),(-0.229225250244141,0.0705355072021484,0.00171200001239776),
(-0.229225250244141,0.0705355072021484,0.00504400014877319),(-0.229192626953125,
0.0751923141479492,0.00504400014877319),(-0.229192626953125,0.0751923141479492,
0.00994400024414063),(-0.229033462524414,0.0725394287109375,0.00504400014877319),
(-0.229033462524414,0.0725394287109375,0.00994400024414063),(-0.228979644775391,
0.0733229064941406,0.0103162965774536),(-0.228979644775391,0.0744822463989258,
0.0103162965774536),(-0.228645263671875,0.0753495483398438,0.00504400014877319),
(-0.228645263671875,0.0753495483398438,0.00994400024414063),(-0.228570053100586,
0.0724533996582031,0.00504400014877319),(-0.228570053100586,0.0724533996582031,
0.00994400024414063),(-0.228570053100586,0.0731779861450195,0.0103162965774536),
(-0.228570053100586,0.0739025726318359,0.0106885929107666),(-0.228570053100586,
0.0746271591186524,0.0103162965774536),(-0.228570053100586,0.0768822860717773,
0.00504400014877319),(-0.228570053100586,0.0768822860717773,0.00553399991989136),
(-0.228545425415039,0.0753515090942383,0.00504400014877319),(-0.228545425415039,
0.0753515090942383,0.00994400024414063),(-0.228160461425782,0.0733229064941406,
0.0103162965774536),(-0.228160461425782,0.0744822463989258,0.0103162965774536),
(-0.228019836425781,0.0725762939453125,0.00504400014877319),(-0.228019836425781,
0.0725762939453125,0.00994400024414063),(-0.227977447509766,0.075208122253418,
0.00504400014877319),(-0.227977447509766,0.075208122253418,0.00994400024414063),
(-0.227887390136719,0.0739025726318359,0.0103162965774536),(-0.22782878112793,
0.0705556793212891,0.00171200001239776),(-0.22782878112793,0.0705556793212891,
0.00504400014877319),(-0.227512084960937,0.0748185806274414,0.00504400014877319),
(-0.227512084960937,0.0748185806274414,0.00994400024414063),(-0.227509628295898,
0.0729897689819336,0.00504400014877319),(-0.227509628295898,0.0729897689819336,
0.00994400024414063),(-0.227305297851562,0.0765627517700195,0.00504400014877319),
(-0.227305297851562,0.0765627517700195,0.00553399991989136),(-0.227235778808594,
0.0735953674316406,0.00504400014877319),(-0.227235778808594,0.0735953674316406,
0.00994400024414063),(-0.227235778808594,0.0742097854614258,0.00504400014877319),
(-0.227235778808594,0.0742097854614258,0.00994400024414063),(-0.22720474243164,
0.0739025726318359,0.00504400014877319),(-0.22720474243164,0.0739025726318359,
0.00994400024414063),(-0.226572891235351,0.0711957168579102,0.00171200001239776),
(-0.226572891235351,0.0711957168579102,0.00504400014877319),(-0.22635726928711,
0.0757362442016602,0.00504400014877319),(-0.22635726928711,0.0757362442016602,
0.00553399991989136),(-0.225830017089844,0.0720689010620117,0.00171200001239776),
(-0.225830017089844,0.0720689010620117,0.00504400014877319),(-0.22415852355957,
0.0720689010620117,0.00171200001239776),(-0.22415852355957,0.0720689010620117,
0.00504400014877319),(-0.223474090576172,0.0722329711914063,0.00171200001239776),
(-0.223474090576172,0.0722329711914063,0.00504400014877319),(-0.223032394409179,
0.0725640182495117,0.00171200001239776),(-0.223032394409179,0.0725640182495117,
0.00504400014877319),(-0.220367889404297,0.0753921813964844,0.00171200001239776),
(-0.220367889404297,0.0753921813964844,0.00504400014877319),(-0.220060943603515,
0.0756222305297852,0.00171200001239776),(-0.220060943603515,0.0756222305297852,
0.00504400014877319),(-0.219585311889648,0.0757362442016602,0.00171200001239776),
(-0.219585311889648,0.0757362442016602,0.00504400014877319),(-0.196238647460937,
0.218523086547851,0.00171200001239776),(-0.196238647460937,0.218523086547851,
0.00759200000762939),(-0.196224426269531,0.0713789367675781,0.00171200001239776),
(-0.196224426269531,0.0713789367675781,0.00759200000762939),(-0.196214492797851,
0.218147445678711,0.00171200001239776),(-0.196214492797851,0.218147445678711,
0.00759200000762939),(-0.196167343139649,0.0706816787719727,0.00171200001239776),
(-0.196167343139649,0.0706816787719727,0.00759200000762939),(-0.196053390502929,
0.219166641235351,0.00171200001239776),(-0.196053390502929,0.219166641235351,
0.00759200000762939),(-0.19598161315918,0.0720022506713867,0.00171200001239776),
(-0.19598161315918,0.0720022506713867,0.00759200000762939),(-0.195968200683594,
0.217563522338867,0.00171200001239776),(-0.195968200683594,0.217563522338867,
0.00759200000762939),(-0.195834671020508,0.0701202926635742,0.00171200001239776),
(-0.195834671020508,0.0701202926635742,0.00759200000762939),(-0.195633865356445,
0.219638397216797,0.00171200001239776),(-0.195633865356445,0.219638397216797,
0.00759200000762939),(-0.195558609008789,0.0711520690917969,0.00796429586410523),
(-0.195558609008789,0.218433013916016,0.00796429586410523),(-0.195512466430664,
0.217150970458984,0.00171200001239776),(-0.195512466430664,0.217150970458984,
0.00759200000762939),(-0.195498504638672,0.0724418106079102,0.00171200001239776),
(-0.195498504638672,0.0724418106079102,0.00759200000762939),(-0.195422073364258,
0.0707173156738281,0.00796429586410523),(-0.195422073364258,0.0715868225097656,
0.00796429586410523),(-0.195422073364258,0.217998275756836,0.00796429586410523),
(-0.195422073364258,0.218867767333984,0.00796429586410523),(-0.195339370727539,
0.0697889251708984,0.00171200001239776),(-0.195339370727539,0.0697889251708984,
0.00759200000762939),(-0.195090286254883,0.219864227294922,0.00171200001239776),
(-0.195090286254883,0.219864227294922,0.00759200000762939),(-0.194954330444336,
0.216986236572266,0.00171200001239776),(-0.194954330444336,0.216986236572266,
0.00759200000762939),(-0.194951156616211,0.0725990371704102,0.00171200001239776),
(-0.194951156616211,0.0725990371704102,0.00759200000762939),(-0.194875946044922,
0.0697028961181641,0.00171200001239776),(-0.194875946044922,0.0697028961181641,
0.00759200000762939),(-0.194875946044922,0.0704274826049805,0.00796429586410523),
(-0.194875946044922,0.0711520690917969,0.00833659172058106),(-0.194875946044922,
0.0718766555786133,0.00796429586410523),(-0.194875946044922,0.217708435058594,
0.00796429586410523),(-0.194875946044922,0.218433013916016,0.00833659172058106),
(-0.194875946044922,0.219157623291015,0.00796429586410523),(-0.194875946044922,
0.219882186889649,0.00759200000762939),(-0.194851318359375,0.0726010055541992,
0.00171200001239776),(-0.194851318359375,0.0726010055541992,0.00759200000762939),
(-0.194642364501953,0.217005218505859,0.00171200001239776),(-0.194642364501953,
0.217005218505859,0.00759200000762939),(-0.194498748779297,0.219825790405274,
0.00171200001239776),(-0.194498748779297,0.219825790405274,0.00759200000762939),
(-0.194329833984375,0.0707173156738281,0.00796429586410523),(-0.194329833984375,
0.0715868225097656,0.00796429586410523),(-0.194329833984375,0.217998275756836,
0.00796429586410523),(-0.194329833984375,0.218867767333984,0.00796429586410523),
(-0.194325729370117,0.0698257827758789,0.00171200001239776),(-0.194325729370117,
0.0698257827758789,0.00759200000762939),(-0.19428335571289,0.0724576187133789,
0.00171200001239776),(-0.19428335571289,0.0724576187133789,0.00759200000762939),
(-0.194193298339844,0.0711520690917969,0.00796429586410523),(-0.194193298339844,
0.218433013916016,0.00796429586410523),(-0.194117141723633,0.217228286743164,
0.00171200001239776),(-0.194117141723633,0.217228286743164,0.00759200000762939),
(-0.193980285644531,0.219526779174805,0.00171200001239776),(-0.193980285644531,
0.219526779174805,0.00759200000762939),(-0.193817977905273,0.0720680770874023,
0.00171200001239776),(-0.193817977905273,0.0720680770874023,0.00759200000762939),
(-0.193815521240235,0.0702392654418945,0.00171200001239776),(-0.193815521240235,
0.0702392654418945,0.00759200000762939),(-0.193698043823242,0.217700256347656,
0.00171200001239776),(-0.193698043823242,0.217700256347656,0.00759200000762939),
(-0.193647735595703,0.219065902709961,0.00171200001239776),(-0.193647735595703,
0.219065902709961,0.00759200000762939),(-0.193541656494141,0.070844856262207,
0.00171200001239776),(-0.193541656494141,0.070844856262207,0.00759200000762939),
(-0.193541656494141,0.0714592742919922,0.00171200001239776),(-0.193541656494141,
0.0714592742919922,0.00759200000762939),(-0.193513229370117,0.218343948364258,
0.00171200001239776),(-0.193513229370117,0.218343948364258,0.00759200000762939),
(-0.193510635375977,0.0711520690917969,0.00171200001239776),(-0.193510635375977,
0.0711520690917969,0.00759200000762939),(-0.193510635375977,0.218433013916016,
0.00171200001239776),(-0.193510635375977,0.218433013916016,0.00759200000762939),
(-0.173111724853516,0.189305404663086,0.0140754852294922),(-0.173111724853516,
0.191000991821289,0.00553399991989136),(-0.173111724853516,0.191000991821289,
0.0126255578994751),(-0.173111724853516,0.214921875,0.00553399991989136),
(-0.173111724853516,0.214921875,0.0126255578994751),(-0.173111724853516,
0.217333755493164,0.0146879997253418),(-0.172769912719726,0.191030014038086,
0.00553399991989136),(-0.172769912719726,0.214892837524414,0.00553399991989136),
(-0.172234741210938,0.189360733032227,0.0141228036880493),(-0.172193832397461,
0.214703125,0.0126306018829346),(-0.172181121826172,0.191226181030274,0.0126307420730591),
(-0.172037750244141,0.217191268920898,0.0146879997253418),(-0.171878067016601,
0.191415390014648,0.00553399991989136),(-0.171878067016601,0.191415390014648,
0.0126346282958984),(-0.171878067016601,0.214507476806641,0.00553399991989136),
(-0.171878067016601,0.214507476806641,0.0126346282958984),(-0.171607330322265,
0.191656585693359,0.0126389808654785),(-0.171607330322265,0.21426626586914,
0.0126389808654785),(-0.171424346923828,0.191876846313476,0.0126423797607422),
(-0.171235519409179,0.189558670043945,0.0142920570373535),(-0.171209274291992,
0.192241409301758,0.00553399991989136),(-0.171209274291992,0.213681442260742,
0.00553399991989136),(-0.171195510864258,0.192271301269531,0.0126471357345581),
(-0.171194885253906,0.213650177001953,0.0126471490859985),(-0.171058547973633,
0.216788940429688,0.0146879997253418),(-0.170992126464844,0.193220062255859,
0.00553399991989136),(-0.170992126464844,0.193220062255859,0.012651819229126),
(-0.170992126464844,0.21270280456543,0.00553399991989136),(-0.170992126464844,
0.21270280456543,0.012651819229126),(-0.169956466674804,0.190021697998047,
0.0146879997253418),(-0.169621337890625,0.190441482543945,0.0146879997253418),
(-0.169621337890625,0.215481369018554,0.0146879997253418),(-0.169433380126953,
0.190729583740235,0.0146879997253418),(-0.169433380126953,0.193220062255859,
0.0140665950775146),(-0.169433380126953,0.21270280456543,0.0140665950775146),
(-0.169433380126953,0.215193283081055,0.0146879997253418),(-0.16891030883789,
0.190021697998047,0.0146879997253418),(-0.168372833251953,0.216407562255859,
0.0146879997253418),(-0.168265701293945,0.189758911132813,0.0144632959365845),
(-0.167874649047851,0.193220062255859,0.00553399991989136),(-0.167874649047851,
0.193220062255859,0.012651819229126),(-0.167874649047851,0.21270280456543,
0.00553399991989136),(-0.167874649047851,0.21270280456543,0.012651819229126),
(-0.167809768676758,0.192675079345703,0.00553399991989136),(-0.167671890258789,
0.192272689819336,0.0126471490859985),(-0.167671264648438,0.213651565551758,
0.0126471357345581),(-0.167657501220703,0.213681442260742,0.00553399991989136),
(-0.167394561767578,0.191813354492188,0.00553399991989136),(-0.167259445190429,
0.191656585693359,0.0126389808654785),(-0.167259445190429,0.21426626586914,
0.0126389808654785),(-0.166988708496094,0.214507476806641,0.00553399991989136),
(-0.166988708496094,0.214507476806641,0.0126346282958984),(-0.166976684570313,
0.217148513793945,0.0146879997253418),(-0.166685653686524,0.214696670532226,
0.0126307420730591),(-0.166672927856445,0.191219741821289,0.0126306018829346),
(-0.166650390625,0.191208572387695,0.00553399991989136),(-0.166624755859375,
0.189359817504883,0.0141220216751099),(-0.166096862792969,0.214892837524414,
0.00553399991989136),(-0.16575505065918,0.189305404663086,0.0140754852294922),
(-0.16575505065918,0.191000991821289,0.00553399991989136),(-0.16575505065918,
0.191000991821289,0.0126255578994751),(-0.16575505065918,0.214921875,0.00553399991989136),
(-0.16575505065918,0.214921875,0.0126255578994751),(-0.16575505065918,0.217333755493164,
0.0146879997253418),(-0.161112121582032,0.214921875,0.00171200001239776),
(-0.161112121582032,0.214921875,0.00504400014877319),(-0.15697494506836,
0.21931315612793,0.00171200001239776),(-0.15697494506836,0.21931315612793,
0.00504400014877319),(-0.156533248901367,0.21964421081543,0.00171200001239776),
(-0.156533248901367,0.21964421081543,0.00504400014877319),(-0.155848800659179,
0.219808273315429,0.00171200001239776),(-0.155848800659179,0.219808273315429,
0.00504400014877319),(-0.153450744628906,0.219808273315429,0.00171200001239776),
(-0.153450744628906,0.219808273315429,0.00504400014877319),(-0.152785751342774,
0.217341934204102,0.00504400014877319),(-0.152785751342774,0.217341934204102,
0.00994400024414063),(-0.15272866821289,0.216644683837891,0.00504400014877319),
(-0.15272866821289,0.216644683837891,0.00994400024414063),(-0.152542953491211,
0.217965240478516,0.00504400014877319),(-0.152542953491211,0.217965240478516,
0.00994400024414063),(-0.152396011352539,0.216083297729492,0.00504400014877319),
(-0.152396011352539,0.216083297729492,0.00994400024414063),(-0.15220182800293,
0.2204560546875,0.00171200001239776),(-0.15220182800293,0.2204560546875,
0.00504400014877319),(-0.152119934082032,0.21711506652832,0.0103162965774536),
(-0.152059844970703,0.218404815673828,0.00504400014877319),(-0.152059844970703,
0.218404815673828,0.00994400024414063),(-0.151983413696289,0.216680313110352,
0.0103162965774536),(-0.151983413696289,0.217549819946289,0.0103162965774536),
(-0.151900680541992,0.215751922607422,0.00504400014877319),(-0.151900680541992,
0.215751922607422,0.00994400024414063),(-0.151512481689453,0.218562042236328,
0.00504400014877319),(-0.151512481689453,0.218562042236328,0.00994400024414063),
(-0.151437286376953,0.215665893554687,0.00504400014877319),(-0.151437286376953,
0.215665893554687,0.00994400024414063),(-0.151437286376953,0.21639047241211,
0.0103162965774536),(-0.151437286376953,0.21711506652832,0.0106885929107666),
(-0.151437286376953,0.217839660644532,0.0103162965774536),(-0.151412643432617,
0.218564010620117,0.00504400014877319),(-0.151412643432617,0.218564010620117,
0.00994400024414063),(-0.150891159057617,0.216680313110352,0.0103162965774536),
(-0.150891159057617,0.217549819946289,0.0103162965774536),(-0.15088705444336,
0.215788787841797,0.00504400014877319),(-0.15088705444336,0.215788787841797,
0.00994400024414063),(-0.150844680786133,0.218420623779297,0.00504400014877319),
(-0.150844680786133,0.218420623779297,0.00994400024414063),(-0.150804138183594,
0.220486877441406,0.00171200001239776),(-0.150804138183594,0.220486877441406,
0.00504400014877319),(-0.150754623413086,0.21711506652832,0.0103162965774536),
(-0.150379302978516,0.21803108215332,0.00504400014877319),(-0.150379302978516,
0.21803108215332,0.00994400024414063),(-0.150376861572265,0.216202270507812,
0.00504400014877319),(-0.150376861572265,0.216202270507812,0.00994400024414063),
(-0.150102996826172,0.216807861328125,0.00504400014877319),(-0.150102996826172,
0.216807861328125,0.00994400024414063),(-0.150102996826172,0.217422286987304,
0.00504400014877319),(-0.150102996826172,0.217422286987304,0.00994400024414063),
(-0.150071960449219,0.21711506652832,0.00504400014877319),(-0.150071960449219,
0.21711506652832,0.00994400024414063),(-0.149423797607422,0.219808273315429,
0.00171200001239776),(-0.149423797607422,0.219808273315429,0.00504400014877319),
(-0.147025756835937,0.219808273315429,0.00171200001239776),(-0.147025756835937,
0.219808273315429,0.00504400014877319),(-0.146481018066406,0.219706314086914,
0.00171200001239776),(-0.146481018066406,0.219706314086914,0.00504400014877319),
(-0.145899627685547,0.21931315612793,0.00171200001239776),(-0.145899627685547,
0.21931315612793,0.00504400014877319),(-0.14358903503418,0.0645678939819336,
0.00171200001239776),(-0.14358903503418,0.0711520690917969,0.00171200001239776),
(-0.14358903503418,0.0757362442016602,0.00171200001239776),(-0.14358903503418,
0.216860656738282,0.00171200001239776),(-0.14358903503418,0.223174285888672,
0.00171200001239776),(-0.14358903503418,0.225017196655274,0.00171200001239776),
(-0.141762451171875,0.214921875,0.00171200001239776),(-0.141762451171875,
0.214921875,0.00504400014877319),(-0.0936647872924805,0.218523086547851,
0.00171200001239776),(-0.0936647872924805,0.218523086547851,0.00759200000762939),
(-0.0936505889892578,0.0713789367675781,0.00171200001239776),(-0.0936505889892578,
0.0713789367675781,0.00759200000762939),(-0.0936406555175781,0.218147445678711,
0.00171200001239776),(-0.0936406555175781,0.218147445678711,0.00759200000762939),
(-0.0935934982299805,0.0706816787719727,0.00171200001239776),(-0.0935934982299805,
0.0706816787719727,0.00759200000762939),(-0.0934795532226562,0.219166641235351,
0.00171200001239776),(-0.0934795532226562,0.219166641235351,0.00759200000762939),
(-0.0934077835083008,0.0720022506713867,0.00171200001239776),(-0.0934077835083008,
0.0720022506713867,0.00759200000762939),(-0.0933943634033203,0.217563522338867,
0.00171200001239776),(-0.0933943634033203,0.217563522338867,0.00759200000762939),
(-0.0932608337402344,0.0701202926635742,0.00171200001239776),(-0.0932608337402344,
0.0701202926635742,0.00759200000762939),(-0.0930600357055664,0.219638397216797,
0.00171200001239776),(-0.0930600357055664,0.219638397216797,0.00759200000762939),
(-0.0929847717285156,0.0711520690917969,0.00796429586410523),(-0.0929847717285156,
0.218433013916016,0.00796429586410523),(-0.0929386367797852,0.217150970458984,
0.00171200001239776),(-0.0929386367797852,0.217150970458984,0.00759200000762939),
(-0.0929246826171875,0.0724418106079102,0.00171200001239776),(-0.0929246826171875,
0.0724418106079102,0.00759200000762939),(-0.0928482437133789,0.0707173156738281,
0.00796429586410523),(-0.0928482437133789,0.0715868225097656,0.00796429586410523),
(-0.0928482437133789,0.217998275756836,0.00796429586410523),(-0.0928482437133789,
0.218867767333984,0.00796429586410523),(-0.0927655258178711,0.0697889251708984,
0.00171200001239776),(-0.0927655258178711,0.0697889251708984,0.00759200000762939),
(-0.0925164489746094,0.219864227294922,0.00171200001239776),(-0.0925164489746094,
0.219864227294922,0.00759200000762939),(-0.0923804931640625,0.216986236572266,
0.00171200001239776),(-0.0923804931640625,0.216986236572266,0.00759200000762939),
(-0.0923773193359375,0.0725990371704102,0.00171200001239776),(-0.0923773193359375,
0.0725990371704102,0.00759200000762939),(-0.092302116394043,0.0697028961181641,
0.00171200001239776),(-0.092302116394043,0.0697028961181641,0.00759200000762939),
(-0.092302116394043,0.0704274826049805,0.00796429586410523),(-0.092302116394043,
0.0711520690917969,0.00833659172058106),(-0.092302116394043,0.0718766555786133,
0.00796429586410523),(-0.092302116394043,0.217708435058594,0.00796429586410523),
(-0.092302116394043,0.218433013916016,0.00833659172058106),(-0.092302116394043,
0.219157623291015,0.00796429586410523),(-0.092302116394043,0.219882186889649,
0.00759200000762939),(-0.0922774810791016,0.0726010055541992,0.00171200001239776),
(-0.0922774810791016,0.0726010055541992,0.00759200000762939),(-0.0920685272216797,
0.217005218505859,0.00171200001239776),(-0.0920685272216797,0.217005218505859,
0.00759200000762939),(-0.0919249114990234,0.219825790405274,0.00171200001239776),
(-0.0919249114990234,0.219825790405274,0.00759200000762939),(-0.091755989074707,
0.0707173156738281,0.00796429586410523),(-0.091755989074707,0.0715868225097656,
0.00796429586410523),(-0.091755989074707,0.217998275756836,0.00796429586410523),
(-0.091755989074707,0.218867767333984,0.00796429586410523),(-0.0917518997192383,
0.0698257827758789,0.00171200001239776),(-0.0917518997192383,0.0698257827758789,
0.00759200000762939),(-0.0917095108032227,0.0724576187133789,0.00171200001239776),
(-0.0917095108032227,0.0724576187133789,0.00759200000762939),(-0.0916194610595703,
0.0711520690917969,0.00796429586410523),(-0.0916194610595703,0.218433013916016,
0.00796429586410523),(-0.0915433044433594,0.217228286743164,0.00171200001239776),
(-0.0915433044433594,0.217228286743164,0.00759200000762939),(-0.0914064407348633,
0.219526779174805,0.00171200001239776),(-0.0914064407348633,0.219526779174805,
0.00759200000762939),(-0.091244140625,0.0720680770874023,0.00171200001239776),
(-0.091244140625,0.0720680770874023,0.00759200000762939),(-0.0912416915893555,
0.0702392654418945,0.00171200001239776),(-0.0912416915893555,0.0702392654418945,
0.00759200000762939),(-0.0911241989135742,0.217700256347656,0.00171200001239776),
(-0.0911241989135742,0.217700256347656,0.00759200000762939),(-0.0910738830566406,
0.219065902709961,0.00171200001239776),(-0.0910738830566406,0.219065902709961,
0.00759200000762939),(-0.0909678344726563,0.070844856262207,0.00171200001239776),
(-0.0909678344726563,0.070844856262207,0.00759200000762939),(-0.0909678344726563,
0.0714592742919922,0.00171200001239776),(-0.0909678344726563,0.0714592742919922,
0.00759200000762939),(-0.0909393844604492,0.218343948364258,0.00171200001239776),
(-0.0909393844604492,0.218343948364258,0.00759200000762939),(-0.0909368057250977,
0.0711520690917969,0.00171200001239776),(-0.0909368057250977,0.0711520690917969,
0.00759200000762939),(-0.0909368057250977,0.218433013916016,0.00171200001239776),
(-0.0909368057250977,0.218433013916016,0.00759200000762939),(-0.085693473815918,
0.189305404663086,0.0140754852294922),(-0.085693473815918,0.191000991821289,
0.00553399991989136),(-0.085693473815918,0.191000991821289,0.0126255578994751),
(-0.085693473815918,0.214921875,0.00553399991989136),(-0.085693473815918,
0.214921875,0.0126255578994751),(-0.085693473815918,0.217333755493164,0.0146879997253418),
(-0.085351676940918,0.191030014038086,0.00553399991989136),(-0.085351676940918,
0.214892837524414,0.00553399991989136),(-0.0848237686157227,0.189359817504883,
0.0141220216751099),(-0.0847756042480469,0.214703125,0.0126306018829346),
(-0.0847628860473633,0.191226181030274,0.0126307420730591),(-0.0844718475341797,
0.217148513793945,0.0146879997253418),(-0.0844598236083985,0.191415390014648,
0.00553399991989136),(-0.0844598236083985,0.191415390014648,0.0126346282958984),
(-0.0844598236083985,0.214507476806641,0.00553399991989136),(-0.0844598236083985,
0.214507476806641,0.0126346282958984),(-0.0841890869140625,0.191656585693359,
0.0126389808654785),(-0.0841890869140625,0.21426626586914,0.0126389808654785),
(-0.0837910308837891,0.192241409301758,0.00553399991989136),(-0.0837910308837891,
0.213681442260742,0.00553399991989136),(-0.0837772750854492,0.192271301269531,
0.0126471357345581),(-0.0837766494750977,0.213650177001953,0.0126471490859985),
(-0.0835738906860352,0.193220062255859,0.00553399991989136),(-0.0835738906860352,
0.193220062255859,0.012651819229126),(-0.0835738906860352,0.21270280456543,
0.00553399991989136),(-0.0835738906860352,0.21270280456543,0.012651819229126),
(-0.0830756988525391,0.216407562255859,0.0146879997253418),(-0.0825382232666016,
0.190021697998047,0.0146879997253418),(-0.0820151443481445,0.190729583740235,
0.0146879997253418),(-0.0820151443481445,0.193220062255859,0.0140665950775146),
(-0.0820151443481445,0.21270280456543,0.0140665950775146),(-0.0820151443481445,
0.215193283081055,0.0146879997253418),(-0.081492073059082,0.190021697998047,
0.0146879997253418),(-0.0809545974731445,0.216407562255859,0.0146879997253418),
(-0.0808474655151367,0.189758911132813,0.0144632959365845),(-0.0804564056396484,
0.193220062255859,0.00553399991989136),(-0.0804564056396484,0.193220062255859,
0.012651819229126),(-0.0804564056396484,0.21270280456543,0.00553399991989136),
(-0.0804564056396484,0.21270280456543,0.012651819229126),(-0.0803915252685547,
0.192675079345703,0.00553399991989136),(-0.0802536468505859,0.192272689819336,
0.0126471490859985),(-0.0802530212402344,0.213651565551758,0.0126471357345581),
(-0.0802392578125,0.213681442260742,0.00553399991989136),(-0.079976318359375,
0.191813354492188,0.00553399991989136),(-0.0798412094116211,0.191656585693359,
0.0126389808654785),(-0.0798412094116211,0.21426626586914,0.0126389808654785),
(-0.0795704727172852,0.214507476806641,0.00553399991989136),(-0.0795704727172852,
0.214507476806641,0.0126346282958984),(-0.0795584487915039,0.217148513793945,
0.0146879997253418),(-0.0792674102783203,0.214696670532226,0.0126307420730591),
(-0.0792546997070313,0.191219741821289,0.0126306018829346),(-0.0792321548461914,
0.191208572387695,0.00553399991989136),(-0.0792065200805664,0.189359817504883,
0.0141220216751099),(-0.0786786193847656,0.214892837524414,0.00553399991989136),
(-0.0783368148803711,0.189305404663086,0.0140754852294922),(-0.0783368148803711,
0.191000991821289,0.00553399991989136),(-0.0783368148803711,0.191000991821289,
0.0126255578994751),(-0.0783368148803711,0.214921875,0.00553399991989136),
(-0.0783368148803711,0.214921875,0.0126255578994751),(-0.0783368148803711,
0.217333755493164,0.0146879997253418),(-0.0685527267456055,0.214921875,
0.00171200001239776),(-0.0685527267456055,0.214921875,0.00504400014877319),
(-0.0644155502319336,0.21931315612793,0.00171200001239776),(-0.0644155502319336,
0.21931315612793,0.00504400014877319),(-0.0639738502502441,0.21964421081543,
0.00171200001239776),(-0.0639738502502441,0.21964421081543,0.00504400014877319),
(-0.0632894134521484,0.219808273315429,0.00171200001239776),(-0.0632894134521484,
0.219808273315429,0.00504400014877319),(-0.0608913650512695,0.219808273315429,
0.00171200001239776),(-0.0608913650512695,0.219808273315429,0.00504400014877319),
(-0.0602263641357422,0.217341934204102,0.00504400014877319),(-0.0602263641357422,
0.217341934204102,0.00994400024414063),(-0.0601692771911621,0.216644683837891,
0.00504400014877319),(-0.0601692771911621,0.216644683837891,0.00994400024414063),
(-0.0599835548400879,0.217965240478516,0.00504400014877319),(-0.0599835548400879,
0.217965240478516,0.00994400024414063),(-0.059836612701416,0.216083297729492,
0.00504400014877319),(-0.059836612701416,0.216083297729492,0.00994400024414063),
(-0.0596424293518066,0.2204560546875,0.00171200001239776),(-0.0596424293518066,
0.2204560546875,0.00504400014877319),(-0.0595605430603027,0.21711506652832,
0.0103162965774536),(-0.0595004577636719,0.218404815673828,0.00504400014877319),
(-0.0595004577636719,0.218404815673828,0.00994400024414063),(-0.059424015045166,
0.216680313110352,0.0103162965774536),(-0.059424015045166,0.217549819946289,
0.0103162965774536),(-0.0593413047790527,0.215751922607422,0.00504400014877319),
(-0.0593413047790527,0.215751922607422,0.00994400024414063),(-0.0589530944824219,
0.218562042236328,0.00504400014877319),(-0.0589530944824219,0.218562042236328,
0.00994400024414063),(-0.0588778877258301,0.215665893554687,0.00504400014877319),
(-0.0588778877258301,0.215665893554687,0.00994400024414063),(-0.0588778877258301,
0.21639047241211,0.0103162965774536),(-0.0588778877258301,0.21711506652832,
0.0106885929107666),(-0.0588778877258301,0.217839660644532,0.0103162965774536),
(-0.0588532562255859,0.218564010620117,0.00504400014877319),(-0.0588532562255859,
0.218564010620117,0.00994400024414063),(-0.0583317642211914,0.216680313110352,
0.0103162965774536),(-0.0583317642211914,0.217549819946289,0.0103162965774536),
(-0.0583276672363281,0.215788787841797,0.00504400014877319),(-0.0583276672363281,
0.215788787841797,0.00994400024414063),(-0.0582852897644043,0.218420623779297,
0.00504400014877319),(-0.0582852897644043,0.218420623779297,0.00994400024414063),
(-0.0582447471618652,0.220486877441406,0.00171200001239776),(-0.0582447471618652,
0.220486877441406,0.00504400014877319),(-0.0581952323913574,0.21711506652832,
0.0103162965774536),(-0.0578199157714844,0.21803108215332,0.00504400014877319),
(-0.0578199157714844,0.21803108215332,0.00994400024414063),(-0.0578174629211426,
0.216202270507812,0.00504400014877319),(-0.0578174629211426,0.216202270507812,
0.00994400024414063),(-0.0575781898498535,0.0757362442016602,0.00171200001239776),
(-0.0575781898498535,0.0757362442016602,0.00504400014877319),(-0.0575436096191406,
0.216807861328125,0.00504400014877319),(-0.0575436096191406,0.216807861328125,
0.00994400024414063),(-0.0575436096191406,0.217422286987304,0.00504400014877319),
(-0.0575436096191406,0.217422286987304,0.00994400024414063),(-0.0575125770568848,
0.21711506652832,0.00504400014877319),(-0.0575125770568848,0.21711506652832,
0.00994400024414063),(-0.0571996421813965,0.0756653900146484,0.00171200001239776),
(-0.0571996421813965,0.0756653900146484,0.00504400014877319),(-0.0568644104003906,
0.219808273315429,0.00171200001239776),(-0.0568644104003906,0.219808273315429,
0.00504400014877319),(-0.0567956237792969,0.0753921813964844,0.00171200001239776),
(-0.0567956237792969,0.0753921813964844,0.00504400014877319),(-0.054466365814209,
0.219808273315429,0.00171200001239776),(-0.054466365814209,0.219808273315429,
0.00504400014877319),(-0.0541311149597168,0.0725640182495117,0.00171200001239776),
(-0.0541311149597168,0.0725640182495117,0.00504400014877319),(-0.0539216232299805,
0.219706314086914,0.00171200001239776),(-0.0539216232299805,0.219706314086914,
0.00504400014877319),(-0.0535497207641602,0.0721708602905273,0.00171200001239776),
(-0.0535497207641602,0.0721708602905273,0.00504400014877319),(-0.0533402290344238,
0.21931315612793,0.00171200001239776),(-0.0533402290344238,0.21931315612793,
0.00504400014877319),(-0.0530049781799316,0.0720689010620117,0.00171200001239776),
(-0.0530049781799316,0.0720689010620117,0.00504400014877319),(-0.0513334884643555,
0.0720689010620117,0.00171200001239776),(-0.0513334884643555,0.0720689010620117,
0.00504400014877319),(-0.0508062324523926,0.0757362442016602,0.00504400014877319),
(-0.0508062324523926,0.0757362442016602,0.00553399991989136),(-0.0505017738342285,
0.0711244506835938,0.00171200001239776),(-0.0505017738342285,0.0711244506835938,
0.00504400014877319),(-0.0499561271667481,0.0739926376342773,0.00504400014877319),
(-0.0499561271667481,0.0739926376342773,0.00994400024414063),(-0.0499319953918457,
0.0736170043945313,0.00504400014877319),(-0.0499319953918457,0.0736170043945313,
0.00994400024414063),(-0.0498180046081543,0.0765838623046875,0.00504400014877319),
(-0.0498180046081543,0.0765838623046875,0.00553399991989136),(-0.0497708969116211,
0.0746361923217773,0.00504400014877319),(-0.0497708969116211,0.0746361923217773,
0.00994400024414063),(-0.0496857070922852,0.073033073425293,0.00504400014877319),
(-0.0496857070922852,0.073033073425293,0.00994400024414063),(-0.049351375579834,
0.0751079483032227,0.00504400014877319),(-0.049351375579834,0.0751079483032227,
0.00994400024414063),(-0.0492761116027832,0.0739025726318359,0.0103162965774536),
(-0.0492486457824707,0.0705355072021484,0.00171200001239776),(-0.0492486457824707,
0.0705355072021484,0.00504400014877319),(-0.0492299766540527,0.0726205291748047,
0.00504400014877319),(-0.0492299766540527,0.0726205291748047,0.00994400024414063),
(-0.049203052520752,0.214921875,0.00171200001239776),(-0.049203052520752,
0.214921875,0.00504400014877319),(-0.0490030479431152,0.0733229064941406,
0.0103162965774536),(-0.0490030479431152,0.0744822463989258,0.0103162965774536),
(-0.0488077926635742,0.0753337783813477,0.00504400014877319),(-0.0488077926635742,
0.0753337783813477,0.00994400024414063),(-0.0486718330383301,0.0724557876586914,
0.00504400014877319),(-0.0486718330383301,0.0724557876586914,0.00994400024414063),
(-0.0485934562683106,0.0731779861450195,0.0103162965774536),(-0.0485934562683106,
0.0739025726318359,0.0106885929107666),(-0.0485934562683106,0.0746271591186524,
0.0103162965774536),(-0.0485934562683106,0.0768822860717773,0.00504400014877319),
(-0.0485934562683106,0.0768822860717773,0.00553399991989136),(-0.0483598670959473,
0.0724747695922852,0.00504400014877319),(-0.0483598670959473,0.0724747695922852,
0.00994400024414063),(-0.0482162551879883,0.0752953414916992,0.00504400014877319),
(-0.0482162551879883,0.0752953414916992,0.00994400024414063),(-0.0481838607788086,
0.0733229064941406,0.0103162965774536),(-0.0481838607788086,0.0744822463989258,
0.0103162965774536),(-0.0479108009338379,0.0739025726318359,0.0103162965774536),
(-0.047852180480957,0.0705556793212891,0.00171200001239776),(-0.047852180480957,
0.0705556793212891,0.00504400014877319),(-0.047834644317627,0.0726978302001953,
0.00504400014877319),(-0.047834644317627,0.0726978302001953,0.00994400024414063),
(-0.0476977844238281,0.0749963302612305,0.00504400014877319),(-0.0476977844238281,
0.0749963302612305,0.00994400024414063),(-0.0474155426025391,0.073169807434082,
0.00504400014877319),(-0.0474155426025391,0.073169807434082,0.00994400024414063),
(-0.0473652267456055,0.0745354614257813,0.00504400014877319),(-0.0473652267456055,
0.0745354614257813,0.00994400024414063),(-0.0473287048339844,0.0765627517700195,
0.00504400014877319),(-0.0473287048339844,0.0765627517700195,0.00553399991989136),
(-0.0472307243347168,0.0738134994506836,0.00504400014877319),(-0.0472307243347168,
0.0738134994506836,0.00994400024414063),(-0.0472281455993652,0.0739025726318359,
0.00504400014877319),(-0.0472281455993652,0.0739025726318359,0.00994400024414063),
(-0.0465962982177734,0.0711957168579102,0.00171200001239776),(-0.0465962982177734,
0.0711957168579102,0.00504400014877319),(-0.0463806800842285,0.0757362442016602,
0.00504400014877319),(-0.0463806800842285,0.0757362442016602,0.00553399991989136),
(-0.0458534202575684,0.0720689010620117,0.00171200001239776),(-0.0458534202575684,
0.0720689010620117,0.00504400014877319),(-0.0441819305419922,0.0720689010620117,
0.00171200001239776),(-0.0441819305419922,0.0720689010620117,0.00504400014877319),
(-0.0434974937438965,0.0722329711914063,0.00171200001239776),(-0.0434974937438965,
0.0722329711914063,0.00504400014877319),(-0.0430557975769043,0.0725640182495117,
0.00171200001239776),(-0.0430557975769043,0.0725640182495117,0.00504400014877319),
(-0.0410151901245117,0.0645678939819336,0.00171200001239776),(-0.0410151901245117,
0.0711520690917969,0.00171200001239776),(-0.0410151901245117,0.214921875,
0.00171200001239776),(-0.0410151901245117,0.223174285888672,0.00171200001239776),
(-0.0410151901245117,0.225017196655274,0.00171200001239776),(-0.0403912887573242,
0.0753921813964844,0.00171200001239776),(-0.0403912887573242,0.0753921813964844,
0.00504400014877319),(-0.0400843467712403,0.0756222305297852,0.00171200001239776),
(-0.0400843467712403,0.0756222305297852,0.00504400014877319),(-0.0396087226867676,
0.0757362442016602,0.00171200001239776),(-0.0396087226867676,0.0757362442016602,
0.00504400014877319),(0.00172476196289063,0.189305404663086,0.0140754852294922),
(0.00172476196289063,0.191000991821289,0.00553399991989136),(0.00172476196289063,
0.191000991821289,0.0126255578994751),(0.00172476196289063,0.214921875,
0.00553399991989136),(0.00172476196289063,0.214921875,0.0126255578994751),
(0.00172476196289063,0.217333755493164,0.0146879997253418),(0.00206656408309936,
0.191030014038086,0.00553399991989136),(0.00206656408309936,0.214892837524414,
0.00553399991989136),(0.00259446811676026,0.189359817504883,0.0141220216751099),
(0.00264263892173767,0.214703125,0.0126306018829346),(0.00265535688400269,
0.191226181030274,0.0126307420730591),(0.0029463939666748,0.217148513793945,
0.0146879997253418),(0.00295841693878174,0.191415390014648,0.00553399991989136),
(0.00295841693878174,0.214507476806641,0.00553399991989136),(0.00295841789245605,
0.191415390014648,0.0126346282958984),(0.00295841789245605,0.214507476806641,
0.0126346282958984),(0.00322915101051331,0.191656585693359,0.0126389808654785),
(0.00322915101051331,0.21426626586914,0.0126389808654785),(0.00362720608711242,
0.192241409301758,0.00553399991989136),(0.00362720608711242,0.213681442260742,
0.00553399991989136),(0.00364096307754516,0.192271301269531,0.0126471357345581),
(0.00364158797264099,0.213650177001953,0.0126471490859985),(0.0038443489074707,
0.193220062255859,0.00553399991989136),(0.0038443489074707,0.193220062255859,
0.012651819229126),(0.0038443489074707,0.21270280456543,0.00553399991989136),
(0.0038443489074707,0.21270280456543,0.012651819229126),(0.00434254407882691,
0.216407562255859,0.0146879997253418),(0.00488001823425293,0.190021697998047,
0.0146879997253418),(0.00537303876876831,0.190680267333985,0.0146879997253418),
(0.00540248918533325,0.193120010375977,0.0140671434402466),(0.00540309286117554,
0.193220062255859,0.0140665950775146),(0.00540309286117554,0.21270280456543,
0.0140665950775146),(0.00540309286117554,0.215193283081055,0.0146879997253418),
(0.00550862789154053,0.186609802246094,0.00553399991989136),(0.00550862789154053,
0.186609802246094,0.0115955276489258),(0.00550862789154053,0.214921875,
0.00553399991989136),(0.00550862789154053,0.225017196655274,0.00553399991989136),
(0.00550862789154053,0.225017196655274,0.0115955276489258),(0.00559104776382446,
0.190341445922851,0.0146879997253418),(0.00559104776382446,0.215481369018554,
0.0146879997253418),(0.00583877277374268,0.190021697998047,0.0146879997253418),
(0.00696183586120606,0.193120010375977,0.0115955276489258),(0.00696183586120606,
0.193120010375977,0.012651819229126),(0.00696183586120606,0.21270280456543,
0.0115955276489258),(0.00696183586120606,0.21270280456543,0.012651819229126),
(0.00702671098709107,0.19257504272461,0.0115955276489258),(0.00702826118469238,
0.216788940429688,0.0146879997253418),(0.00716459703445435,0.192172637939453,
0.0126471490859985),(0.00716522216796875,0.213651565551758,0.0126471357345581),
(0.00717897987365723,0.213681442260742,0.0115955276489258),(0.00739405393600464,
0.191776794433594,0.0126423797607422),(0.00744192218780518,0.191713317871094,
0.0115955276489258),(0.00757703399658203,0.191556549072265,0.0126389808654785),
(0.00757703399658203,0.21426626586914,0.0126389808654785),(0.00784776782989502,
0.214507476806641,0.0126346282958984),(0.00784776878356934,0.214507476806641,
0.0115955276489258),(0.00800746059417725,0.217191268920898,0.0146879997253418),
(0.0081379280090332,0.189320251464844,0.0140881881713867),(0.00815082836151123,
0.214696670532226,0.0126307420730591),(0.00816354560852051,0.191119689941406,
0.0126306018829346),(0.00818608570098877,0.191108520507812,0.0115955276489258),
(0.00873962116241455,0.214892837524414,0.0115955276489258),(0.0089090518951416,
0.218523086547851,0.00171200001239776),(0.0089090518951416,0.218523086547851,
0.00553399991989136),(0.00892324733734131,0.0713789367675781,0.00171200001239776),
(0.00892324733734131,0.0713789367675781,0.00759200000762939),(0.00893318367004395,
0.218147445678711,0.00171200001239776),(0.00893318367004395,0.218147445678711,
0.00553399991989136),(0.00898033809661865,0.0706816787719727,0.00171200001239776),
(0.00898033809661865,0.0706816787719727,0.00759200000762939),(0.00908142280578613,
0.18925537109375,0.0140327110290527),(0.00908142280578613,0.190900955200196,
0.0115955276489258),(0.00908142280578613,0.190900955200196,0.0126255578994751),
(0.00908142280578613,0.214921875,0.0115955276489258),(0.00908142280578613,
0.214921875,0.0126255578994751),(0.00908142280578613,0.217333755493164,
0.0146879997253418),(0.00909428405761719,0.219166641235351,0.00171200001239776),
(0.00909428405761719,0.219166641235351,0.00553399991989136),(0.00916605663299561,
0.0720022506713867,0.00171200001239776),(0.00916605663299561,0.0720022506713867,
0.00759200000762939),(0.00917947483062744,0.217563522338867,0.00171200001239776),
(0.00917947483062744,0.217563522338867,0.00553399991989136),(0.00931300067901611,
0.0701202926635742,0.00171200001239776),(0.00931300067901611,0.0701202926635742,
0.00759200000762939),(0.00951380443572998,0.219638397216797,0.00171200001239776),
(0.00951380443572998,0.219638397216797,0.00553399991989136),(0.00958906841278076,
0.0711520690917969,0.00796429586410523),(0.00963520336151123,0.217150970458984,
0.00171200001239776),(0.00963520336151123,0.217150970458984,0.00553399991989136),
(0.00964915370941162,0.0724418106079102,0.00171200001239776),(0.00964915370941162,
0.0724418106079102,0.00759200000762939),(0.00972560024261475,0.0707173156738281,
0.00796429586410523),(0.00972560024261475,0.0715868225097656,0.00796429586410523),
(0.00980830955505371,0.0697889251708984,0.00171200001239776),(0.00980830955505371,
0.0697889251708984,0.00759200000762939),(0.0100573883056641,0.219864227294922,
0.00171200001239776),(0.0100573883056641,0.219864227294922,0.00553399991989136),
(0.0101933479309082,0.216986236572266,0.00171200001239776),(0.0101933479309082,
0.216986236572266,0.00553399991989136),(0.0101965179443359,0.0725990371704102,
0.00171200001239776),(0.0101965179443359,0.0725990371704102,0.00759200000762939),
(0.0102717247009277,0.0697028961181641,0.00171200001239776),(0.0102717247009277,
0.0697028961181641,0.00759200000762939),(0.0102717247009277,0.0704274826049805,
0.00796429586410523),(0.0102717247009277,0.0711520690917969,0.00833659172058106),
(0.0102717247009277,0.0718766555786133,0.00796429586410523),(0.0102963581085205,
0.0726010055541992,0.00171200001239776),(0.0102963581085205,0.0726010055541992,
0.00759200000762939),(0.0105053129196167,0.217005218505859,0.00171200001239776),
(0.0105053129196167,0.217005218505859,0.00553399991989136),(0.0106489248275757,
0.219825790405274,0.00171200001239776),(0.0106489248275757,0.219825790405274,
0.00553399991989136),(0.0108178491592407,0.0707173156738281,0.00796429586410523),
(0.0108178491592407,0.0715868225097656,0.00796429586410523),(0.0108219442367554,
0.0698257827758789,0.00171200001239776),(0.0108219442367554,0.0698257827758789,
0.00759200000762939),(0.0108643245697021,0.0724576187133789,0.00171200001239776),
(0.0108643245697021,0.0724576187133789,0.00759200000762939),(0.0109543809890747,
0.0711520690917969,0.00796429586410523),(0.011030535697937,0.217228286743164,
0.00171200001239776),(0.011030535697937,0.217228286743164,0.00553399991989136),
(0.0111673946380615,0.219526779174805,0.00171200001239776),(0.0111673946380615,
0.219526779174805,0.00553399991989136),(0.0113296966552734,0.0720680770874023,
0.00171200001239776),(0.0113296966552734,0.0720680770874023,0.00759200000762939),
(0.0113321504592895,0.0702392654418945,0.00171200001239776),(0.0113321504592895,
0.0702392654418945,0.00759200000762939),(0.0114496374130249,0.217700256347656,
0.00171200001239776),(0.0114496374130249,0.217700256347656,0.00553399991989136),
(0.0114999551773071,0.219065902709961,0.00171200001239776),(0.0114999551773071,
0.219065902709961,0.00553399991989136),(0.0116060056686401,0.070844856262207,
0.00171200001239776),(0.0116060056686401,0.070844856262207,0.00759200000762939),
(0.0116060056686401,0.0714592742919922,0.00171200001239776),(0.0116060056686401,
0.0714592742919922,0.00759200000762939),(0.0116344547271728,0.218343948364258,
0.00171200001239776),(0.0116344547271728,0.218343948364258,0.00553399991989136),
(0.0116370363235474,0.0711520690917969,0.00171200001239776),(0.0116370363235474,
0.0711520690917969,0.00759200000762939),(0.0116370363235474,0.218433013916016,
0.00171200001239776),(0.0116370363235474,0.218433013916016,0.00553399991989136),
(0.0236462821960449,0.225017196655274,0.00171200001239776),(0.0236462821960449,
0.225017196655274,0.0020599000453949),(0.0238060874938965,0.225017196655274,
0.00307521605491638),(0.0244453067779541,0.225017196655274,0.00423557901382446),
(0.0251957836151123,0.214921875,0.00171200001239776),(0.0251957836151123,
0.214921875,0.00348580002784729),(0.0251957836151123,0.219738235473633,
0.00171200001239776),(0.0251957836151123,0.219738235473633,0.00348580002784729),
(0.0252722797393799,0.220105804443359,0.00171200001239776),(0.0252722797393799,
0.220105804443359,0.00348580002784729),(0.0253825511932373,0.223174285888672,
0.00171200001239776),(0.0253990173339844,0.220312622070313,0.00171200001239776),
(0.0253990173339844,0.220312622070313,0.00348580002784729),(0.0256645622253418,
0.220526123046875,0.00171200001239776),(0.0256645622253418,0.220526123046875,
0.00348580002784729),(0.0257613487243652,0.225017196655274,0.00525942707061768),
(0.0260178585052491,0.220610809326172,0.00171200001239776),(0.0260178585052491,
0.220610809326172,0.00348580002784729),(0.0260704078674317,0.220610809326172,
0.00171200001239776),(0.0260704078674317,0.220610809326172,0.0020599000453949),
(0.0260704078674317,0.222444183349609,0.00171200001239776),(0.0260704078674317,
0.222444183349609,0.0020599000453949),(0.0260978660583496,0.220610809326172,
0.00232532501220703),(0.0260978660583496,0.222444183349609,0.00232532501220703),
(0.0263571224212646,0.220610809326172,0.00288112592697143),(0.0263571224212646,
0.222444183349609,0.00288112592697143),(0.0264967136383056,0.225017196655274,
0.00553399991989136),(0.026935941696167,0.220610809326172,0.00333394694328308),
(0.026935941696167,0.222444183349609,0.00333394694328308),(0.0274325771331787,
0.0739703979492188,0.0146879997253418),(0.0274325771331787,0.0773822860717773,
0.00553399991989136),(0.0274325771331787,0.0773822860717773,0.0117704420089722),
(0.0274325771331787,0.186609802246094,0.00553399991989136),(0.0274325771331787,
0.186609802246094,0.0115955276489258),(0.0274325771331787,0.186609802246094,
0.0117704420089722),(0.0274325771331787,0.18925537109375,0.0140327110290527),
(0.0274325771331787,0.190900955200196,0.00553399991989136),(0.0274325771331787,
0.190900955200196,0.0115955276489258),(0.0274325771331787,0.214921875,0.00553399991989136),
(0.0274325771331787,0.214921875,0.0115955276489258),(0.0274325771331787,
0.224845443725586,0.00553399991989136),(0.0274325771331787,0.225017196655274,
0.00568107414245606),(0.0274325771331787,0.225017196655274,0.0115955276489258),
(0.0274367408752442,0.18925537109375,0.0140327129364014),(0.0274367408752442,
0.190900955200196,0.00553399991989136),(0.0274367408752442,0.190900955200196,
0.0126255578994751),(0.0274367408752442,0.214921875,0.00553399991989136),
(0.0274367408752442,0.214921875,0.0126255578994751),(0.0274367408752442,
0.217333755493164,0.0146879997253418),(0.027605863571167,0.0773970108032227,
0.00553399991989136),(0.0276115837097168,0.186594085693359,0.0117697496414185),
(0.0276414089202881,0.220610809326172,0.00348580002784729),(0.0276414089202881,
0.222444183349609,0.00348580002784729),(0.0276414089202881,0.225017196655274,
0.00568603086471558),(0.0277785434722901,0.190929977416992,0.00553399991989136),
(0.0277785434722901,0.214892837524414,0.00553399991989136),(0.0278895854949951,
0.18650341796875,0.00553399991989136),(0.0279128227233886,0.0775003662109375,
0.0117654829025269),(0.0279365959167481,0.186479034423828,0.0117649831771851),
(0.0280666885375976,0.0775970230102539,0.00553399991989136),(0.0280666904449463,
0.0775970230102539,0.0117618370056152),(0.0282091045379638,0.0777236251831055,
0.011757607460022),(0.0282091045379638,0.186268463134765,0.011757607460022),
(0.0282846069335937,0.186181091308594,0.0117550373077393),(0.0282846088409424,
0.186181091308594,0.00553399991989136),(0.0283546180725098,0.214703125,
0.0126306018829346),(0.0283673362731933,0.191126144409179,0.0126307420730591),
(0.0284296989440918,0.0780474319458008,0.0117494840621948),(0.0284297008514404,
0.0780474395751953,0.00553399991989136),(0.0284393005371094,0.185923706054687,
0.0117490882873535),(0.028463342666626,0.0781259002685547,0.0117480821609497),
(0.0285153121948242,0.185700637817383,0.00553399991989136),(0.0285521640777588,
0.0786013565063477,0.00553399991989136),(0.0285521640777588,0.0786013565063477,
0.0117441806793213),(0.0285521640777588,0.185390747070313,0.00553399991989136),
(0.0285521640777588,0.185390747070313,0.0117441806793213),(0.0286542091369629,
0.0741556396484375,0.0146879997253418),(0.0286583728790283,0.217148513793945,
0.0146879997253418),(0.0286703948974609,0.191315338134766,0.00553399991989136),
(0.0286703948974609,0.214507476806641,0.00553399991989136),(0.0286703968048095,
0.191315338134766,0.0126346282958984),(0.0286703968048095,0.214507476806641,
0.0126346282958984),(0.0286973857879639,0.191335906982422,0.0126350259780884),
(0.0289411296844483,0.191556549072265,0.0126389808654785),(0.0289411296844483,
0.21426626586914,0.0126389808654785),(0.0293391838073731,0.192141372680664,
0.00553399991989136),(0.0293391838073731,0.213681442260742,0.00553399991989136),
(0.0293529415130615,0.192171264648438,0.0126471357345581),(0.0293535671234131,
0.213650177001953,0.0126471490859985),(0.0295563278198242,0.193120010375977,
0.00553399991989136),(0.0295563278198242,0.193120010375977,0.012651819229126),
(0.0295563278198242,0.21270280456543,0.00553399991989136),(0.0295563278198242,
0.21270280456543,0.012651819229126),(0.0298385353088379,0.189253921508789,
0.0146879997253418),(0.0298686351776123,0.0786013565063477,0.00553399991989136),
(0.0298686351776123,0.0786013565063477,0.0129390602111816),(0.0298686351776123,
0.098084098815918,0.00553399991989136),(0.0298686351776123,0.098084098815918,
0.0129390602111816),(0.0299392185211181,0.0777538757324219,0.0131157569885254),
(0.0299945411682129,0.099212760925293,0.013053337097168),(0.0300119743347168,
0.0773981628417969,0.00553399991989136),(0.0300503597259522,0.0748965911865234,
0.0146879997253418),(0.0300545234680176,0.189415252685547,0.0146879997253418),
(0.0300545234680176,0.216407562255859,0.0146879997253418),(0.030204574584961,
0.07677783203125,0.0136879997253418),(0.0303508796691894,0.100251976013184,
0.00553399991989136),(0.0303508796691894,0.100251976013184,0.013376763343811),
(0.0307484340667725,0.0757362442016602,0.00171200001239776),(0.0307484340667725,
0.0757362442016602,0.00553399991989136),(0.0308019237518311,0.0756592788696289,
0.0146879997253418),(0.0309229526519776,0.188169311523437,0.0146879997253418),
(0.0309438076019287,0.075468864440918,0.00171200001239776),(0.0309438076019287,
0.075468864440918,0.0146879997253418),(0.0311038188934326,0.187892974853515,
0.0146879997253418),(0.0311070671081543,0.186663330078125,0.014236156463623),
(0.0311103706359863,0.185412628173828,0.0140661602020264),(0.0311103992462158,
0.144097763061523,0.0140661325454712),(0.0311103992462158,0.185390747070313,
0.0140661325454712),(0.0311124820709229,0.193220062255859,0.0140642442703247),
(0.0311124820709229,0.21270280456543,0.0140642442703247),(0.0311124820709229,
0.21519758605957,0.0146879997253418),(0.0311130847930908,0.193120010375977,
0.0140647926330566),(0.0311426086425781,0.190675964355469,0.0146879997253418),
(0.0311497859954834,0.143289810180664,0.0141018829345703),(0.0312978458404541,
0.188191192626953,0.0146879997253418),(0.0312978458404541,0.190441482543945,
0.0146879997253418),(0.0312978458404541,0.215481369018554,0.0146879997253418),
(0.0315398101806641,0.141429977416992,0.0144558839797974),(0.0317955474853516,
0.10206827545166,0.0146879997253418),(0.0317955474853516,0.140727951049805,
0.0146879997253418),(0.0318758430480957,0.102129722595215,0.00553399991989136),
(0.0318758430480957,0.102129722595215,0.0146879997253418),(0.0324410552978516,
0.189316345214844,0.0146879997253418),(0.0326655654907227,0.0740731887817383,
0.00171200001239776),(0.0326655654907227,0.0740731887817383,0.0146879997253418),
(0.0326686363220215,0.193220062255859,0.00553399991989136),(0.0326686363220215,
0.193220062255859,0.012651819229126),(0.0326686363220215,0.21270280456543,
0.00553399991989136),(0.0326686363220215,0.21270280456543,0.012651819229126),
(0.0327335090637207,0.192675079345703,0.00553399991989136),(0.0327350616455078,
0.140011627197266,0.0146879997253418),(0.0327350616455078,0.216788940429688,
0.0146879997253418),(0.032871395111084,0.192272689819336,0.0126471490859985),
(0.0328720207214355,0.213651565551758,0.0126471357345581),(0.0328857803344726,
0.213681442260742,0.00553399991989136),(0.0331487197875977,0.191813354492188,
0.00553399991989136),(0.0331686363220215,0.144097763061523,0.00553399991989136),
(0.0331686363220215,0.144097763061523,0.0121979999542236),(0.0331686363220215,
0.185412628173828,0.00553399991989136),(0.0331686363220215,0.185412628173828,
0.0121979999542236),(0.0332838325500488,0.191656585693359,0.0126389808654785),
(0.0332838325500488,0.21426626586914,0.0126389808654785),(0.0333193397521973,
0.143373611450195,0.00553399991989136),(0.0333193397521973,0.143373611450195,
0.0121979999542236),(0.0333312454223633,0.186163391113281,0.00553399991989136),
(0.0333312454223633,0.186163391113281,0.0121979999542236),(0.0335545654296875,
0.214507476806641,0.0126346282958984),(0.0335545692443848,0.214507476806641,
0.00553399991989136),(0.0335690307617188,0.14296614074707,0.00553399991989136),
(0.0335690307617188,0.14296614074707,0.0121979999542236),(0.0337142601013183,
0.139609298706055,0.0146879997253418),(0.0337142601013183,0.217191268920898,
0.0146879997253418),(0.0337257423400879,0.186710083007812,0.00553399991989136),
(0.0337257423400879,0.186710083007812,0.0121979999542236),(0.0337732048034668,
0.189316345214844,0.0141909208297729),(0.0338576278686523,0.214696670532226,
0.0126307420730591),(0.0338703498840332,0.191219741821289,0.0126306018829346),
(0.0338928871154785,0.191208572387695,0.00553399991989136),(0.0339745750427246,
0.10303409576416,0.00553399991989136),(0.0339745750427246,0.10303409576416,
0.0146879997253418),(0.0340921821594238,0.142545532226562,0.00553399991989136),
(0.0340921821594238,0.142545532226562,0.0121979999542236),(0.0343407707214355,
0.18706478881836,0.00553399991989136),(0.0343407707214355,0.18706478881836,
0.0121979999542236),(0.0344464187622071,0.214892837524414,0.00553399991989136),
(0.0345840377807617,0.220610809326172,0.00348580002784729),(0.0345840377807617,
0.222444183349609,0.00348580002784729),(0.0345840377807617,0.225017196655274,
0.00568603086471558),(0.0347882232666016,0.0735822906494141,0.00171200001239776),
(0.0347882232666016,0.0735822906494141,0.0146879997253418),(0.0347882232666016,
0.103103164672852,0.00553399991989136),(0.0347882232666016,0.103103164672852,
0.0146879997253418),(0.0347882232666016,0.139466796875,0.0146879997253418),
(0.0347882232666016,0.142378692626953,0.00553399991989136),(0.0347882232666016,
0.142378692626953,0.0121979999542236),(0.0347882232666016,0.187131698608399,
0.00553399991989136),(0.0347882232666016,0.187131698608399,0.0121979999542236),
(0.0347882232666016,0.189316345214844,0.0140661249160767),(0.0347882232666016,
0.191000991821289,0.00553399991989136),(0.0347882232666016,0.191000991821289,
0.0126255578994751),(0.0347882232666016,0.214921875,0.00553399991989136),
(0.0347882232666016,0.214921875,0.0126255578994751),(0.0347882232666016,
0.217333755493164,0.0146879997253418),(0.0351496505737304,0.220610809326172,
0.00339017701148987),(0.0351496505737304,0.222444183349609,0.00339017701148987),
(0.0356492652893067,0.220610809326172,0.00310794711112976),(0.0356492652893067,
0.222444183349609,0.00310794711112976),(0.0357026710510254,0.225017196655274,
0.00554098606109619),(0.0360130233764649,0.220610809326172,0.0026523289680481),
(0.0360130233764649,0.222444183349609,0.0026523289680481),(0.0361550369262695,
0.220610809326172,0.00171200001239776),(0.0361550369262695,0.220610809326172,
0.0020599000453949),(0.0361550369262695,0.222444183349609,0.00171200001239776),
(0.0361550369262695,0.222444183349609,0.0020599000453949),(0.0362074890136719,
0.220610809326172,0.00171200001239776),(0.0362074890136719,0.220610809326172,
0.00348580002784729),(0.0364346084594726,0.220576843261719,0.00171200001239776),
(0.0364346084594726,0.220576843261719,0.00348580002784729),(0.0367467880249024,
0.22039680480957,0.00171200001239776),(0.0367467880249024,0.22039680480957,
0.00348580002784729),(0.0369470252990722,0.22011930847168,0.00171200001239776),
(0.0369470252990722,0.22011930847168,0.00348580002784729),(0.0369811134338379,
0.225017196655274,0.00496080493927002),(0.0370295677185059,0.214921875,
0.00171200001239776),(0.0370295677185059,0.214921875,0.00348580002784729),
(0.0370295677185059,0.219738235473633,0.00171200001239776),(0.0370295677185059,
0.219738235473633,0.00348580002784729),(0.038109146118164,0.225017196655274,
0.0037663140296936),(0.0384562377929688,0.225017196655274,0.00295248603820801),
(0.0385791625976563,0.225017196655274,0.00171200001239776),(0.0385791625976563,
0.225017196655274,0.0020599000453949),(0.0477532501220703,0.0735822906494141,
0.00171200001239776),(0.0477532501220703,0.0735822906494141,0.00504400014877319),
(0.0487126007080078,0.0725640182495117,0.00171200001239776),(0.0487126007080078,
0.0725640182495117,0.00504400014877319),(0.0492939949035645,0.0721708602905273,
0.00171200001239776),(0.0492939949035645,0.0721708602905273,0.00504400014877319),
(0.0498387336730957,0.0720689010620117,0.00171200001239776),(0.0498387336730957,
0.0720689010620117,0.00504400014877319),(0.0515102233886719,0.0720689010620117,
0.00171200001239776),(0.0515102233886719,0.0720689010620117,0.00504400014877319),
(0.0517373886108399,0.103103164672852,0.00553399991989136),(0.0517373886108399,
0.103103164672852,0.0146879997253418),(0.0517373886108399,0.119916229248047,
0.00553399991989136),(0.0517373886108399,0.119916229248047,0.0146879997253418),
(0.0518160362243652,0.0716343002319336,0.00171200001239776),(0.0518160362243652,
0.0716343002319336,0.00504400014877319),(0.0520965461730957,0.121531967163086,
0.00553399991989136),(0.0520965461730957,0.121531967163086,0.0146879997253418),
(0.0528640365600586,0.0707951889038086,0.00171200001239776),(0.0528640365600586,
0.0707951889038086,0.00504400014877319),(0.0529187088012695,0.0735822906494141,
0.00504400014877319),(0.0529187088012695,0.0735822906494141,0.00994400024414063),
(0.0532107849121094,0.072963005065918,0.00504400014877319),(0.0532107849121094,
0.072963005065918,0.00994400024414063),(0.0532240028381348,0.122921417236328,
0.00553399991989136),(0.0532240028381348,0.122921417236328,0.0146879997253418),
(0.0536641502380371,0.0725937271118164,0.00504400014877319),(0.0536641502380371,
0.0725937271118164,0.00994400024414063),(0.0536918296813965,0.0735822906494141,
0.0103424263000488),(0.0541822357177734,0.0735822906494141,0.0105198984146118),
(0.0542324333190918,0.0724535217285156,0.00504400014877319),(0.0542324333190918,
0.0724535217285156,0.00994400024414063),(0.0542502593994141,0.0704644393920899,
0.00171200001239776),(0.0542502593994141,0.0704644393920899,0.00504400014877319),
(0.0543044204711914,0.0724545440673828,0.00504400014877319),(0.0543044204711914,
0.0724545440673828,0.00994400024414063),(0.0545620269775391,0.0735822906494141,
0.0104519691467285),(0.0547624015808106,0.123584823608398,0.00553399991989136),
(0.0547624015808106,0.123584823608398,0.0146879997253418),(0.054853199005127,
0.0726023712158203,0.00504400014877319),(0.054853199005127,0.0726023712158203,
0.00994400024414063),(0.0552747535705566,0.0729446563720703,0.00504400014877319),
(0.0552747535705566,0.0729446563720703,0.00994400024414063),(0.0553569755554199,
0.123635299682617,0.00553399991989136),(0.0553569755554199,0.123635299682617,
0.0146879997253418),(0.0554729270935059,0.0707187805175781,0.00171200001239776),
(0.0554729270935059,0.0707187805175781,0.00504400014877319),(0.0555818061828613,
0.0735822906494141,0.00504400014877319),(0.0555818061828613,0.0735822906494141,
0.00994400024414063),(0.0566289749145508,0.0715689010620117,0.00171200001239776),
(0.0566289749145508,0.0715689010620117,0.00504400014877319),(0.0577380790710449,
0.0645678939819336,0.00171200001239776),(0.0577380790710449,0.0711520690917969,
0.00171200001239776),(0.0577380790710449,0.214921875,0.00171200001239776),
(0.0577380790710449,0.223174285888672,0.00171200001239776),(0.0577380790710449,
0.225017196655274,0.00171200001239776),(0.0586617813110352,0.0715689010620117,
0.00171200001239776),(0.0586617813110352,0.0715689010620117,0.00504400014877319),
(0.0595458488464356,0.0717738647460938,0.00171200001239776),(0.0595458488464356,
0.0717738647460938,0.00504400014877319),(0.0601518440246582,0.0722211456298828,
0.00171200001239776),(0.0601518440246582,0.0722211456298828,0.00504400014877319),
(0.0614342155456543,0.0735822906494141,0.00171200001239776),(0.0614342155456543,
0.0735822906494141,0.00504400014877319),(0.065144172668457,0.214921875,
0.00171200001239776),(0.065144172668457,0.214921875,0.00504400014877319),
(0.0692813568115234,0.21931315612793,0.00171200001239776),(0.0692813568115234,
0.21931315612793,0.00504400014877319),(0.0697230529785156,0.21964421081543,
0.00171200001239776),(0.0697230529785156,0.21964421081543,0.00504400014877319),
(0.0704074859619141,0.219808273315429,0.00171200001239776),(0.0704074859619141,
0.219808273315429,0.00504400014877319),(0.072805534362793,0.219808273315429,
0.00171200001239776),(0.072805534362793,0.219808273315429,0.00504400014877319),
(0.0734705352783203,0.217341934204102,0.00504400014877319),(0.0734705352783203,
0.217341934204102,0.00994400024414063),(0.0735276260375977,0.216644683837891,
0.00504400014877319),(0.0735276260375977,0.216644683837891,0.00994400024414063),
(0.0737122955322266,0.123635299682617,0.00553399991989136),(0.0737122955322266,
0.123635299682617,0.0146879997253418),(0.0737133407592774,0.217965240478516,
0.00504400014877319),(0.0737133407592774,0.217965240478516,0.00994400024414063),
(0.0738602905273438,0.216083297729492,0.00504400014877319),(0.0738602905273438,
0.216083297729492,0.00994400024414063),(0.0740544738769531,0.2204560546875,
0.00171200001239776),(0.0740544738769531,0.2204560546875,0.00504400014877319),
(0.0741363525390625,0.21711506652832,0.0103162965774536),(0.0741964416503906,
0.218404815673828,0.00504400014877319),(0.0741964416503906,0.218404815673828,
0.00994400024414063),(0.0742728881835938,0.216680313110352,0.0103162965774536),
(0.0742728881835938,0.217549819946289,0.0103162965774536),(0.074355598449707,
0.215751922607422,0.00504400014877319),(0.074355598449707,0.215751922607422,
0.00994400024414063),(0.0747438049316406,0.218562042236328,0.00504400014877319),
(0.0747438049316406,0.218562042236328,0.00994400024414063),(0.0748190155029297,
0.215665893554687,0.00504400014877319),(0.0748190155029297,0.215665893554687,
0.00994400024414063),(0.0748190155029297,0.21639047241211,0.0103162965774536),
(0.0748190155029297,0.21711506652832,0.0106885929107666),(0.0748190155029297,
0.217839660644532,0.0103162965774536),(0.0748436431884766,0.218564010620117,
0.00504400014877319),(0.0748436431884766,0.218564010620117,0.00994400024414063),
(0.0752651214599609,0.123275932312012,0.00553399991989136),(0.0752651214599609,
0.123275932312012,0.0146879997253418),(0.0753651351928711,0.216680313110352,
0.0103162965774536),(0.0753651351928711,0.217549819946289,0.0103162965774536),
(0.0753692321777344,0.215788787841797,0.00504400014877319),(0.0753692321777344,
0.215788787841797,0.00994400024414063),(0.0754116134643555,0.218420623779297,
0.00504400014877319),(0.0754116134643555,0.218420623779297,0.00994400024414063),
(0.0754521636962891,0.220486877441406,0.00171200001239776),(0.0754521636962891,
0.220486877441406,0.00504400014877319),(0.0755016708374024,0.21711506652832,
0.0103162965774536),(0.0758769836425781,0.21803108215332,0.00504400014877319),
(0.0758769836425781,0.21803108215332,0.00994400024414063),(0.0758794403076172,
0.216202270507812,0.00504400014877319),(0.0758794403076172,0.216202270507812,
0.00994400024414063),(0.0761532897949219,0.216807861328125,0.00504400014877319),
(0.0761532897949219,0.216807861328125,0.00994400024414063),(0.0761532897949219,
0.217422286987304,0.00504400014877319),(0.0761532897949219,0.217422286987304,
0.00994400024414063),(0.076184326171875,0.21711506652832,0.00504400014877319),
(0.076184326171875,0.21711506652832,0.00994400024414063),(0.0765329971313477,
0.122247459411621,0.00553399991989136),(0.0765329971313477,0.122247459411621,
0.0146879997253418),(0.0768324890136719,0.219808273315429,0.00171200001239776),
(0.0768324890136719,0.219808273315429,0.00504400014877319),(0.077224967956543,
0.120813812255859,0.00553399991989136),(0.077224967956543,0.120813812255859,
0.0146879997253418),(0.0773318786621094,0.103103164672852,0.00553399991989136),
(0.0773318786621094,0.103103164672852,0.0146879997253418),(0.0773318786621094,
0.119916229248047,0.00553399991989136),(0.0773318786621094,0.119916229248047,
0.0146879997253418),(0.0792305374145508,0.219808273315429,0.00171200001239776),
(0.0792305374145508,0.219808273315429,0.00504400014877319),(0.0797752838134766,
0.219706314086914,0.00171200001239776),(0.0797752838134766,0.219706314086914,
0.00504400014877319),(0.0803566665649414,0.21931315612793,0.00171200001239776),
(0.0803566665649414,0.21931315612793,0.00504400014877319),(0.0844938507080078,
0.214921875,0.00171200001239776),(0.0844938507080078,0.214921875,0.00504400014877319),
(0.0942810516357422,0.0735822906494141,0.00171200001239776),(0.0942810516357422,
0.0735822906494141,0.0146879997253418),(0.0942810516357422,0.103103164672852,
0.00553399991989136),(0.0942810516357422,0.103103164672852,0.0146879997253418),
(0.0942810516357422,0.139466796875,0.0146879997253418),(0.0942810516357422,
0.142378692626953,0.00553399991989136),(0.0942810516357422,0.142378692626953,
0.0121979999542236),(0.0942810516357422,0.187131698608399,0.00553399991989136),
(0.0942810516357422,0.187131698608399,0.0121979999542236),(0.0942810516357422,
0.189316345214844,0.0140661249160767),(0.0942810516357422,0.191000991821289,
0.00553399991989136),(0.0942810516357422,0.191000991821289,0.0126255578994751),
(0.0942810516357422,0.214921875,0.00553399991989136),(0.0942810516357422,
0.214921875,0.0126255578994751),(0.0942810516357422,0.217333755493164,0.0146879997253418),
(0.0946228485107422,0.191030014038086,0.00553399991989136),(0.0946228485107422,
0.214892837524414,0.00553399991989136),(0.0947285003662109,0.142445602416992,
0.00553399991989136),(0.0947285003662109,0.142445602416992,0.0121979999542236),
(0.0949770889282227,0.18696484375,0.00553399991989136),(0.0949770889282227,
0.18696484375,0.0121979999542236),(0.0950946960449219,0.073651351928711,
0.00171200001239776),(0.0950946960449219,0.073651351928711,0.0146879997253418),
(0.0951989212036133,0.214703125,0.0126306018829346),(0.0952116394042969,
0.191226181030274,0.0126307420730591),(0.0952960662841797,0.189316345214844,
0.0141909208297729),(0.0953435287475586,0.14280029296875,0.00553399991989136),
(0.0953435287475586,0.14280029296875,0.0121979999542236),(0.0953607711791992,
0.214921875,0.00171200001239776),(0.0953607711791992,0.214921875,0.00553399991989136),
(0.0955002517700195,0.186544250488281,0.00553399991989136),(0.0955002517700195,
0.186544250488281,0.0121979999542236),(0.0955026779174805,0.139652038574219,
0.0146879997253418),(0.0955026779174805,0.217148513793945,0.0146879997253418),
(0.0955147018432617,0.191415390014648,0.00553399991989136),(0.0955147018432617,
0.191415390014648,0.0126346282958984),(0.0955147018432617,0.214507476806641,
0.00553399991989136),(0.0955147018432617,0.214507476806641,0.0126346282958984),
(0.0957380218505859,0.143347015380859,0.00553399991989136),(0.0957380218505859,
0.143347015380859,0.0121979999542236),(0.0957499313354492,0.186136779785156,
0.00553399991989136),(0.0957499313354492,0.186136779785156,0.0121979999542236),
(0.0957854385375977,0.191656585693359,0.0126389808654785),(0.0957854385375977,
0.21426626586914,0.0126389808654785),(0.095900634765625,0.144097763061523,
0.00553399991989136),(0.095900634765625,0.144097763061523,0.0121979999542236),
(0.095900634765625,0.185412628173828,0.00553399991989136),(0.095900634765625,
0.185412628173828,0.0121979999542236),(0.0960307083129883,0.214766616821289,
0.00171200001239776),(0.0960307083129883,0.214766616821289,0.00553399991989136),
(0.0961834945678711,0.192241409301758,0.00553399991989136),(0.0961834945678711,
0.213681442260742,0.00553399991989136),(0.0961972503662109,0.192271301269531,
0.0126471357345581),(0.096197868347168,0.213650177001953,0.0126471490859985),
(0.096400634765625,0.193220062255859,0.00553399991989136),(0.096400634765625,
0.193220062255859,0.012651819229126),(0.096400634765625,0.21270280456543,
0.00553399991989136),(0.096400634765625,0.21270280456543,0.012651819229126),
(0.0964037017822266,0.102612266540527,0.00553399991989136),(0.0964037017822266,
0.102612266540527,0.0146879997253418),(0.0965850143432617,0.214316345214844,
0.00171200001239776),(0.0965850143432617,0.214316345214844,0.00553399991989136),
(0.0966282196044922,0.189316345214844,0.0146879997253418),(0.096892578125,
0.213678329467774,0.00171200001239776),(0.096892578125,0.213678329467774,
0.00553399991989136),(0.0968988265991211,0.140392990112305,0.0146879997253418),
(0.0968988265991211,0.216407562255859,0.0146879997253418),(0.0969404983520508,
0.102307075500488,0.00171200001239776),(0.0969404983520508,0.102307075500488,
0.00553399991989136),(0.0969404983520508,0.144792541503906,0.00171200001239776),
(0.0969404983520508,0.213275817871094,0.00171200001239776),(0.0969404983520508,
0.213275817871094,0.00553399991989136),(0.0971934356689453,0.0745557250976563,
0.00171200001239776),(0.0971934356689453,0.0745557250976563,0.0146879997253418),
(0.0977714233398437,0.188191192626953,0.0146879997253418),(0.0977714233398437,
0.190441482543945,0.0146879997253418),(0.0981254653930664,0.101216590881348,
0.00171200001239776),(0.0981254653930664,0.101216590881348,0.0146879997253418),
(0.098130729675293,0.141918487548828,0.0146879997253418),(0.098130729675293,
0.214882080078125,0.0146879997253418),(0.0984694976806641,0.186709304809571,
0.0146879997253418),(0.0984694976806641,0.191923385620117,0.0146879997253418),
(0.0986440277099609,0.144097763061523,0.0146879997253418),(0.0986440277099609,
0.185412628173828,0.0146879997253418),(0.0986440277099609,0.193220062255859,
0.0146879997253418),(0.0986440277099609,0.21270280456543,0.0146879997253418),
(0.098718391418457,0.0764334716796875,0.00171200001239776),(0.098718391418457,
0.0764334716796875,0.0146879997253418),(0.0990572967529297,0.0992872848510742,
0.00171200001239776),(0.0990572967529297,0.0992872848510742,0.0146879997253418),
(0.0991398086547852,0.0645678939819336,0.00171200001239776),(0.0991398086547852,
0.0645678939819336,0.0119530000686645),(0.0991398086547852,0.0646204833984375,
0.0124763431549072),(0.0991398086547852,0.064709358215332,0.0128044452667236),
(0.0991398086547852,0.0649173278808594,0.0132656135559082),(0.0991398086547852,
0.0651667022705078,0.0136303453445435),(0.0991398086547852,0.066178596496582,
0.0144145841598511),(0.0991398086547852,0.0674274291992188,0.0146879997253418),
(0.0991398086547852,0.222157669067383,0.0146879997253418),(0.0991398086547852,
0.223406494140625,0.0144145841598511),(0.0991398086547852,0.224348892211914,
0.0137127752304077),(0.0991398086547852,0.224418380737304,0.0136303453445435),
(0.0991398086547852,0.224875732421875,0.0128044452667236),(0.0991398086547852,
0.224964599609375,0.0124763431549072),(0.0991398086547852,0.225017196655274,
0.00171200001239776),(0.0991398086547852,0.225017196655274,0.0119530000686645),
(0.0992006378173828,0.0786013565063477,0.00171200001239776),(0.0992006378173828,
0.0786013565063477,0.0146879997253418),(0.0992006378173828,0.098084098815918,
0.00171200001239776),(0.0992006378173828,0.098084098815918,0.0146879997253418),
(0.0994332580566406,0.0674517593383789,0.0146879997253418),(0.0999060821533203,
0.224952133178711,0.00171200001239776),(0.0999060821533203,0.224952133178711,
0.0119530000686645),(0.0999363403320312,0.221970748901367,0.0146879997253418),
(0.100156387329102,0.224216613769532,0.013709924697876),(0.100170837402344,
0.067752311706543,0.0146879997253418),(0.100289161682129,0.064860969543457,
0.0128022384643555),(0.100289161682129,0.22472412109375,0.0128022384643555),
(0.100316818237305,0.0647554397583008,0.0123588819503784),(0.100324806213379,
0.224860107421875,0.0119530000686645),(0.100588470458984,0.221439712524414,
0.0146879997253418),(0.100621856689453,0.0665759811401367,0.014416844367981),
(0.100621856689453,0.223009109497071,0.014416844367981),(0.100781555175781,
0.0684401626586914,0.0146879997253418),(0.100968414306641,0.2206572265625,
0.0146879997253418),(0.101029327392578,0.0694330062866211,0.0146879997253418),
(0.101029327392578,0.220152084350586,0.0146879997253418),(0.10107901763916,
0.0657403259277344,0.013702446937561),(0.10107901763916,0.223844757080078,
0.013702446937561),(0.101186080932617,0.0650529861450195,0.00171200001239776),
(0.101186080932617,0.0650529861450195,0.0119530000686645),(0.101230354309082,
0.0654645538330078,0.0132552967071533),(0.101328674316406,0.0652856674194336,
0.0127964859008789),(0.101328674316406,0.224299423217773,0.0127964859008789),
(0.101380416870117,0.0651916046142578,0.012355884552002),(0.101656112670898,
0.0674924697875977,0.0144086580276489),(0.101656112670898,0.222092620849609,
0.0144086580276489),(0.101841735839844,0.223296951293946,0.0136928339004517),
(0.101895370483398,0.224093612670899,0.00171200001239776),(0.101895370483398,
0.224093612670899,0.0119530000686645),(0.102156845092773,0.0685281143188477,
0.0144032115936279),(0.102156845092773,0.221056976318359,0.0144032115936279),
(0.102183258056641,0.223677261352539,0.012789174079895),(0.102273834228516,
0.223777954101563,0.0119530000686645),(0.10228182220459,0.0694330062866211,
0.014401704788208),(0.10228182220459,0.220152084350586,0.014401704788208),
(0.102418190002441,0.0669348907470703,0.013683572769165),(0.102418190002441,
0.222650192260742,0.013683572769165),(0.102665962219238,0.0667540893554688,
0.0132366466522217),(0.102813087463379,0.066397834777832,0.00171200001239776),
(0.102813087463379,0.066397834777832,0.0119530000686645),(0.102825340270996,
0.0666379165649414,0.0127822151184082),(0.102825340270996,0.222947174072265,
0.0127822151184082),(0.102908683776855,0.0665772323608398,0.0123484773635864),
(0.103059631347656,0.068271125793457,0.0136713247299194),(0.103059631347656,
0.22131396484375,0.0136713247299194),(0.103218910217285,0.0694330062866211,
0.0136679763793945),(0.103218910217285,0.220152084350586,0.0136679763793945),
(0.103366752624512,0.222278671264649,0.00171200001239776),(0.103366752624512,
0.222278671264649,0.0119530000686645),(0.103535331726074,0.0681360855102539,
0.0127731351852417),(0.103535331726074,0.221449005126953,0.0127731351852417),
(0.103659660339355,0.221484252929687,0.0119530000686645),(0.103698829650879,
0.0682526550292969,0.00171200001239776),(0.103698829650879,0.0682526550292969,
0.0119530000686645),(0.103766670227051,0.0694330062866211,0.0125706100463867),
(0.103766670227051,0.220152084350586,0.0125706100463867),(0.103839118957519,
0.0694330062866211,0.00171200001239776),(0.103839118957519,0.0694330062866211,
0.0119530000686645),(0.103839118957519,0.0711520690917969,0.00171200001239776),
(0.103839118957519,0.144792541503906,0.00171200001239776),(0.103839118957519,
0.220152084350586,0.00171200001239776),(0.103839118957519,0.220152084350586,
0.0119530000686645)));
#83=COORDINATES_LIST('',68,((-0.139302093505859,-0.0763665237426758,-0.00669999980926514),
(-0.139302093505859,-0.0763665237426758,-0.00540000009536743),(-0.139302093505859,
-0.0363665161132813,-0.00669999980926514),(-0.139302093505859,-0.0363665161132813,
-0.00540000009536743),(-0.138921493530273,-0.0782799301147461,-0.00669999980926514),
(-0.138921493530273,-0.0782799301147461,-0.00540000009536743),(-0.138921493530273,
-0.0344530982971192,-0.00669999980926514),(-0.138921493530273,-0.0344530982971192,
-0.00540000009536743),(-0.137837631225586,-0.0799020538330078,-0.00669999980926514),
(-0.137837631225586,-0.0799020538330078,-0.00540000009536743),(-0.137837631225586,
-0.0328309822082519,-0.00669999980926514),(-0.137837631225586,-0.0328309822082519,
-0.00540000009536743),(-0.136215515136719,-0.0809859237670899,-0.00669999980926514),
(-0.136215515136719,-0.0809859237670899,-0.00540000009536743),(-0.136215515136719,
-0.0317471179962159,-0.00669999980926514),(-0.136215515136719,-0.0317471179962159,
-0.00540000009536743),(-0.134302093505859,-0.0813665237426758,-0.00669999980926514),
(-0.134302093505859,-0.0813665237426758,-0.00540000009536743),(-0.134302093505859,
-0.0313665161132812,-0.00669999980926514),(-0.134302093505859,-0.0313665161132812,
-0.00540000009536743),(-0.116741691589355,-0.0660669937133789,-0.00669999980926514),
(-0.116741691589355,-0.0660669937133789,-0.00540000009536743),(-0.116695198059082,
-0.0664499053955078,-0.00669999980926514),(-0.116695198059082,-0.0664499053955078,
-0.00540000009536743),(-0.116695198059082,-0.0656840896606445,-0.00669999980926514),
(-0.116695198059082,-0.0656840896606445,-0.00540000009536743),(-0.116339309692383,
-0.0671279907226563,-0.00669999980926514),(-0.116339309692383,-0.0671279907226563,
-0.00540000009536743),(-0.116339309692383,-0.0650060043334961,-0.00669999980926514),
(-0.116339309692383,-0.0650060043334961,-0.00540000009536743),(-0.115709060668945,
-0.0675630264282227,-0.00669999980926514),(-0.115709060668945,-0.0675630264282227,
-0.00540000009536743),(-0.115709060668945,-0.0645709686279297,-0.00669999980926514),
(-0.115709060668945,-0.0645709686279297,-0.00540000009536743),(-0.114948829650879,
-0.0676553344726563,-0.00669999980926514),(-0.114948829650879,-0.0676553344726563,
-0.00540000009536743),(-0.114948829650879,-0.0644786605834961,-0.00669999980926514),
(-0.114948829650879,-0.0644786605834961,-0.00540000009536743),(-0.114232795715332,
-0.0673837738037109,-0.00669999980926514),(-0.114232795715332,-0.0673837738037109,
-0.00540000009536743),(-0.114232795715332,-0.0647502212524414,-0.00669999980926514),
(-0.114232795715332,-0.0647502212524414,-0.00540000009536743),(-0.113724960327148,
-0.0668105545043945,-0.00669999980926514),(-0.113724960327148,-0.0668105545043945,
-0.00540000009536743),(-0.113724960327148,-0.0653234405517578,-0.00669999980926514),
(-0.113724960327148,-0.0653234405517578,-0.00540000009536743),(-0.113541687011719,
-0.0660669937133789,-0.00669999980926514),(-0.113541687011719,-0.0660669937133789,
-0.00540000009536743),(-0.0943021011352539,-0.0813665237426758,-0.00669999980926514),
(-0.0943021011352539,-0.0813665237426758,-0.00540000009536743),(-0.0943021011352539,
-0.0313665161132812,-0.00669999980926514),(-0.0943021011352539,-0.0313665161132812,
-0.00540000009536743),(-0.0923886795043945,-0.0809859237670899,-0.00669999980926514),
(-0.0923886795043945,-0.0809859237670899,-0.00540000009536743),(-0.0923886795043945,
-0.0317471179962159,-0.00669999980926514),(-0.0923886795043945,-0.0317471179962159,
-0.00540000009536743),(-0.0907665634155273,-0.0799020538330078,-0.00669999980926514),
(-0.0907665634155273,-0.0799020538330078,-0.00540000009536743),(-0.0907665634155273,
-0.0328309822082519,-0.00669999980926514),(-0.0907665634155273,-0.0328309822082519,
-0.00540000009536743),(-0.0896827011108398,-0.0782799301147461,-0.00669999980926514),
(-0.0896827011108398,-0.0782799301147461,-0.00540000009536743),(-0.0896827011108398,
-0.0344530982971192,-0.00669999980926514),(-0.0896827011108398,-0.0344530982971192,
-0.00540000009536743),(-0.0893021011352539,-0.0763665237426758,-0.00669999980926514),
(-0.0893021011352539,-0.0763665237426758,-0.00540000009536743),(-0.0893021011352539,
-0.0363665161132813,-0.00669999980926514),(-0.0893021011352539,-0.0363665161132813,
-0.00540000009536743)));
#84=COORDINATES_LIST('',14,((-0.267942077636719,-0.0147764205932617,-0.0208282413482666),
(-0.26657780994717,-0.0138202591766223,-0.0209416598165007),(-0.266577809946265,
-0.013820259192067,-0.0209416599358272),(-0.266158493263405,-0.0135263766719185,
-0.0209765198876118),(-0.266158493263023,-0.0135263766784331,-0.0209765199379439),
(-0.266113498918239,-0.0134948417115991,-0.0209802590235703),(-0.266113498907053,
-0.0134948419026672,-0.0209802604997962),(-0.266091509940843,-0.0134794307037583,
-0.0209820885556147),(-0.266091509935737,-0.0134794307909299,-0.0209820892291009),
(-0.266080649911043,-0.013471819268171,-0.0209829908928546),(-0.266080649907153,
-0.013471819334595,-0.0209829914060527),(-0.26607827758789,-0.0134701566696167,
-0.0209831886291504),(-0.266078274195197,-0.0134701621620248,-0.0209831876935501),
(-0.262954559326172,-0.011955885887146,-0.0211555099487305)));
#85=COORDINATES_LIST('',1243,((-0.294108337402344,-0.122622764587402,-0.00690000009536743),
(-0.294108337402344,-0.122622764587402,0.00160000002384186),(-0.294108337402344,
0.0315897331237793,-0.00690000009536743),(-0.294108337402344,0.0315897331237793,
0.00160000002384186),(-0.294070281982422,-0.122622764587402,-0.00709134101867676),
(-0.294070281982422,0.0315897331237793,-0.00709134101867676),(-0.2939619140625,
-0.122622764587402,-0.00725355291366577),(-0.2939619140625,0.0315897331237793,
-0.00725355291366577),(-0.293918060302734,-0.123579475402832,-0.00690000009536743),
(-0.293918060302734,-0.123579475402832,0.00160000002384186),(-0.293918060302734,
0.032546443939209,-0.00690000009536743),(-0.293918060302734,0.032546443939209,
0.00160000002384186),(-0.293882873535156,-0.123564910888672,-0.00709134101867676),
(-0.293882873535156,0.0325318756103516,-0.00709134101867676),(-0.293799682617188,
-0.122622764587402,-0.00736193990707398),(-0.293799682617188,0.0315897331237793,
-0.00736193990707398),(-0.293782745361328,-0.123523429870605,-0.00725355291366577),
(-0.293782745361328,0.0324903984069825,-0.00725355291366577),(-0.293632873535156,
-0.123461357116699,-0.00736193990707398),(-0.293632873535156,0.0324283256530761,
-0.00736193990707398),(-0.293608337402344,-0.122622764587402,-0.00740000009536743),
(-0.293608337402344,0.0315897331237793,-0.00740000009536743),(-0.293456115722657,
-0.123388130187988,-0.00740000009536743),(-0.293456115722657,0.0323550987243653,
-0.00740000009536743),(-0.29337612915039,-0.124390533447266,-0.00690000009536743),
(-0.29337612915039,-0.124390533447266,0.00160000002384186),(-0.29337612915039,
0.0333575019836426,-0.00690000009536743),(-0.29337612915039,0.0333575019836426,
0.00160000002384186),(-0.293349212646485,-0.124363616943359,-0.00709134101867676),
(-0.293349212646485,0.0333305892944336,-0.00709134101867676),(-0.293272552490235,
-0.124286979675293,-0.00725355291366577),(-0.293272552490235,0.03325394821167,
-0.00725355291366577),(-0.293157867431641,-0.12417227935791,-0.00736193990707398),
(-0.293157867431641,0.0331392478942871,-0.00736193990707398),(-0.293022552490235,
-0.124036979675293,-0.00740000009536743),(-0.293022552490235,0.03300394821167,
-0.00740000009536743),(-0.292565063476563,-0.124932464599609,-0.00690000009536743),
(-0.292565063476563,-0.124932464599609,0.00160000002384186),(-0.292565063476563,
0.0338994331359864,-0.00690000009536743),(-0.292565063476563,0.0338994331359864,
0.00160000002384186),(-0.292550506591797,-0.124897300720215,-0.00709134101867676),
(-0.292550506591797,0.0338642692565918,-0.00709134101867676),(-0.292509002685547,
-0.124797164916992,-0.00725355291366577),(-0.292509002685547,0.0337641334533691,
-0.00725355291366577),(-0.292446929931641,-0.124647300720215,-0.00736193990707398),
(-0.292446929931641,0.0336142692565918,-0.00736193990707398),(-0.292373718261719,
-0.124470527648926,-0.00740000009536743),(-0.292373718261719,0.0334374923706055,
-0.00740000009536743),(-0.291608337402344,-0.125122764587402,-0.00690000009536743),
(-0.291608337402344,-0.125122764587402,0.00160000002384186),(-0.291608337402344,
-0.12508470916748,-0.00709134101867676),(-0.291608337402344,-0.124976318359375,
-0.00725355291366577),(-0.291608337402344,-0.124814109802246,-0.00736193990707398),
(-0.291608337402344,-0.124622764587402,-0.00740000009536743),(-0.291608337402344,
0.0335897331237793,-0.00740000009536743),(-0.291608337402344,0.0337810745239258,
-0.00736193990707398),(-0.291608337402344,0.0339432868957519,-0.00725355291366577),
(-0.291608337402344,0.0340516738891602,-0.00709134101867676),(-0.291608337402344,
0.0340897331237793,-0.00690000009536743),(-0.291608337402344,0.0340897331237793,
0.00160000002384186),(-0.289108337402344,-0.114622764587402,-0.00540000009536743),
(-0.289108337402344,-0.114622764587402,0.00160000002384186),(-0.289108337402344,
-0.0943542785644531,-0.00540000009536743),(-0.289108337402344,-0.0797492370605469,
-0.00540000009536743),(-0.289108337402344,-0.0662940292358399,-0.00540000009536743),
(-0.289108337402344,-0.0432342681884766,-0.00540000009536743),(-0.289108337402344,
-0.0280792350769043,-0.00540000009536743),(-0.289108337402344,-0.0122507476806641,
-0.00540000009536743),(-0.289108337402344,0.00738973379135132,-0.00540000009536743),
(-0.289108337402344,0.00894388771057129,-0.00540000009536743),(-0.289108337402344,
0.0190813484191895,-0.00540000009536743),(-0.289108337402344,0.0234897327423096,
-0.00540000009536743),(-0.289108337402344,0.0234897327423096,0.00160000002384186),
(-0.288956115722657,-0.115388130187988,-0.00540000009536743),(-0.288956115722657,
-0.115388130187988,0.00160000002384186),(-0.288956115722657,0.0242551002502441,
-0.00540000009536743),(-0.288956115722657,0.0242551002502441,0.00160000002384186),
(-0.288522552490235,-0.116036979675293,-0.00540000009536743),(-0.288522552490235,
-0.116036979675293,0.00160000002384186),(-0.288522552490235,0.0249039478302002,
-0.00540000009536743),(-0.288522552490235,0.0249039478302002,0.00160000002384186),
(-0.287873718261719,-0.116470527648926,-0.00540000009536743),(-0.287873718261719,
-0.116470527648926,0.00160000002384186),(-0.287873718261719,0.0253374919891357,
-0.00540000009536743),(-0.287873718261719,0.0253374919891357,0.00160000002384186),
(-0.287108337402344,-0.116622764587402,-0.00540000009536743),(-0.287108337402344,
-0.116622764587402,0.00160000002384186),(-0.287108337402344,0.0254897327423096,
-0.00540000009536743),(-0.287108337402344,0.0254897327423096,0.00160000002384186),
(-0.286274139404297,-0.108929496765137,-0.00559999990463257),(-0.286274139404297,
-0.108929496765137,-0.00540000009536743),(-0.28622802734375,-0.10930940246582,
-0.00559999990463257),(-0.28622802734375,-0.10930940246582,-0.00540000009536743),
(-0.28622802734375,-0.108549591064453,-0.00559999990463257),(-0.28622802734375,
-0.108549591064453,-0.00540000009536743),(-0.286108337402344,-0.123899475097656,
-0.00740000009536743),(-0.286108337402344,-0.0142879362106323,-0.00740000009536743),
(-0.28610122680664,-0.124283973693848,-0.00740000009536743),(-0.286080017089844,
-0.124602821350098,-0.00740000009536743),(-0.286077423095703,-0.124622764587402,
-0.0073999981880188),(-0.286070770263672,-0.124662353515625,-0.00739840793609619),
(-0.286047790527344,-0.124795829772949,-0.00736884498596191),(-0.286030426025391,
-0.124883087158203,-0.00732629108428955),(-0.286029846191406,-0.124611885070801,
-0.00742366218566895),(-0.28600747680664,-0.12497582244873,-0.00725280284881592),
(-0.285990844726562,-0.124894134521484,-0.00733421516418457),(-0.28598226928711,
-0.125048851013184,-0.00715968084335327),(-0.285971923828125,-0.124766235351562,
-0.00740959405899048),(-0.285963134765625,-0.124622718811035,-0.00744517707824707),
(-0.285960418701172,-0.125085403442383,-0.00708892679214478),(-0.285959167480469,
-0.125091438293457,-0.00707199716567993),(-0.285946533203125,-0.125050537109375,
-0.00717103004455566),(-0.285923797607422,-0.124944328308105,-0.00731148815155029),
(-0.285920196533203,-0.125120597839355,-0.00694575023651123),(-0.285908416748047,
-0.12479955291748,-0.00740932083129883),(-0.285901245117188,-0.125122764587402,
-0.00690000009536743),(-0.28588784790039,-0.125122764587402,-0.00691340112686157),
(-0.28588394165039,-0.125121017456055,-0.00695638084411621),(-0.285878845214844,
-0.125113525390625,-0.00701240110397339),(-0.285874908447265,-0.109982177734375,
-0.00559999990463257),(-0.285874908447265,-0.109982177734375,-0.00540000009536743),
(-0.285874908447265,-0.107876815795898,-0.00559999990463257),(-0.285874908447265,
-0.107876815795898,-0.00540000009536743),(-0.285871887207031,-0.125093383789062,
-0.00708934020996094),(-0.285862365722656,-0.125045722961426,-0.00719348001480103),
(-0.285854705810547,-0.124984619140625,-0.00727777719497681),(-0.285846008300781,
-0.124873237609863,-0.0073735499382019),(-0.285838226318359,-0.124639793395996,
-0.00745930099487305),(-0.285249603271485,-0.110413803100586,-0.00559999990463257),
(-0.285249603271485,-0.110413803100586,-0.00540000009536743),(-0.285249603271485,
-0.107445198059082,-0.00559999990463257),(-0.285249603271485,-0.107445198059082,
-0.00540000009536743),(-0.284686676025391,-0.108929496765137,-0.00559999990463257),
(-0.284495330810547,-0.110505386352539,-0.00559999990463257),(-0.284495330810547,
-0.110505386352539,-0.00540000009536743),(-0.284495330810547,-0.107353607177734,
-0.00559999990463257),(-0.284495330810547,-0.107353607177734,-0.00540000009536743),
(-0.284198822021484,-0.00531630992889404,-0.00740000009536743),(-0.283784942626953,
-0.110235954284668,-0.00559999990463257),(-0.283784942626953,-0.110235954284668,
-0.00540000009536743),(-0.283784942626953,-0.107623039245605,-0.00559999990463257),
(-0.283784942626953,-0.107623039245605,-0.00540000009536743),(-0.283511962890625,
-0.119731864929199,-0.00806191921234131),(-0.283511962890625,-0.118318344116211,
-0.00823547744750977),(-0.283316986083984,-0.11966332244873,-0.00786883401870728),
(-0.283316986083984,-0.119626754760742,-0.00757107019424439),(-0.283316986083984,
-0.11833814239502,-0.00803154373168945),(-0.283316986083984,-0.118301582336426,
-0.00773378086090088),(-0.283281066894532,-0.10966722869873,-0.00559999990463257),
(-0.283281066894532,-0.10966722869873,-0.00540000009536743),(-0.283281066894532,
-0.108191764831543,-0.00559999990463257),(-0.283281066894532,-0.108191764831543,
-0.00540000009536743),(-0.283099243164062,-0.108929496765137,-0.00559999990463257),
(-0.283099243164062,-0.108929496765137,-0.00540000009536743),(-0.28289404296875,
-0.121005401611328,-0.00790554904937744),(-0.28289404296875,-0.117044807434082,
-0.00839184856414795),(-0.282737701416016,-0.120857261657715,-0.00772223615646362),
(-0.282737701416016,-0.120820701599121,-0.00742447280883789),(-0.282737701416016,
-0.117144203186035,-0.00817814159393311),(-0.282737701416016,-0.117107643127441,
-0.00788037776947021),(-0.28178060913086,-0.12188671875,-0.0077973370552063),
(-0.28178060913086,-0.116163497924805,-0.00850006008148193),(-0.28169384765625,
-0.121683494567871,-0.00762078809738159),(-0.28169384765625,-0.121646926879883,
-0.00732302379608154),(-0.28169384765625,-0.116317970275879,-0.00827958965301514),
(-0.28169384765625,-0.116281410217285,-0.00798182678222656),(-0.280392181396485,
-0.12220125579834,-0.0077587161064148),(-0.280392181396485,-0.121978370666504,
-0.00758458089828491),(-0.280392181396485,-0.12194181060791,-0.00728681707382202),
(-0.280392181396485,-0.116023094177246,-0.00831579780578613),(-0.280392181396485,
-0.115986534118652,-0.00801803398132324),(-0.280392181396485,-0.115848960876465,
-0.00853868007659912),(-0.279841369628906,-1.73870008438825E-5,-0.00740000009536743),
(-0.274121520996094,-0.0262747459411621,-0.0193868083953858),(-0.27395962524414,
-0.0263077735900879,-0.0194938907623291),(-0.273776977539062,-0.0243333663940429,
-0.0196354770660401),(-0.273767974853516,-0.0263356800079345,-0.0195295295715332),
(-0.273619079589844,-0.0253280410766601,-0.0196532516479492),(-0.27344058227539,
-0.0244237861633301,-0.0197642765045166),(-0.273300598144532,0.00289217901229858,
-0.00740000009536743),(-0.27230419921875,-0.116622764587402,-0.00540000009536743),
(-0.27230419921875,-0.0943542785644531,-0.00540000009536743),(-0.27230419921875,
-0.0797492370605469,-0.00540000009536743),(-0.27230419921875,-0.0662940292358399,
-0.00540000009536743),(-0.27230419921875,-0.0432342681884766,-0.00540000009536743),
(-0.27230419921875,-0.0280792350769043,-0.00540000009536743),(-0.27230419921875,
-0.0122507476806641,-0.00540000009536743),(-0.27230419921875,0.00738973379135132,
-0.00540000009536743),(-0.27230419921875,0.00894388771057129,-0.00540000009536743),
(-0.27230419921875,0.0190813484191895,-0.00540000009536743),(-0.27230419921875,
0.0254897327423096,-0.00540000009536743),(-0.271462280273437,-0.018714075088501,
-0.0203452587127686),(-0.271432342529297,-0.0189598426818847,-0.0204032764434815),
(-0.271288818359375,-0.0190514183044433,-0.020423885345459),(-0.271078369140625,
-0.0183759021759033,-0.0204671878814698),(-0.270986114501953,-0.0182324504852295,
-0.020482723236084),(-0.270939453125,-0.018161111831665,-0.0204904251098633),
(-0.27093359375,-0.0181522121429443,-0.0204913845062256),(-0.270927703857422,
-0.0181433162689209,-0.0204923439025879),(-0.270915954589844,-0.0181255397796631,
-0.0204942588806153),(-0.270892395019531,-0.018090030670166,-0.0204980812072754),
(-0.27073843383789,-0.0182210502624512,-0.0205258522033691),(-0.270700439453125,
-0.0178083152770996,-0.0205282516479492),(-0.269873565673828,-0.0167243671417237,
-0.020641414642334),(-0.2684306640625,0.00338973307609558,-0.00740000009536743),
(-0.267942077636719,-0.0147764205932617,-0.0208282413482666),(-0.266811065673828,
-0.0139402828216553,-0.0209278926849366),(-0.266577809946808,-0.0138202591828002,
-0.0209416598642313),(-0.266215362548828,-0.0135542526245117,-0.0209733428955078),
(-0.266158493263176,-0.0135263766758273,-0.0209765199178111),(-0.266139526367188,
-0.0135075216293335,-0.0209788150787353),(-0.266113498913765,-0.0134948417880264,
-0.0209802596140607),(-0.266101501464844,-0.0134842834472656,-0.0209815368652344),
(-0.26609150993778,-0.0134794307560612,-0.0209820889597064),(-0.266082458496094,
-0.0134726963043213,-0.0209828910827637),(-0.266080649909098,-0.013471819301383,
-0.0209829911494537),(-0.266078275891543,-0.0134701594158207,-0.0209831881613502),
(-0.266072906494141,-0.013466911315918,-0.0209835681915283),(-0.266063385009766,
-0.0134611310958862,-0.0209842433929444),(-0.265910186767578,-0.0133693723678589,
-0.0209949588775635),(-0.265600219726563,-0.0131899614334106,-0.0210158290863037),
(-0.265075042724609,-0.0132936096191406,-0.0211308841705323),(-0.263153533935547,
-0.0215005912780761,-0.0201232032775879),(-0.263153533935547,-0.0200870723724365,
-0.0202967605590821),(-0.262958557128906,-0.0214320430755615,-0.019930118560791),
(-0.262958557128906,-0.0213954849243164,-0.0196323547363281),(-0.262958557128906,
-0.0201068706512451,-0.0200928287506103),(-0.262958557128906,-0.0200703105926514,
-0.0197950649261475),(-0.262954559326172,-0.011955885887146,-0.0211555099487305),
(-0.262834167480469,-0.0122924175262451,-0.0212538185119629),(-0.262535614013672,
-0.0227741279602051,-0.019966833114624),(-0.262535614013672,-0.0188135356903076,
-0.0204531326293946),(-0.262379272460938,-0.0226259860992431,-0.0197835197448731),
(-0.262379272460938,-0.0225894241333008,-0.0194857559204102),(-0.262379272460938,
-0.0189129314422607,-0.0202394256591797),(-0.262379272460938,-0.0188763694763183,
-0.0199416618347168),(-0.261509155273437,0.0110855026245117,-0.00559999990463257),
(-0.261509155273437,0.0110855026245117,-0.00540000009536743),(-0.261463012695312,
0.0107055978775024,-0.00559999990463257),(-0.261463012695312,0.0107055978775024,
-0.00540000009536743),(-0.261463012695312,0.0114654064178467,-0.00559999990463257),
(-0.261463012695312,0.0114654064178467,-0.00540000009536743),(-0.261422180175782,
-0.0236554431915283,-0.0198586215972901),(-0.261422180175782,-0.017932222366333,
-0.0205613441467285),(-0.261335418701172,-0.0234522171020508,-0.019682071685791),
(-0.261335418701172,-0.0234156589508057,-0.0193843078613282),(-0.261335418701172,
-0.0180866985321045,-0.0203408737182617),(-0.261335418701172,-0.0180501384735108,
-0.0200431098937989),(-0.261109924316407,0.0100328207015991,-0.00559999990463257),
(-0.261109924316407,0.0100328207015991,-0.00540000009536743),(-0.261109924316407,
0.01213818359375,-0.00559999990463257),(-0.261109924316407,0.01213818359375,
-0.00540000009536743),(-0.260484619140625,0.00960120105743408,-0.00559999990463257),
(-0.260484619140625,0.00960120105743408,-0.00540000009536743),(-0.260484619140625,
0.0125698041915894,-0.00559999990463257),(-0.260484619140625,0.0125698041915894,
-0.00540000009536743),(-0.260033752441407,-0.0239699802398682,-0.0198199996948242),
(-0.260033752441407,-0.0237470989227295,-0.0196458644866944),(-0.260033752441407,
-0.0237105350494385,-0.0193481006622315),(-0.260033752441407,-0.0177918205261231,
-0.0203770809173584),(-0.260033752441407,-0.0177552585601807,-0.0200793170928955),
(-0.260033752441407,-0.0176176853179932,-0.0205999641418457),(-0.259921691894532,
0.0110855026245117,-0.00559999990463257),(-0.259730346679687,0.00950961589813232,
-0.00559999990463257),(-0.259730346679687,0.00950961589813232,-0.00540000009536743),
(-0.259730346679687,0.0126613893508911,-0.00559999990463257),(-0.259730346679687,
0.0126613893508911,-0.00540000009536743),(-0.259019897460938,0.00977904796600342,
-0.00559999990463257),(-0.259019897460938,0.00977904796600342,-0.00540000009536743),
(-0.259019897460938,0.01239195728302,-0.00559999990463257),(-0.259019897460938,
0.01239195728302,-0.00540000009536743),(-0.258926727294922,-0.0110532598495483,
-0.0213623085021972),(-0.258516052246094,0.0103477725982666,-0.00559999990463257),
(-0.258516052246094,0.0103477725982666,-0.00540000009536743),(-0.258516052246094,
0.0118232326507568,-0.00559999990463257),(-0.258516052246094,0.0118232326507568,
-0.00540000009536743),(-0.258334228515625,0.0110855026245117,-0.00559999990463257),
(-0.258334228515625,0.0110855026245117,-0.00540000009536743),(-0.258179656982422,
-0.0107537298202515,-0.0212749137878418),(-0.254549346923828,-0.0109060802459717,
-0.0214240455627441),(-0.254549346923828,-0.0106823616027832,-0.0214005317687989),
(-0.254549346923828,-0.0104915924072266,-0.0212813262939453),(-0.24809408569336,
-0.116622764587402,-0.00540000009536743),(-0.24809408569336,-0.116622764587402,
0.00160000002384186),(-0.244392196655274,-0.12220125579834,-0.0077587161064148),
(-0.244392196655274,-0.121978370666504,-0.00758458089828491),(-0.244392196655274,
-0.12194181060791,-0.00728681707382202),(-0.244392196655274,-0.116023094177246,
-0.00831579780578613),(-0.244392196655274,-0.115986534118652,-0.00801803398132324),
(-0.244392196655274,-0.115848960876465,-0.00853868007659912),(-0.243090545654297,
-0.121683494567871,-0.00762078809738159),(-0.243090545654297,-0.121646926879883,
-0.00732302379608154),(-0.243090545654297,-0.116317970275879,-0.00827958965301514),
(-0.243090545654297,-0.116281410217285,-0.00798182678222656),(-0.243003768920899,
-0.12188671875,-0.0077973370552063),(-0.243003768920899,-0.116163497924805,
-0.00850006008148193),(-0.242046691894532,-0.120857261657715,-0.00772223615646362),
(-0.242046691894532,-0.120820701599121,-0.00742447280883789),(-0.242046691894532,
-0.117144203186035,-0.00817814159393311),(-0.242046691894532,-0.117107643127441,
-0.00788037776947021),(-0.241890335083008,-0.121005401611328,-0.00790554904937744),
(-0.241890335083008,-0.117044807434082,-0.00839184856414795),(-0.241467407226562,
-0.11966332244873,-0.00786883401870728),(-0.241467407226562,-0.119626754760742,
-0.00757107019424439),(-0.241467407226562,-0.11833814239502,-0.00803154373168945),
(-0.241467407226562,-0.118301582336426,-0.00773378086090088),(-0.241272430419922,
-0.119731864929199,-0.00806191921234131),(-0.241272430419922,-0.118318344116211,
-0.00823547744750977),(-0.234318161010742,-0.116622764587402,-0.00540000009536743),
(-0.234318161010742,-0.0943542785644531,-0.00540000009536743),(-0.234318161010742,
-0.0797492370605469,-0.00540000009536743),(-0.234318161010742,-0.0662940292358399,
-0.00540000009536743),(-0.234318161010742,-0.0432342681884766,-0.00540000009536743),
(-0.234318161010742,-0.0280792350769043,-0.00540000009536743),(-0.234318161010742,
-0.0122507476806641,-0.00540000009536743),(-0.234318161010742,0.00738973379135132,
-0.00540000009536743),(-0.234318161010742,0.00894388771057129,-0.00540000009536743),
(-0.234318161010742,0.0190813484191895,-0.00540000009536743),(-0.234318161010742,
0.0254897327423096,-0.00540000009536743),(-0.230065277099609,-0.125122764587402,
-0.00691340112686157),(-0.230065277099609,-0.125093811035156,-0.00708951091766358),
(-0.230065277099609,-0.12498469543457,-0.00727784204483032),(-0.230065277099609,
-0.124811065673828,-0.00740909719467163),(-0.230065277099609,-0.124639793395996,
-0.00745930099487305),(-0.224033752441406,-0.0239699802398682,-0.0198199996948242),
(-0.224033752441406,-0.0237470989227295,-0.0196458644866944),(-0.224033752441406,
-0.0237105350494385,-0.0193481006622315),(-0.224033752441406,-0.0177918205261231,
-0.0203770809173584),(-0.224033752441406,-0.0177552585601807,-0.0200793170928955),
(-0.224033752441406,-0.0176176853179932,-0.0205999641418457),(-0.222732116699219,
-0.0234522171020508,-0.019682071685791),(-0.222732116699219,-0.0234156589508057,
-0.0193843078613282),(-0.222732116699219,-0.0180866985321045,-0.0203408737182617),
(-0.222732116699219,-0.0180501384735108,-0.0200431098937989),(-0.222645339965821,
-0.0236554431915283,-0.0198586215972901),(-0.222645339965821,-0.017932222366333,
-0.0205613441467285),(-0.221688278198242,-0.0226259860992431,-0.0197835197448731),
(-0.221688278198242,-0.0225894241333008,-0.0194857559204102),(-0.221688278198242,
-0.0189129314422607,-0.0202394256591797),(-0.221688278198242,-0.0188763694763183,
-0.0199416618347168),(-0.22153190612793,-0.0227741279602051,-0.019966833114624),
(-0.22153190612793,-0.0188135356903076,-0.0204531326293946),(-0.221108978271485,
-0.0214320430755615,-0.019930118560791),(-0.221108978271485,-0.0213954849243164,
-0.0196323547363281),(-0.221108978271485,-0.0201068706512451,-0.0200928287506103),
(-0.221108978271485,-0.0200703105926514,-0.0197950649261475),(-0.220914001464844,
-0.0215005912780761,-0.0201232032775879),(-0.220914001464844,-0.0200870723724365,
-0.0202967605590821),(-0.212502090454102,-0.124829139709473,-0.00740000009536743),
(-0.212502090454102,-0.124811065673828,-0.00740909719467163),(-0.212502090454102,
-0.124639793395996,-0.00745930099487305),(-0.212502090454102,-0.121122764587402,
-0.00789113807678223),(-0.212502090454102,-0.121122764587402,-0.00740000009536743),
(-0.21246597290039,-0.120643295288086,-0.00795000982284546),(-0.21230209350586,
-0.121122764587402,-0.00740000009536743),(-0.21230209350586,0.00738973379135132,
-0.00740000009536743),(-0.212185363769531,-0.119734664916992,-0.0080615758895874),
(-0.212185195922852,-0.119734336853027,-0.00740000009536743),(-0.211959396362304,
-0.119339859008789,-0.00811005210876465),(-0.211958465576172,-0.122516937255859,
-0.00740000009536743),(-0.211958465576172,-0.11972859954834,-0.00740000009536743),
(-0.211958465576172,0.00599556398391724,-0.00740000009536743),(-0.211958465576172,
0.00878390312194824,-0.00740000009536743),(-0.211413101196289,-0.118717842102051,
-0.00818642616271973),(-0.211297256469726,-0.118620903015137,-0.00740000009536743),
(-0.211006286621094,-0.123591720581055,-0.00740000009536743),(-0.211006286621094,
-0.118653816223145,-0.00740000009536743),(-0.211006286621094,0.0049207820892334,
-0.00740000009536743),(-0.211006286621094,0.00985868453979492,-0.00740000009536743),
(-0.210566604614258,-0.121122764587402,-0.00566450023651123),(-0.210566604614258,
-0.121122764587402,0.00160000002384186),(-0.210421752929688,-0.121710411071777,
-0.00566450023651123),(-0.210421752929688,-0.121710411071777,0.00160000002384186),
(-0.210421752929688,-0.120535125732422,-0.00566450023651123),(-0.210421752929688,
-0.120535125732422,0.00160000002384186),(-0.21030209350586,0.00738973379135132,
-0.00540000009536743),(-0.210187561035156,0.00692501020431519,-0.00540000009536743),
(-0.210187561035156,0.00785445690155029,-0.00540000009536743),(-0.210162506103516,
-0.11804061126709,-0.00826957988739014),(-0.210020416259766,-0.122163429260254,
-0.00566450023651123),(-0.210020416259766,-0.122163429260254,0.00160000002384186),
(-0.210020416259766,-0.120082092285156,-0.00566450023651123),(-0.210020416259766,
-0.120082092285156,0.00160000002384186),(-0.21001416015625,-0.118002998352051,
-0.00740000009536743),(-0.209870162963867,0.00656674909591675,-0.00540000009536743),
(-0.209870162963867,0.00821271705627441,-0.00540000009536743),(-0.209663711547851,
-0.124100891113281,-0.00740000009536743),(-0.209663711547851,-0.118144638061523,
-0.00740000009536743),(-0.209663711547851,0.00441160678863525,-0.00740000009536743),
(-0.209663711547851,0.0103678598403931,-0.00740000009536743),(-0.209454513549804,
-0.122378051757812,-0.00566450023651123),(-0.209454513549804,-0.122378051757812,
0.00160000002384186),(-0.209454513549804,-0.119867485046387,-0.00566450023651123),
(-0.209454513549804,-0.119867485046387,0.00160000002384186),(-0.209422637939453,
0.00639702415466309,-0.00540000009536743),(-0.209422637939453,0.00838244247436524,
-0.00540000009536743),(-0.208947494506836,0.00645471715927124,-0.00540000009536743),
(-0.208947494506836,0.00832474994659424,-0.00540000009536743),(-0.208853698730469,
-0.122305084228516,-0.00566450023651123),(-0.208853698730469,-0.122305084228516,
0.00160000002384186),(-0.208853698730469,-0.119940437316894,-0.00566450023651123),
(-0.208853698730469,-0.119940437316894,0.00160000002384186),(-0.208681610107422,
-0.117983497619629,-0.00827659225463867),(-0.208590026855469,-0.118002998352051,
-0.00740000009536743),(-0.208553588867188,0.00672661113739014,-0.00540000009536743),
(-0.208553588867188,0.0080528564453125,-0.00540000009536743),(-0.208355606079102,
-0.121961288452148,-0.00566450023651123),(-0.208355606079102,-0.121961288452148,
0.00160000002384186),(-0.208355606079102,-0.120284248352051,-0.00566450023651123),
(-0.208355606079102,-0.120284248352051,0.00160000002384186),(-0.208331161499024,
0.00715041780471802,-0.00540000009536743),(-0.208331161499024,0.0076290488243103,
-0.00540000009536743),(-0.20830209350586,0.00738973379135132,-0.00540000009536743),
(-0.20823828125,-0.12392781829834,-0.00740000009536743),(-0.20823828125,
-0.118317718505859,-0.00740000009536743),(-0.20823828125,0.0045846848487854,
-0.00740000009536743),(-0.20823828125,0.0101947822570801,-0.00740000009536743),
(-0.208074340820313,-0.121425384521484,-0.00566450023651123),(-0.208074340820313,
-0.121425384521484,0.00160000002384186),(-0.208074340820313,-0.120820152282715,
-0.00566450023651123),(-0.208074340820313,-0.120820152282715,0.00160000002384186),
(-0.20803759765625,-0.121122764587402,0.00160000002384186),(-0.207355331420899,
-0.118583068847656,-0.00820297431945801),(-0.207306930541992,-0.118620903015137,
-0.00740000009536743),(-0.207056564331054,-0.12311213684082,-0.00740000009536743),
(-0.207056564331054,-0.119133399963379,-0.00740000009536743),(-0.207056564331054,
0.00540036582946777,-0.00740000009536743),(-0.207056564331054,0.00937910175323486,
-0.00740000009536743),(-0.206421493530274,-0.119729179382324,-0.00806224918365479),
(-0.206418991088867,-0.119734336853027,-0.00740000009536743),(-0.206389266967774,
-0.121840713500977,-0.00740000009536743),(-0.206389266967774,-0.120404815673828,
-0.00740000009536743),(-0.206389266967774,0.00667178678512573,-0.00740000009536743),
(-0.206389266967774,0.00810768032073975,-0.00740000009536743),(-0.206102096557617,
-0.124829139709473,-0.00740000009536743),(-0.206102096557617,-0.124811065673828,
-0.00740909719467163),(-0.206102096557617,-0.124639793395996,-0.00745930099487305),
(-0.206102096557617,-0.121122764587402,-0.00789113807678223),(-0.206102096557617,
-0.121122764587402,-0.00740000009536743),(-0.205635910034179,-0.116622764587402,
-0.00540000009536743),(-0.205635910034179,-0.0943542785644531,-0.00540000009536743),
(-0.205635910034179,-0.0797492370605469,-0.00540000009536743),(-0.205635910034179,
-0.0662940292358399,-0.00540000009536743),(-0.205635910034179,-0.0432342681884766,
-0.00540000009536743),(-0.205635910034179,-0.0280792350769043,-0.00540000009536743),
(-0.205635910034179,-0.0122507476806641,-0.00540000009536743),(-0.205635910034179,
0.00738973379135132,-0.00540000009536743),(-0.205635910034179,0.00894388771057129,
-0.00540000009536743),(-0.205635910034179,0.0190813484191895,-0.00540000009536743),
(-0.205635910034179,0.0254897327423096,-0.00540000009536743),(-0.2029697265625,
-0.0563665161132813,-0.0123999996185303),(-0.2029697265625,-0.0563665161132813,
-0.00540000009536743),(-0.202932983398438,-0.056669132232666,-0.0123999996185303),
(-0.202932983398438,-0.056669132232666,-0.00540000009536743),(-0.202932983398438,
-0.0560638999938965,-0.0123999996185303),(-0.202932983398438,-0.0560638999938965,
-0.00540000009536743),(-0.202651718139648,-0.0572050361633301,-0.0123999996185303),
(-0.202651718139648,-0.0572050361633301,-0.00540000009536743),(-0.202651718139648,
-0.0555279960632324,-0.0123999996185303),(-0.202651718139648,-0.0555279960632324,
-0.00540000009536743),(-0.202153625488282,-0.0575488433837891,-0.0123999996185303),
(-0.202153625488282,-0.0575488433837891,-0.00540000009536743),(-0.202153625488282,
-0.0551841888427734,-0.0123999996185303),(-0.202153625488282,-0.0551841888427734,
-0.00540000009536743),(-0.201705215454101,-0.0563665161132813,-0.0131597881317139),
(-0.201552810668945,-0.0576217956542969,-0.0123999996185303),(-0.201552810668945,
-0.0576217956542969,-0.00540000009536743),(-0.201552810668945,-0.0551112365722656,
-0.0123999996185303),(-0.201552810668945,-0.0551112365722656,-0.00540000009536743),
(-0.200986907958985,-0.0574071807861328,-0.0123999996185303),(-0.200986907958985,
-0.0574071807861328,-0.00540000009536743),(-0.200986907958985,-0.0553258514404297,
-0.0123999996185303),(-0.200986907958985,-0.0553258514404297,-0.00540000009536743),
(-0.200585571289063,-0.056954158782959,-0.0123999996185303),(-0.200585571289063,
-0.056954158782959,-0.00540000009536743),(-0.200585571289063,-0.0557788734436035,
-0.0123999996185303),(-0.200585571289063,-0.0557788734436035,-0.00540000009536743),
(-0.200440719604492,-0.0563665161132813,-0.0123999996185303),(-0.200440719604492,
-0.0563665161132813,-0.00540000009536743),(-0.192874938964844,-0.116622764587402,
-0.00540000009536743),(-0.192874938964844,-0.0943542785644531,-0.00540000009536743),
(-0.192874938964844,-0.0797492370605469,-0.00540000009536743),(-0.192874938964844,
-0.0662940292358399,-0.00540000009536743),(-0.192874938964844,-0.0432342681884766,
-0.00540000009536743),(-0.192874938964844,-0.0280792350769043,-0.00540000009536743),
(-0.192874938964844,-0.0122507476806641,-0.00540000009536743),(-0.192874938964844,
0.00738973379135132,-0.00540000009536743),(-0.192874938964844,0.00894388771057129,
-0.00540000009536743),(-0.192874938964844,0.0190813484191895,-0.00540000009536743),
(-0.192874938964844,0.0254897327423096,-0.00540000009536743),(-0.185309158325196,
-0.0232044982910156,-0.00559999990463257),(-0.185309158325196,-0.0232044982910156,
-0.00540000009536743),(-0.185263000488281,-0.0235844020843506,-0.00559999990463257),
(-0.185263000488281,-0.0235844020843506,-0.00540000009536743),(-0.185263000488281,
-0.0228245925903321,-0.00559999990463257),(-0.185263000488281,-0.0228245925903321,
-0.00540000009536743),(-0.184909927368164,-0.0242571792602539,-0.00559999990463257),
(-0.184909927368164,-0.0242571792602539,-0.00540000009536743),(-0.184909927368164,
-0.0221518154144287,-0.00559999990463257),(-0.184909927368164,-0.0221518154144287,
-0.00540000009536743),(-0.184284606933594,-0.024688798904419,-0.00559999990463257),
(-0.184284606933594,-0.024688798904419,-0.00540000009536743),(-0.184284606933594,
-0.0217201957702636,-0.00559999990463257),(-0.184284606933594,-0.0217201957702636,
-0.00540000009536743),(-0.183721694946289,-0.0232044982910156,-0.00559999990463257),
(-0.183530349731446,-0.0247803840637207,-0.00559999990463257),(-0.183530349731446,
-0.0247803840637207,-0.00540000009536743),(-0.183530349731446,-0.0216286106109619,
-0.00559999990463257),(-0.183530349731446,-0.0216286106109619,-0.00540000009536743),
(-0.182819915771485,-0.0245109519958496,-0.00559999990463257),(-0.182819915771485,
-0.0245109519958496,-0.00540000009536743),(-0.182819915771485,-0.021898042678833,
-0.00559999990463257),(-0.182819915771485,-0.021898042678833,-0.00540000009536743),
(-0.182316055297851,-0.0239422283172607,-0.00559999990463257),(-0.182316055297851,
-0.0239422283172607,-0.00540000009536743),(-0.182316055297851,-0.0224667682647705,
-0.00559999990463257),(-0.182316055297851,-0.0224667682647705,-0.00540000009536743),
(-0.182134231567383,-0.0232044982910156,-0.00559999990463257),(-0.182134231567383,
-0.0232044982910156,-0.00540000009536743),(-0.172183685302735,-0.125122764587402,
-0.00691340112686157),(-0.172183685302735,-0.125093811035156,-0.00708951091766358),
(-0.172183685302735,-0.12498469543457,-0.00727784204483032),(-0.172183685302735,
-0.124811065673828,-0.00740909719467163),(-0.172183685302735,-0.124639793395996,
-0.00745930099487305),(-0.160718170166016,-0.116622764587402,-0.00540000009536743),
(-0.160718170166016,-0.0943542785644531,-0.00540000009536743),(-0.160718170166016,
-0.0797492370605469,-0.00540000009536743),(-0.160718170166016,-0.0662940292358399,
-0.00540000009536743),(-0.160718170166016,-0.0432342681884766,-0.00540000009536743),
(-0.160718170166016,-0.0280792350769043,-0.00540000009536743),(-0.160718170166016,
-0.0122507476806641,-0.00540000009536743),(-0.160718170166016,0.00738973379135132,
-0.00540000009536743),(-0.160718170166016,0.00894388771057129,-0.00540000009536743),
(-0.160718170166016,0.0190813484191895,-0.00540000009536743),(-0.160718170166016,
0.0254897327423096,-0.00540000009536743),(-0.139302093505859,-0.0763665237426758,
-0.00839999961853027),(-0.139302093505859,-0.0763665237426758,-0.00540000009536743),
(-0.139302093505859,-0.0662940292358399,-0.00540000009536743),(-0.139302093505859,
-0.0432342681884766,-0.00540000009536743),(-0.139302093505859,-0.0363665161132813,
-0.00839999961853027),(-0.139302093505859,-0.0363665161132813,-0.00540000009536743),
(-0.138921493530273,-0.0782799301147461,-0.00839999961853027),(-0.138921493530273,
-0.0782799301147461,-0.00540000009536743),(-0.138921493530273,-0.0344530982971192,
-0.00839999961853027),(-0.138921493530273,-0.0344530982971192,-0.00540000009536743),
(-0.137837631225586,-0.0799020538330078,-0.00839999961853027),(-0.137837631225586,
-0.0799020538330078,-0.00540000009536743),(-0.137837631225586,-0.0328309822082519,
-0.00839999961853027),(-0.137837631225586,-0.0328309822082519,-0.00540000009536743),
(-0.136215515136719,-0.0809859237670899,-0.00839999961853027),(-0.136215515136719,
-0.0809859237670899,-0.00540000009536743),(-0.136215515136719,-0.0317471179962159,
-0.00839999961853027),(-0.136215515136719,-0.0317471179962159,-0.00540000009536743),
(-0.134302093505859,-0.0813665237426758,-0.00839999961853027),(-0.134302093505859,
-0.0813665237426758,-0.00540000009536743),(-0.134302093505859,-0.0313665161132812,
-0.00839999961853027),(-0.134302093505859,-0.0313665161132812,-0.00540000009536743),
(-0.117502098083496,-0.124829139709473,-0.00740000009536743),(-0.117502098083496,
-0.124811065673828,-0.00740909719467163),(-0.117502098083496,-0.124639793395996,
-0.00745930099487305),(-0.117502098083496,-0.121122764587402,-0.00789113807678223),
(-0.117502098083496,-0.121122764587402,-0.00740000009536743),(-0.117465972900391,
-0.120643295288086,-0.00795000982284546),(-0.117302101135254,-0.121122764587402,
-0.00740000009536743),(-0.117302101135254,0.00738973379135132,-0.00740000009536743),
(-0.117185363769531,-0.119734664916992,-0.0080615758895874),(-0.117185188293457,
-0.119734336853027,-0.00740000009536743),(-0.116959396362305,-0.119339859008789,
-0.00811005210876465),(-0.116958465576172,-0.122516937255859,-0.00740000009536743),
(-0.116958465576172,-0.11972859954834,-0.00740000009536743),(-0.116958465576172,
0.00599556398391724,-0.00740000009536743),(-0.116958465576172,0.00878390312194824,
-0.00740000009536743),(-0.116413101196289,-0.118717842102051,-0.00818642616271973),
(-0.116297264099121,-0.118620903015137,-0.00740000009536743),(-0.116006294250488,
-0.123591720581055,-0.00740000009536743),(-0.116006294250488,-0.118653816223145,
-0.00740000009536743),(-0.116006294250488,0.0049207820892334,-0.00740000009536743),
(-0.116006294250488,0.00985868453979492,-0.00740000009536743),(-0.115566596984863,
-0.121122764587402,-0.00566450023651123),(-0.115566596984863,-0.121122764587402,
0.00160000002384186),(-0.115566596984863,-0.0563665161132813,-0.0123999996185303),
(-0.115566596984863,-0.0563665161132813,-0.00839999961853027),(-0.115529853820801,
-0.056669132232666,-0.0123999996185303),(-0.115529853820801,-0.056669132232666,
-0.00839999961853027),(-0.115529853820801,-0.0560638999938965,-0.0123999996185303),
(-0.115529853820801,-0.0560638999938965,-0.00839999961853027),(-0.115421760559082,
-0.121710411071777,-0.00566450023651123),(-0.115421760559082,-0.121710411071777,
0.00160000002384186),(-0.115421760559082,-0.120535125732422,-0.00566450023651123),
(-0.115421760559082,-0.120535125732422,0.00160000002384186),(-0.115302101135254,
0.00738973379135132,-0.00540000009536743),(-0.115248588562012,-0.0572050361633301,
-0.0123999996185303),(-0.115248588562012,-0.0572050361633301,-0.00839999961853027),
(-0.115248588562012,-0.0555279960632324,-0.0123999996185303),(-0.115248588562012,
-0.0555279960632324,-0.00839999961853027),(-0.115187553405762,0.00692501020431519,
-0.00540000009536743),(-0.115187553405762,0.00785445690155029,-0.00540000009536743),
(-0.115162506103516,-0.11804061126709,-0.00826957988739014),(-0.115020416259766,
-0.122163429260254,-0.00566450023651123),(-0.115020416259766,-0.122163429260254,
0.00160000002384186),(-0.115020416259766,-0.120082092285156,-0.00566450023651123),
(-0.115020416259766,-0.120082092285156,0.00160000002384186),(-0.115014167785644,
-0.118002998352051,-0.00740000009536743),(-0.114870162963867,0.00656674909591675,
-0.00540000009536743),(-0.114870162963867,0.00821271705627441,-0.00540000009536743),
(-0.114750495910645,-0.0575488433837891,-0.0123999996185303),(-0.114750495910645,
-0.0575488433837891,-0.00839999961853027),(-0.114750495910645,-0.0551841888427734,
-0.0123999996185303),(-0.114750495910645,-0.0551841888427734,-0.00839999961853027),
(-0.114663711547852,-0.124100891113281,-0.00740000009536743),(-0.114663711547852,
-0.118144638061523,-0.00740000009536743),(-0.114663711547852,0.00441160678863525,
-0.00740000009536743),(-0.114663711547852,0.0103678598403931,-0.00740000009536743),
(-0.114454513549805,-0.122378051757812,-0.00566450023651123),(-0.114454513549805,
-0.122378051757812,0.00160000002384186),(-0.114454513549805,-0.119867485046387,
-0.00566450023651123),(-0.114454513549805,-0.119867485046387,0.00160000002384186),
(-0.114422637939453,0.00639702415466309,-0.00540000009536743),(-0.114422637939453,
0.00838244247436524,-0.00540000009536743),(-0.114302101135254,-0.125122764587402,
-0.00691340112686157),(-0.114302101135254,-0.125093811035156,-0.00708951091766358),
(-0.114302101135254,-0.12498469543457,-0.00727784204483032),(-0.114302101135254,
-0.124829139709473,-0.00740000009536743),(-0.114302101135254,-0.0563665161132813,
-0.0131597881317139),(-0.114149681091309,-0.0576217956542969,-0.0123999996185303),
(-0.114149681091309,-0.0576217956542969,-0.00839999961853027),(-0.114149681091309,
-0.0551112365722656,-0.0123999996185303),(-0.114149681091309,-0.0551112365722656,
-0.00839999961853027),(-0.113947494506836,0.00645471715927124,-0.00540000009536743),
(-0.113947494506836,0.00832474994659424,-0.00540000009536743),(-0.113853698730469,
-0.122305084228516,-0.00566450023651123),(-0.113853698730469,-0.122305084228516,
0.00160000002384186),(-0.113853698730469,-0.119940437316894,-0.00566450023651123),
(-0.113853698730469,-0.119940437316894,0.00160000002384186),(-0.113681617736816,
-0.117983497619629,-0.00827659225463867),(-0.113590034484863,-0.118002998352051,
-0.00740000009536743),(-0.113583778381348,-0.0574071807861328,-0.0123999996185303),
(-0.113583778381348,-0.0574071807861328,-0.00839999961853027),(-0.113583778381348,
-0.0553258514404297,-0.0123999996185303),(-0.113583778381348,-0.0553258514404297,
-0.00839999961853027),(-0.113553588867187,0.00672661113739014,-0.00540000009536743),
(-0.113553588867187,0.0080528564453125,-0.00540000009536743),(-0.113355606079102,
-0.121961288452148,-0.00566450023651123),(-0.113355606079102,-0.121961288452148,
0.00160000002384186),(-0.113355606079102,-0.120284248352051,-0.00566450023651123),
(-0.113355606079102,-0.120284248352051,0.00160000002384186),(-0.113331153869629,
0.00715041780471802,-0.00540000009536743),(-0.113331153869629,0.0076290488243103,
-0.00540000009536743),(-0.113302101135254,0.00738973379135132,-0.00540000009536743),
(-0.11323828125,-0.12392781829834,-0.00740000009536743),(-0.11323828125,
-0.118317718505859,-0.00740000009536743),(-0.11323828125,0.0045846848487854,
-0.00740000009536743),(-0.11323828125,0.0101947822570801,-0.00740000009536743),
(-0.113182441711426,-0.056954158782959,-0.0123999996185303),(-0.113182441711426,
-0.056954158782959,-0.00839999961853027),(-0.113182441711426,-0.0557788734436035,
-0.0123999996185303),(-0.113182441711426,-0.0557788734436035,-0.00839999961853027),
(-0.113074340820312,-0.121425384521484,-0.00566450023651123),(-0.113074340820312,
-0.121425384521484,0.00160000002384186),(-0.113074340820312,-0.120820152282715,
-0.00566450023651123),(-0.113074340820312,-0.120820152282715,0.00160000002384186),
(-0.11303759765625,-0.121122764587402,0.00160000002384186),(-0.11303759765625,
-0.0563665161132813,-0.0123999996185303),(-0.11303759765625,-0.0563665161132813,
-0.00839999961853027),(-0.112355323791504,-0.118583068847656,-0.00820297431945801),
(-0.112306930541992,-0.118620903015137,-0.00740000009536743),(-0.112056564331055,
-0.12311213684082,-0.00740000009536743),(-0.112056564331055,-0.119133399963379,
-0.00740000009536743),(-0.112056564331055,0.00540036582946777,-0.00740000009536743),
(-0.112056564331055,0.00937910175323486,-0.00740000009536743),(-0.111421485900879,
-0.119729179382324,-0.00806224918365479),(-0.111418998718262,-0.119734336853027,
-0.00740000009536743),(-0.111389274597168,-0.121840713500977,-0.00740000009536743),
(-0.111389274597168,-0.120404815673828,-0.00740000009536743),(-0.111389274597168,
0.00667178678512573,-0.00740000009536743),(-0.111389274597168,0.00810768032073975,
-0.00740000009536743),(-0.111102096557617,-0.124829139709473,-0.00740000009536743),
(-0.111102096557617,-0.124811065673828,-0.00740909719467163),(-0.111102096557617,
-0.124639793395996,-0.00745930099487305),(-0.111102096557617,-0.121122764587402,
-0.00789113807678223),(-0.111102096557617,-0.121122764587402,-0.00740000009536743),
(-0.0943021011352539,-0.0813665237426758,-0.00839999961853027),(-0.0943021011352539,
-0.0813665237426758,-0.00540000009536743),(-0.0943021011352539,-0.0313665161132812,
-0.00839999961853027),(-0.0943021011352539,-0.0313665161132812,-0.00540000009536743),
(-0.0923886795043945,-0.0809859237670899,-0.00839999961853027),(-0.0923886795043945,
-0.0809859237670899,-0.00540000009536743),(-0.0923886795043945,-0.0317471179962159,
-0.00839999961853027),(-0.0923886795043945,-0.0317471179962159,-0.00540000009536743),
(-0.0907665634155273,-0.0799020538330078,-0.00839999961853027),(-0.0907665634155273,
-0.0799020538330078,-0.00540000009536743),(-0.0907665634155273,-0.0328309822082519,
-0.00839999961853027),(-0.0907665634155273,-0.0328309822082519,-0.00540000009536743),
(-0.0896827011108398,-0.0782799301147461,-0.00839999961853027),(-0.0896827011108398,
-0.0782799301147461,-0.00540000009536743),(-0.0896827011108398,-0.0344530982971192,
-0.00839999961853027),(-0.0896827011108398,-0.0344530982971192,-0.00540000009536743),
(-0.0893021011352539,-0.0763665237426758,-0.00839999961853027),(-0.0893021011352539,
-0.0763665237426758,-0.00540000009536743),(-0.0893021011352539,-0.0662940292358399,
-0.00540000009536743),(-0.0893021011352539,-0.0432342681884766,-0.00540000009536743),
(-0.0893021011352539,-0.0363665161132813,-0.00839999961853027),(-0.0893021011352539,
-0.0363665161132813,-0.00540000009536743),(-0.0822065811157227,-0.116622764587402,
-0.00540000009536743),(-0.0822065811157227,-0.116622764587402,0.00160000002384186),
(-0.0819195861816406,-0.116663764953613,-0.00540000009536743),(-0.0819195861816406,
-0.116663764953613,0.00160000002384186),(-0.0815065841674805,-0.116722763061523,
-0.00540000009536743),(-0.0815065841674805,-0.116722763061523,0.00160000002384186),
(-0.066135009765625,-0.116722763061523,-0.00540000009536743),(-0.066135009765625,
-0.116722763061523,0.00160000002384186),(-0.0657220077514649,-0.116663764953613,
-0.00540000009536743),(-0.0657220077514649,-0.116663764953613,0.00160000002384186),
(-0.0654350128173828,-0.116622764587402,-0.00540000009536743),(-0.0654350128173828,
-0.116622764587402,0.00160000002384186),(-0.0587327842712402,-0.116622764587402,
-0.00540000009536743),(-0.0587327842712402,-0.0943542785644531,-0.00540000009536743),
(-0.0587327842712402,-0.0797492370605469,-0.00540000009536743),(-0.0587327842712402,
-0.0662940292358399,-0.00540000009536743),(-0.0587327842712402,-0.0432342681884766,
-0.00540000009536743),(-0.0587327842712402,-0.0280792350769043,-0.00540000009536743),
(-0.0587327842712402,-0.0122507476806641,-0.00540000009536743),(-0.0587327842712402,
0.00738973379135132,-0.00540000009536743),(-0.0587327842712402,0.00894388771057129,
-0.00540000009536743),(-0.0587327842712402,0.0190813484191895,-0.00540000009536743),
(-0.0587327842712402,0.0254897327423096,-0.00540000009536743),(-0.0564205093383789,
-0.125122764587402,-0.00691340112686157),(-0.0564205093383789,-0.125093811035156,
-0.00708951091766358),(-0.0564205093383789,-0.12498469543457,-0.00727784204483032),
(-0.0564205093383789,-0.124811065673828,-0.00740909719467163),(-0.0564205093383789,
-0.124639793395996,-0.00745930099487305),(-0.0281634731292724,-0.0563665161132813,
-0.0123999996185303),(-0.0281634731292724,-0.0563665161132813,-0.00540000009536743),
(-0.0281267280578614,-0.056669132232666,-0.0123999996185303),(-0.0281267280578614,
-0.056669132232666,-0.00540000009536743),(-0.0281267280578614,-0.0560638999938965,
-0.0123999996185303),(-0.0281267280578614,-0.0560638999938965,-0.00540000009536743),
(-0.0278454647064209,-0.0572050361633301,-0.0123999996185303),(-0.0278454647064209,
-0.0572050361633301,-0.00540000009536743),(-0.0278454647064209,-0.0555279960632324,
-0.0123999996185303),(-0.0278454647064209,-0.0555279960632324,-0.00540000009536743),
(-0.0273473701477051,-0.0575488433837891,-0.0123999996185303),(-0.0273473701477051,
-0.0575488433837891,-0.00540000009536743),(-0.0273473701477051,-0.0551841888427734,
-0.0123999996185303),(-0.0273473701477051,-0.0551841888427734,-0.00540000009536743),
(-0.0268989734649658,-0.0563665161132813,-0.0131597881317139),(-0.0267465553283691,
-0.0576217956542969,-0.0123999996185303),(-0.0267465553283691,-0.0576217956542969,
-0.00540000009536743),(-0.0267465553283691,-0.0551112365722656,-0.0123999996185303),
(-0.0267465553283691,-0.0551112365722656,-0.00540000009536743),(-0.0261806545257569,
-0.0574071807861328,-0.0123999996185303),(-0.0261806545257569,-0.0574071807861328,
-0.00540000009536743),(-0.0261806545257569,-0.0553258514404297,-0.0123999996185303),
(-0.0261806545257569,-0.0553258514404297,-0.00540000009536743),(-0.0257793140411377,
-0.056954158782959,-0.0123999996185303),(-0.0257793140411377,-0.056954158782959,
-0.00540000009536743),(-0.0257793140411377,-0.0557788734436035,-0.0123999996185303),
(-0.0257793140411377,-0.0557788734436035,-0.00540000009536743),(-0.0256344738006592,
-0.0563665161132813,-0.0123999996185303),(-0.0256344738006592,-0.0563665161132813,
-0.00540000009536743),(-0.0234858932495117,0.0340897331237793,0.00125499999523163),
(-0.0234858932495117,0.0340897331237793,0.00160000002384186),(-0.0229682846069336,
-0.116622764587402,-0.00540000009536743),(-0.0229682846069336,-0.0943542785644531,
-0.00540000009536743),(-0.0229682846069336,-0.0797492370605469,-0.00540000009536743),
(-0.0229682846069336,-0.0662940292358399,-0.00540000009536743),(-0.0229682846069336,
-0.0432342681884766,-0.00540000009536743),(-0.0229682846069336,-0.0280792350769043,
-0.00540000009536743),(-0.0229682846069336,-0.0122507476806641,-0.00540000009536743),
(-0.0229682846069336,0.00738973379135132,-0.00540000009536743),(-0.0229682846069336,
0.00894388771057129,-0.00540000009536743),(-0.0229682846069336,0.0190813484191895,
-0.00540000009536743),(-0.0229682846069336,0.0254897327423096,-0.00540000009536743),
(-0.0225020980834961,-0.124829139709473,-0.00740000009536743),(-0.0225020980834961,
-0.124811065673828,-0.00740909719467163),(-0.0225020980834961,-0.124639793395996,
-0.00745930099487305),(-0.0225020980834961,-0.121122764587402,-0.00789113807678223),
(-0.0225020980834961,-0.121122764587402,-0.00740000009536743),(-0.0224659729003906,
-0.120643295288086,-0.00795000982284546),(-0.0223020973205567,-0.121122764587402,
-0.00740000009536743),(-0.0223020973205567,0.00738973379135132,-0.00740000009536743),
(-0.0221853561401367,-0.119734664916992,-0.0080615758895874),(-0.0221851978302002,
-0.119734336853027,-0.00740000009536743),(-0.0219593963623047,-0.119339859008789,
-0.00811005210876465),(-0.0219584655761719,-0.122516937255859,-0.00740000009536743),
(-0.0219584655761719,-0.11972859954834,-0.00740000009536743),(-0.0219584655761719,
0.00599556398391724,-0.00740000009536743),(-0.0219584655761719,0.00878390312194824,
-0.00740000009536743),(-0.0219428615570069,0.0340897331237793,-0.00650235223770142),
(-0.0217731609344483,0.0340897331237793,-0.00690000009536743),(-0.021649076461792,
0.0340530128479004,-0.00708807182312012),(-0.0214548835754395,0.0339449501037598,
-0.00725188302993774),(-0.0214130992889404,-0.118717842102051,-0.00818642616271973),
(-0.0212972660064697,-0.118620903015137,-0.00740000009536743),(-0.0212230701446533,
0.0337821617126465,-0.007361487865448),(-0.0210062923431397,-0.123591720581055,
-0.00740000009536743),(-0.0210062923431397,-0.118653816223145,-0.00740000009536743),
(-0.0210062923431397,0.0049207820892334,-0.00740000009536743),(-0.0210062923431397,
0.00985868453979492,-0.00740000009536743),(-0.0209908103942871,0.0335897331237793,
-0.00740000009536743),(-0.0205665988922119,-0.121122764587402,-0.00566450023651123),
(-0.0205665988922119,-0.121122764587402,0.00160000002384186),(-0.0204217567443848,
-0.121710411071777,-0.00566450023651123),(-0.0204217567443848,-0.121710411071777,
0.00160000002384186),(-0.0204217567443848,-0.120535125732422,-0.00566450023651123),
(-0.0204217567443848,-0.120535125732422,0.00160000002384186),(-0.0203020973205566,
0.00738973379135132,-0.00540000009536743),(-0.0201875534057617,0.00692501020431519,
-0.00540000009536743),(-0.0201875534057617,0.00785445690155029,-0.00540000009536743),
(-0.0201625061035157,-0.11804061126709,-0.00826957988739014),(-0.0200204162597656,
-0.122163429260254,-0.00566450023651123),(-0.0200204162597656,-0.122163429260254,
0.00160000002384186),(-0.0200204162597656,-0.120082092285156,-0.00566450023651123),
(-0.0200204162597656,-0.120082092285156,0.00160000002384186),(-0.0200141658782959,
-0.118002998352051,-0.00740000009536743),(-0.0198701610565186,0.00656674909591675,
-0.00540000009536743),(-0.0198701610565186,0.00821271705627441,-0.00540000009536743),
(-0.0196637077331543,-0.124100891113281,-0.00740000009536743),(-0.0196637077331543,
-0.118144638061523,-0.00740000009536743),(-0.0196637077331543,0.00441160678863525,
-0.00740000009536743),(-0.0196637077331543,0.0103678598403931,-0.00740000009536743),
(-0.019454517364502,-0.122378051757812,-0.00566450023651123),(-0.019454517364502,
-0.122378051757812,0.00160000002384186),(-0.019454517364502,-0.119867485046387,
-0.00566450023651123),(-0.019454517364502,-0.119867485046387,0.00160000002384186),
(-0.0194226341247558,0.00639702415466309,-0.00540000009536743),(-0.0194226341247558,
0.00838244247436524,-0.00540000009536743),(-0.0189474925994873,0.00645471715927124,
-0.00540000009536743),(-0.0189474925994873,0.00832474994659424,-0.00540000009536743),
(-0.0188537006378174,-0.122305084228516,-0.00566450023651123),(-0.0188537006378174,
-0.122305084228516,0.00160000002384186),(-0.0188537006378174,-0.119940437316894,
-0.00566450023651123),(-0.0188537006378174,-0.119940437316894,0.00160000002384186),
(-0.0186816158294678,-0.117983497619629,-0.00827659225463867),(-0.018590030670166,
-0.118002998352051,-0.00740000009536743),(-0.0185535850524903,0.00672661113739014,
-0.00540000009536743),(-0.0185535850524903,0.0080528564453125,-0.00540000009536743),
(-0.0183556060791015,-0.121961288452148,-0.00566450023651123),(-0.0183556060791015,
-0.121961288452148,0.00160000002384186),(-0.0183556060791015,-0.120284248352051,
-0.00566450023651123),(-0.0183556060791015,-0.120284248352051,0.00160000002384186),
(-0.0183311557769776,0.00715041780471802,-0.00540000009536743),(-0.0183311557769776,
0.0076290488243103,-0.00540000009536743),(-0.0183020973205566,0.00738973379135132,
-0.00540000009536743),(-0.0182382831573486,-0.12392781829834,-0.00740000009536743),
(-0.0182382831573486,-0.118317718505859,-0.00740000009536743),(-0.0182382831573486,
0.0045846848487854,-0.00740000009536743),(-0.0182382831573486,0.0101947822570801,
-0.00740000009536743),(-0.0180743427276612,-0.121425384521484,-0.00566450023651123),
(-0.0180743427276612,-0.121425384521484,0.00160000002384186),(-0.0180743427276612,
-0.120820152282715,-0.00566450023651123),(-0.0180743427276612,-0.120820152282715,
0.00160000002384186),(-0.01803759765625,-0.121122764587402,0.00160000002384186),
(-0.0173553256988526,-0.118583068847656,-0.00820297431945801),(-0.0173069305419922,
-0.118620903015137,-0.00740000009536743),(-0.0170565662384033,-0.12311213684082,
-0.00740000009536743),(-0.0170565662384033,-0.119133399963379,-0.00740000009536743),
(-0.0170565662384033,0.00540036582946777,-0.00740000009536743),(-0.0170565662384033,
0.00937910175323486,-0.00740000009536743),(-0.0164214859008789,-0.119729179382324,
-0.00806224918365479),(-0.0164189968109131,-0.119734336853027,-0.00740000009536743),
(-0.0163892726898194,-0.121840713500977,-0.00740000009536743),(-0.0163892726898194,
-0.120404815673828,-0.00740000009536743),(-0.0163892726898194,0.00667178678512573,
-0.00740000009536743),(-0.0163892726898194,0.00810768032073975,-0.00740000009536743),
(-0.0161020984649658,-0.124829139709473,-0.00740000009536743),(-0.0161020984649658,
-0.124811065673828,-0.00740909719467163),(-0.0161020984649658,-0.124639793395996,
-0.00745930099487305),(-0.0161020984649658,-0.121122764587402,-0.00789113807678223),
(-0.0161020984649658,-0.121122764587402,-0.00740000009536743),(-0.0148858938217163,
0.0254897327423096,0.00125499999523163),(-0.0148858938217163,0.0254897327423096,
0.00160000002384186),(-0.0139974966049194,0.0254897327423096,-0.00321127390861512),
(-0.0128025398254394,0.0254897327423096,-0.00540000009536743),(-0.00769019794464111,
-0.0215005912780761,-0.0201232032775879),(-0.00769019794464111,-0.0200870723724365,
-0.0202967605590821),(-0.00749521207809448,-0.0214320430755615,-0.019930118560791),
(-0.00749521207809448,-0.0213954849243164,-0.0196323547363281),(-0.00749521207809448,
-0.0201068706512451,-0.0200928287506103),(-0.00749521207809448,-0.0200703105926514,
-0.0197950649261475),(-0.00707228899002075,-0.0227741279602051,-0.019966833114624),
(-0.00707228899002075,-0.0188135356903076,-0.0204531326293946),(-0.00691592311859131,
-0.0226259860992431,-0.0197835197448731),(-0.00691592311859131,-0.0225894241333008,
-0.0194857559204102),(-0.00691592311859131,-0.0189129314422607,-0.0202394256591797),
(-0.00691592311859131,-0.0188763694763183,-0.0199416618347168),(-0.00679997396469116,
0.0231868991851807,-0.00740000009536743),(-0.00597154712677002,0.0210221157073975,
-0.00540000009536743),(-0.00595885610580444,-0.0236554431915283,-0.0198586215972901),
(-0.00595885610580444,-0.017932222366333,-0.0205613441467285),(-0.00587207984924316,
-0.0234522171020508,-0.019682071685791),(-0.00587207984924316,-0.0234156589508057,
-0.0193843078613282),(-0.00587207984924316,-0.0180866985321045,-0.0203408737182617),
(-0.00587207984924316,-0.0180501384735108,-0.0200431098937989),(-0.0045704288482666,
-0.0239699802398682,-0.0198199996948242),(-0.0045704288482666,-0.0237470989227295,
-0.0196458644866944),(-0.0045704288482666,-0.0237105350494385,-0.0193481006622315),
(-0.0045704288482666,-0.0177918205261231,-0.0203770809173584),(-0.0045704288482666,
-0.0177552585601807,-0.0200793170928955),(-0.0045704288482666,-0.0176176853179932,
-0.0205999641418457),(-0.00321495604515075,0.0204737949371338,-0.00540000009536743),
(-0.00321495604515075,0.0224737949371338,-0.00740000009536743),(0.00146108198165894,
-0.125122764587402,-0.00691340112686157),(0.00146108198165894,-0.125093811035156,
-0.00708951091766358),(0.00146108198165894,-0.12498469543457,-0.00727784204483032),
(0.00146108198165894,-0.124811065673828,-0.00740909719467163),(0.00146108198165894,
-0.124639793395996,-0.00745930099487305),(0.00321504402160645,0.0204737949371338,
-0.00540000009536743),(0.00321504402160645,0.0224737949371338,-0.00740000009536743),
(0.00439812517166138,-0.116622764587402,-0.00540000009536743),(0.00439812517166138,
-0.0943542785644531,-0.00540000009536743),(0.00439812517166138,-0.0797492370605469,
-0.00540000009536743),(0.00439812517166138,-0.0662940292358399,-0.00540000009536743),
(0.00439812517166138,-0.0432342681884766,-0.00540000009536743),(0.00439812517166138,
-0.0280792350769043,-0.00540000009536743),(0.00439812517166138,-0.0122507476806641,
-0.00540000009536743),(0.00439812517166138,0.00738973379135132,-0.00540000009536743),
(0.00439812517166138,0.00894388771057129,-0.00540000009536743),(0.00439812517166138,
0.0190813484191895,-0.00540000009536743),(0.00439812517166138,0.0205781383514404,
-0.00540000009536743),(0.00680006217956543,0.0231868991851807,-0.00740000009536743),
(0.011428186416626,0.0243897342681885,-0.00540000009536743),(0.0126682271957397,
-0.119731864929199,-0.00806191921234131),(0.0126682271957397,-0.118318344116211,
-0.00823547744750977),(0.0128632125854492,-0.11966332244873,-0.00786883401870728),
(0.0128632125854492,-0.119626754760742,-0.00757107019424439),(0.0128632125854492,
-0.11833814239502,-0.00803154373168945),(0.0128632125854492,-0.118301582336426,
-0.00773378086090088),(0.0129813184738159,0.0243897342681885,-0.00279032206535339),
(0.0130433645248413,-0.116622764587402,-0.00540000009536743),(0.0130433645248413,
-0.116622764587402,0.00160000002384186),(0.0132861356735229,-0.121005401611328,
-0.00790554904937744),(0.0132861356735229,-0.117044807434082,-0.00839184856414795),
(0.0133303651809692,-0.116663764953613,-0.00540000009536743),(0.0133303651809692,
-0.116663764953613,0.00160000002384186),(0.0134425020217895,-0.120857261657715,
-0.00772223615646362),(0.0134425020217895,-0.120820701599121,-0.00742447280883789),
(0.0134425020217895,-0.117144203186035,-0.00817814159393311),(0.0134425020217895,
-0.117107643127441,-0.00788037776947021),(0.0137433652877808,-0.116722763061523,
0.00160000002384186),(0.013743369102478,-0.116722763061523,-0.00540000009536743),
(0.013785982131958,0.0243897342681885,0.00125499999523163),(0.013785982131958,
0.0243897342681885,0.00160000002384186),(0.0140742673873901,0.0277051849365234,
-0.00740000009536743),(0.0143995685577393,-0.12188671875,-0.0077973370552063),
(0.0143995685577393,-0.116163497924805,-0.00850006008148193),(0.0144863452911377,
-0.121683494567871,-0.00762078809738159),(0.0144863452911377,-0.121646926879883,
-0.00732302379608154),(0.0144863452911377,-0.116317970275879,-0.00827958965301514),
(0.0144863452911377,-0.116281410217285,-0.00798182678222656),(0.0157879962921142,
-0.12220125579834,-0.0077587161064148),(0.0157879962921142,-0.121978370666504,
-0.00758458089828491),(0.0157879962921142,-0.12194181060791,-0.00728681707382202),
(0.0157879962921142,-0.116023094177246,-0.00831579780578613),(0.0157879962921142,
-0.115986534118652,-0.00801803398132324),(0.0157879962921142,-0.115848960876465,
-0.00853868007659912),(0.0197587718963623,0.0324897346496582,-0.00740000009536743),
(0.0199954719543457,0.0326821632385254,-0.00736148691177368),(0.0201633625030518,
0.0327397346496582,-0.00715668106079102),(0.0202334880828858,0.0328449478149414,
-0.00725188302993774),(0.0204345531463623,0.0329530143737793,-0.0070880708694458),
(0.0205649967193603,0.0329897346496582,-0.00689999914169312),(0.0209266815185547,
0.0329897346496582,-0.00608139991760254),(0.0223859825134277,0.0329897346496582,
0.00125499999523163),(0.0223859825134277,0.0329897346496582,0.00160000002384186),
(0.0259451560974121,-0.0109060802459717,-0.0214240455627441),(0.0259451560974121,
-0.0106823616027832,-0.0214005317687989),(0.0259451560974121,-0.0104915924072266,
-0.0212813262939453),(0.0270983486175537,-0.00129699695110321,-0.00590000009536743),
(0.0270983486175537,-0.00129699695110321,-0.00540000009536743),(0.0271444778442383,
-0.00167690098285675,-0.00590000009536743),(0.0271444778442383,-0.00167690098285675,
-0.00540000009536743),(0.0271444778442383,-0.000917092978954315,-0.00590000009536743),
(0.0271444778442383,-0.000917092978954315,-0.00540000009536743),(0.0274973926544189,
-0.0109483966827393,-0.0214188499450684),(0.0274975776672363,-0.00234967803955078,
-0.00590000009536743),(0.0274975776672363,-0.00234967803955078,-0.00540000009536743),
(0.0274975776672363,-0.000244315996766091,-0.00590000009536743),(0.0274975776672363,
-0.000244315996766091,-0.00540000009536743),(0.0281228885650635,-0.0027812991142273,
-0.00590000009536743),(0.0281228885650635,-0.0027812991142273,-0.00540000009536743),
(0.0281228885650635,0.000187304005026817,-0.00590000009536743),(0.0281228885650635,
0.000187304005026817,-0.00540000009536743),(0.0286858100891113,-0.00129699695110321,
-0.00590000009536743),(0.0288771572113037,-0.00287288403511047,-0.00590000009536743),
(0.0288771572113037,-0.00287288403511047,-0.00540000009536743),(0.0288771572113037,
0.000278889000415802,-0.00590000009536743),(0.0288771572113037,0.000278889000415802,
-0.00540000009536743),(0.0291149387359619,-0.116722763061523,0.00160000002384186),
(0.0291149425506592,-0.116722763061523,-0.00540000009536743),(0.0292984771728516,
-0.010901424407959,-0.0213793354034424),(0.029319429397583,-0.0107200975418091,
-0.0212773265838623),(0.0295279388427735,-0.116663764953613,-0.00540000009536743),
(0.0295279388427735,-0.116663764953613,0.00160000002384186),(0.0295875911712647,
-0.00260345196723938,-0.00590000009536743),(0.0295875911712647,-0.00260345196723938,
-0.00540000009536743),(0.0295875911712647,9.45699959993362E-6,-0.00590000009536743),
(0.0295875911712647,9.45699959993362E-6,-0.00540000009536743),(0.0298149375915528,
-0.116622764587402,-0.00540000009536743),(0.0298149375915528,-0.116622764587402,
0.00160000002384186),(0.0300914363861084,-0.00203472709655762,-0.00590000009536743),
(0.0300914363861084,-0.00203472709655762,-0.00540000009536743),(0.0300914363861084,
-0.000559266984462738,-0.00590000009536743),(0.0300914363861084,-0.000559266984462738,
-0.00540000009536743),(0.0302732715606689,-0.00129699695110321,-0.00590000009536743),
(0.0302732715606689,-0.00129699695110321,-0.00540000009536743),(0.0314295711517334,
-0.0239699802398682,-0.0198199996948242),(0.0314295711517334,-0.0237470989227295,
-0.0196458644866944),(0.0314295711517334,-0.0237105350494385,-0.0193481006622315),
(0.0314295711517334,-0.0177918205261231,-0.0203770809173584),(0.0314295711517334,
-0.0177552585601807,-0.0200793170928955),(0.0314295711517334,-0.0176176853179932,
-0.0205999641418457),(0.0316933650970459,0.0243897342681885,0.00160000002384186),
(0.0316933689117431,0.0243897342681885,-0.00540000009536743),(0.0327312240600586,
-0.0234522171020508,-0.019682071685791),(0.0327312240600586,-0.0234156589508057,
-0.0193843078613282),(0.0327312240600586,-0.0180866985321045,-0.0203408737182617),
(0.0327312240600586,-0.0180501384735108,-0.0200431098937989),(0.0328180007934571,
-0.0236554431915283,-0.0198586215972901),(0.0328180007934571,-0.017932222366333,
-0.0205613441467285),(0.0337750663757325,-0.0226259860992431,-0.0197835197448731),
(0.0337750663757325,-0.0225894241333008,-0.0194857559204102),(0.0337750663757325,
-0.0189129314422607,-0.0202394256591797),(0.0337750663757325,-0.0188763694763183,
-0.0199416618347168),(0.0339314308166504,-0.0227741279602051,-0.019966833114624),
(0.0339314308166504,-0.0188135356903076,-0.0204531326293946),(0.0343543548583985,
-0.0214320430755615,-0.019930118560791),(0.0343543548583985,-0.0213954849243164,
-0.0196323547363281),(0.0343543548583985,-0.0201068706512451,-0.0200928287506103),
(0.0343543548583985,-0.0200703105926514,-0.0197950649261475),(0.0345493392944336,
-0.0215005912780761,-0.0201232032775879),(0.0345493392944336,-0.0200870723724365,
-0.0202967605590821),(0.0355630798339844,-0.0126449451446533,-0.0211752700805664),
(0.0356283683776856,-0.0124915838241577,-0.0210958595275879),(0.0367941856384277,
-0.0134692487716675,-0.0211093235015869),(0.0381323394775391,-0.0140826663970947,
-0.0210014820098877),(0.0398264808654785,0.00338973307609558,-0.00740000009536743),
(0.0403588104248047,-0.0158892841339111,-0.0207809925079346),(0.0404638328552246,
-0.0157717199325562,-0.020707950592041),(0.042288387298584,-0.0184423770904541,
-0.0204987010955811),(0.0435826530456543,-0.0201206512451172,-0.0202204895019532),
(0.0437149963378907,-0.0202206497192383,-0.020156753540039),(0.0451637878417969,
-0.0263356800079345,-0.0195295295715332),(0.0453554267883301,-0.0263077735900879,
-0.0194938907623291),(0.0455173416137695,-0.0262747459411621,-0.0193868083953858),
(0.0487981071472168,0.00148020696640015,-0.00740000009536743),(0.0492649383544922,
0.0243897342681885,0.00160000002384186),(0.0492649421691895,0.0243897342681885,
-0.00540000009536743),(0.0517879943847656,-0.12220125579834,-0.0077587161064148),
(0.0517879943847656,-0.121978370666504,-0.00758458089828491),(0.0517879943847656,
-0.12194181060791,-0.00728681707382202),(0.0517879943847656,-0.116023094177246,
-0.00831579780578613),(0.0517879943847656,-0.115986534118652,-0.00801803398132324),
(0.0517879943847656,-0.115848960876465,-0.00853868007659912),(0.0530896492004395,
-0.121683494567871,-0.00762078809738159),(0.0530896492004395,-0.121646926879883,
-0.00732302379608154),(0.0530896492004395,-0.116317970275879,-0.00827958965301514),
(0.0530896492004395,-0.116281410217285,-0.00798182678222656),(0.0531764221191406,
-0.12188671875,-0.0077973370552063),(0.0531764221191406,-0.116163497924805,
-0.00850006008148193),(0.0540970306396484,-0.00287724709510804,-0.00740000009536743),
(0.0541334915161133,-0.120857261657715,-0.00772223615646362),(0.0541334915161133,
-0.120820701599121,-0.00742447280883789),(0.0541334915161133,-0.117144203186035,
-0.00817814159393311),(0.0541334915161133,-0.117107643127441,-0.00788037776947021),
(0.0542898559570313,-0.121005401611328,-0.00790554904937744),(0.0542898559570313,
-0.117044807434082,-0.00839184856414795),(0.0547127799987793,-0.11966332244873,
-0.00786883401870728),(0.0547127799987793,-0.119626754760742,-0.00757107019424439),
(0.0547127799987793,-0.11833814239502,-0.00803154373168945),(0.0547127799987793,
-0.118301582336426,-0.00773378086090088),(0.0548795585632324,-0.116622764587402,
-0.00540000009536743),(0.0548795585632324,-0.0943542785644531,-0.00540000009536743),
(0.0548795585632324,-0.0797492370605469,-0.00540000009536743),(0.0548795585632324,
-0.0662940292358399,-0.00540000009536743),(0.0548795585632324,-0.0432342681884766,
-0.00540000009536743),(0.0548795585632324,-0.0280792350769043,-0.00540000009536743),
(0.0548795585632324,-0.0122507476806641,-0.00540000009536743),(0.0548795585632324,
0.00738973379135132,-0.00540000009536743),(0.0548795585632324,0.00894388771057129,
-0.00540000009536743),(0.0548795585632324,0.0190813484191895,-0.00540000009536743),
(0.0548795585632324,0.0243897342681885,-0.00540000009536743),(0.0549077644348145,
-0.119731864929199,-0.00806191921234131),(0.0549077644348145,-0.118318344116211,
-0.00823547744750977),(0.0570065994262695,-0.00941800975799561,-0.00740000009536743),
(0.057234016418457,-0.124639793395996,-0.00745930099487305),(0.0572346343994141,
-0.124681427001953,-0.00745249795913696),(0.0572386207580566,-0.124810913085937,
-0.00740866994857788),(0.0572439384460449,-0.124906501770019,-0.00735017108917236),
(0.0572505226135254,-0.124984672546387,-0.00727775287628174),(0.0572614555358887,
-0.12506517791748,-0.00715747976303101),(0.0572746429443359,-0.12511353302002,
-0.00701240396499634),(0.0572836456298828,-0.125122764587402,-0.00691340112686157),
(0.057297046661377,-0.125122764587402,-0.00690000009536743),(0.0573042373657227,
-0.12479956817627,-0.00740932607650757),(0.0573159904479981,-0.125120597839355,
-0.00694575023651123),(0.0573196105957031,-0.124944358825684,-0.00731150007247925),
(0.0573423538208008,-0.125050552368164,-0.00717103576660156),(0.0573550796508789,
-0.125092170715332,-0.00707220983505249),(0.0573562126159668,-0.125085411071777,
-0.00708892822265625),(0.0573589515686035,-0.124622718811035,-0.00744517707824707),
(0.0573677215576172,-0.124766250610352,-0.00740959787368774),(0.0573781623840332,
-0.12505004119873,-0.0071596851348877),(0.057386661529541,-0.124894165039062,
-0.0073342227935791),(0.0574035377502441,-0.12497647857666,-0.00725339317321777),
(0.0574256553649902,-0.124611885070801,-0.00742366218566895),(0.057425708770752,
-0.124886627197266,-0.00732470989227295),(0.0574436492919922,-0.124795921325684,
-0.00736906099319458),(0.0574661903381348,-0.124664710998535,-0.00739823722839356),
(0.0574731903076172,-0.124622764587402,-0.0073999981880188),(0.0574758453369141,
-0.124602821350098,-0.00740000009536743),(0.0574970397949219,-0.124283973693848,
-0.00740000009536743),(0.057504150390625,-0.123899475097656,-0.00740000009536743),
(0.057504150390625,-0.0142879362106323,-0.00740000009536743),(0.0794858474731445,
-0.0765444946289063,-0.00559999990463257),(0.0794858474731445,-0.0765444946289063,
-0.00540000009536743),(0.0795319747924805,-0.0769244003295899,-0.00559999990463257),
(0.0795319747924805,-0.0769244003295899,-0.00540000009536743),(0.0795319747924805,
-0.0761645965576172,-0.00559999990463257),(0.0795319747924805,-0.0761645965576172,
-0.00540000009536743),(0.0798850784301758,-0.0775971755981445,-0.00559999990463257),
(0.0798850784301758,-0.0775971755981445,-0.00540000009536743),(0.0798850784301758,
-0.075491813659668,-0.00559999990463257),(0.0798850784301758,-0.075491813659668,
-0.00540000009536743),(0.0805103912353516,-0.0780288009643555,-0.00559999990463257),
(0.0805103912353516,-0.0780288009643555,-0.00540000009536743),(0.0805103912353516,
-0.075060188293457,-0.00559999990463257),(0.0805103912353516,-0.075060188293457,
-0.00540000009536743),(0.0810733108520508,-0.0765444946289063,-0.00559999990463257),
(0.0812646560668945,-0.0781203842163086,-0.00559999990463257),(0.0812646560668945,
-0.0781203842163086,-0.00540000009536743),(0.0812646560668945,-0.0749686126708984,
-0.00559999990463257),(0.0812646560668945,-0.0749686126708984,-0.00540000009536743),
(0.0819750900268555,-0.0778509521484375,-0.00559999990463257),(0.0819750900268555,
-0.0778509521484375,-0.00540000009536743),(0.0819750900268555,-0.0752380447387695,
-0.00559999990463257),(0.0819750900268555,-0.0752380447387695,-0.00540000009536743),
(0.0824789352416992,-0.0772822265625,-0.00559999990463257),(0.0824789352416992,
-0.0772822265625,-0.00540000009536743),(0.0824789352416992,-0.075806770324707,
-0.00559999990463257),(0.0824789352416992,-0.075806770324707,-0.00540000009536743),
(0.082660774230957,-0.0765444946289063,-0.00559999990463257),(0.082660774230957,
-0.0765444946289063,-0.00540000009536743),(0.0900824584960938,-0.116622764587402,
-0.00540000009536743),(0.0900824584960938,-0.0943542785644531,-0.00540000009536743),
(0.0900824584960938,-0.0797492370605469,-0.00540000009536743),(0.0900824584960938,
-0.0662940292358399,-0.00540000009536743),(0.0900824584960938,-0.0432342681884766,
-0.00540000009536743),(0.0900824584960938,-0.0280792350769043,-0.00540000009536743),
(0.0900824584960938,-0.0122507476806641,-0.00540000009536743),(0.0900824584960938,
0.00738973379135132,-0.00540000009536743),(0.0900824584960938,0.00894388771057129,
-0.00540000009536743),(0.0900824584960938,0.0190813484191895,-0.00540000009536743),
(0.0900824584960938,0.0243897342681885,-0.00540000009536743),(0.095504150390625,
-0.116622764587402,-0.00540000009536743),(0.095504150390625,-0.116622764587402,
0.00160000002384186),(0.095504150390625,0.0243897342681885,-0.00540000009536743),
(0.095504150390625,0.0243897342681885,0.00160000002384186),(0.0962695083618164,
-0.116470527648926,-0.00540000009536743),(0.0962695083618164,-0.116470527648926,
0.00160000002384186),(0.0962695083618164,0.0242374935150146,-0.00540000009536743),
(0.0962695083618164,0.0242374935150146,0.00160000002384186),(0.0969183654785156,
-0.116036979675293,-0.00540000009536743),(0.0969183654785156,-0.116036979675293,
0.00160000002384186),(0.0969183654785156,0.0238039474487305,-0.00540000009536743),
(0.0969183654785156,0.0238039474487305,0.00160000002384186),(0.0973519134521484,
-0.115388130187988,-0.00540000009536743),(0.0973519134521484,-0.115388130187988,
0.00160000002384186),(0.0973519134521484,0.0231550998687744,-0.00540000009536743),
(0.0973519134521484,0.0231550998687744,0.00160000002384186),(0.097504150390625,
-0.114622764587402,-0.00540000009536743),(0.097504150390625,-0.114622764587402,
0.00160000002384186),(0.097504150390625,-0.0943542785644531,-0.00540000009536743),
(0.097504150390625,-0.0797492370605469,-0.00540000009536743),(0.097504150390625,
-0.0662940292358399,-0.00540000009536743),(0.097504150390625,-0.0432342681884766,
-0.00540000009536743),(0.097504150390625,-0.0280792350769043,-0.00540000009536743),
(0.097504150390625,-0.0122507476806641,-0.00540000009536743),(0.097504150390625,
0.00738973379135132,-0.00540000009536743),(0.097504150390625,0.00894388771057129,
-0.00540000009536743),(0.097504150390625,0.0190813484191895,-0.00540000009536743),
(0.097504150390625,0.0223897342681885,-0.00540000009536743),(0.097504150390625,
0.0223897342681885,0.00160000002384186),(0.101004150390625,-0.125122764587402,
-0.00690000009536743),(0.101004150390625,-0.125122764587402,0.00160000002384186),
(0.101004150390625,-0.12508470916748,-0.00709134101867676),(0.101004150390625,
-0.124976318359375,-0.00725355291366577),(0.101004150390625,-0.124814109802246,
-0.00736193990707398),(0.101004150390625,-0.124622764587402,-0.00740000009536743),
(0.101004150390625,0.0324897346496582,-0.00740000009536743),(0.101004150390625,
0.0326810760498047,-0.00736193990707398),(0.101004150390625,0.0328432884216308,
-0.00725355291366577),(0.101004150390625,0.0329516716003418,-0.00709134101867676),
(0.101004150390625,0.0329897346496582,-0.00690000009536743),(0.101004150390625,
0.0329897346496582,0.00160000002384186),(0.101769508361816,-0.124470527648926,
-0.00740000009536743),(0.101769508361816,0.0323374938964844,-0.00740000009536743),
(0.101842742919922,-0.124647300720215,-0.00736193990707398),(0.101842742919922,
0.0325142707824707,-0.00736193990707398),(0.101904815673828,-0.124797164916992,
-0.00725355291366577),(0.101904815673828,0.0326641349792481,-0.00725355291366577),
(0.101946296691894,-0.124897300720215,-0.00709134101867676),(0.101946296691894,
0.0327642707824707,-0.00709134101867676),(0.101960861206055,-0.124932464599609,
-0.00690000009536743),(0.101960861206055,-0.124932464599609,0.00160000002384186),
(0.101960861206055,0.032799430847168,-0.00690000009536743),(0.101960861206055,
0.032799430847168,0.00160000002384186),(0.102418365478516,-0.124036979675293,
-0.00740000009536743),(0.102418365478516,0.0319039478302002,-0.00740000009536743),
(0.102553665161133,-0.12417227935791,-0.00736193990707398),(0.102553665161133,
0.0320392456054688,-0.00736193990707398),(0.102668365478516,-0.124286979675293,
-0.00725355291366577),(0.102668365478516,0.0321539459228515,-0.00725355291366577),
(0.102745002746582,-0.124363616943359,-0.00709134101867676),(0.102745002746582,
0.0322305870056152,-0.00709134101867676),(0.102771919250488,-0.124390533447266,
-0.00690000009536743),(0.102771919250488,-0.124390533447266,0.00160000002384186),
(0.102771919250488,0.0322574996948242,-0.00690000009536743),(0.102771919250488,
0.0322574996948242,0.00160000002384186),(0.102851913452148,-0.123388130187988,
-0.00740000009536743),(0.102851913452148,0.0312551002502441,-0.00740000009536743),
(0.103004150390625,-0.122622764587402,-0.00740000009536743),(0.103004150390625,
0.0304897327423096,-0.00740000009536743),(0.103028686523437,-0.123461357116699,
-0.00736193990707398),(0.103028686523437,0.0313283233642578,-0.00736193990707398),
(0.103178550720215,-0.123523429870605,-0.00725355291366577),(0.103178550720215,
0.0313903999328614,-0.00725355291366577),(0.103195495605469,-0.122622764587402,
-0.00736193990707398),(0.103195495605469,0.0304897327423096,-0.00736193990707398),
(0.103278686523437,-0.123564910888672,-0.00709134101867676),(0.103278686523437,
0.0314318771362304,-0.00709134101867676),(0.103313850402832,-0.123579475402832,
-0.00690000009536743),(0.103313850402832,-0.123579475402832,0.00160000002384186),
(0.103313850402832,0.0314464416503906,-0.00690000009536743),(0.103313850402832,
0.0314464416503906,0.00160000002384186),(0.103357704162598,-0.122622764587402,
-0.00725355291366577),(0.103357704162598,0.0304897327423096,-0.00725355291366577),
(0.103466094970703,-0.122622764587402,-0.00709134101867676),(0.103466094970703,
0.0304897327423096,-0.00709134101867676),(0.103504150390625,-0.122622764587402,
-0.00690000009536743),(0.103504150390625,-0.122622764587402,0.00160000002384186),
(0.103504150390625,0.0304897327423096,-0.00690000009536743),(0.103504150390625,
0.0304897327423096,0.00160000002384186)));
#86=TESSELLATED_SHELL('Body1_(2)',(#78),$);
#87=TESSELLATED_SHELL('Body_1428',(#79),$);
#88=TESSELLATED_SHELL('Body1',(#80),$);
#89=TESSELLATED_SHELL('Body1 (1)',(#81),$);
#90=SHAPE_DEFINITION_REPRESENTATION(#138,#94);
#91=SHAPE_DEFINITION_REPRESENTATION(#139,#95);
#92=SHAPE_DEFINITION_REPRESENTATION(#140,#96);
#93=SHAPE_DEFINITION_REPRESENTATION(#141,#97);
#94=SHAPE_REPRESENTATION('Body1_(2)',(#98),#118);
#95=SHAPE_REPRESENTATION('Body_1428',(#99),#119);
#96=SHAPE_REPRESENTATION('Body1',(#100),#120);
#97=SHAPE_REPRESENTATION('Body1 (1)',(#101),#121);
#98=AXIS2_PLACEMENT_3D('',#110,#102,#103);
#99=AXIS2_PLACEMENT_3D('',#111,#104,#105);
#100=AXIS2_PLACEMENT_3D('',#112,#106,#107);
#101=AXIS2_PLACEMENT_3D('',#113,#108,#109);
#102=DIRECTION('',(0.,0.,1.));
#103=DIRECTION('',(1.,0.,0.));
#104=DIRECTION('',(0.,0.,1.));
#105=DIRECTION('',(1.,0.,0.));
#106=DIRECTION('',(0.,0.,1.));
#107=DIRECTION('',(1.,0.,0.));
#108=DIRECTION('',(0.,0.,1.));
#109=DIRECTION('',(1.,0.,0.));
#110=CARTESIAN_POINT('',(0.,0.,0.));
#111=CARTESIAN_POINT('',(0.,0.,0.));
#112=CARTESIAN_POINT('',(0.,0.,0.));
#113=CARTESIAN_POINT('',(0.,0.,0.));
#114=MECHANICAL_DESIGN_GEOMETRIC_PRESENTATION_REPRESENTATION('',(#18,#19),
#118);
#115=MECHANICAL_DESIGN_GEOMETRIC_PRESENTATION_REPRESENTATION('',(#20,#21),
#119);
#116=MECHANICAL_DESIGN_GEOMETRIC_PRESENTATION_REPRESENTATION('',(#22,#23),
#120);
#117=MECHANICAL_DESIGN_GEOMETRIC_PRESENTATION_REPRESENTATION('',(#24,#25),
#121);
#118=(
GEOMETRIC_REPRESENTATION_CONTEXT(3)
GLOBAL_UNCERTAINTY_ASSIGNED_CONTEXT((#122))
GLOBAL_UNIT_ASSIGNED_CONTEXT((#134,#130,#126))
REPRESENTATION_CONTEXT('Body1_(2)','TOP_LEVEL_ASSEMBLY_PART')
);
#119=(
GEOMETRIC_REPRESENTATION_CONTEXT(3)
GLOBAL_UNCERTAINTY_ASSIGNED_CONTEXT((#123))
GLOBAL_UNIT_ASSIGNED_CONTEXT((#135,#131,#127))
REPRESENTATION_CONTEXT('Body_1428','TOP_LEVEL_ASSEMBLY_PART')
);
#120=(
GEOMETRIC_REPRESENTATION_CONTEXT(3)
GLOBAL_UNCERTAINTY_ASSIGNED_CONTEXT((#124))
GLOBAL_UNIT_ASSIGNED_CONTEXT((#136,#132,#128))
REPRESENTATION_CONTEXT('Body1','TOP_LEVEL_ASSEMBLY_PART')
);
#121=(
GEOMETRIC_REPRESENTATION_CONTEXT(3)
GLOBAL_UNCERTAINTY_ASSIGNED_CONTEXT((#125))
GLOBAL_UNIT_ASSIGNED_CONTEXT((#137,#133,#129))
REPRESENTATION_CONTEXT('Body1 (1)','TOP_LEVEL_ASSEMBLY_PART')
);
#122=UNCERTAINTY_MEASURE_WITH_UNIT(LENGTH_MEASURE(1.E-8),#134,
'DISTANCE_ACCURACY_VALUE','Maximum Tolerance applied to model');
#123=UNCERTAINTY_MEASURE_WITH_UNIT(LENGTH_MEASURE(1.E-8),#135,
'DISTANCE_ACCURACY_VALUE','Maximum Tolerance applied to model');
#124=UNCERTAINTY_MEASURE_WITH_UNIT(LENGTH_MEASURE(1.E-8),#136,
'DISTANCE_ACCURACY_VALUE','Maximum Tolerance applied to model');
#125=UNCERTAINTY_MEASURE_WITH_UNIT(LENGTH_MEASURE(1.E-8),#137,
'DISTANCE_ACCURACY_VALUE','Maximum Tolerance applied to model');
#126=(
NAMED_UNIT(*)
SI_UNIT($,.STERADIAN.)
SOLID_ANGLE_UNIT()
);
#127=(
NAMED_UNIT(*)
SI_UNIT($,.STERADIAN.)
SOLID_ANGLE_UNIT()
);
#128=(
NAMED_UNIT(*)
SI_UNIT($,.STERADIAN.)
SOLID_ANGLE_UNIT()
);
#129=(
NAMED_UNIT(*)
SI_UNIT($,.STERADIAN.)
SOLID_ANGLE_UNIT()
);
#130=(
NAMED_UNIT(*)
PLANE_ANGLE_UNIT()
SI_UNIT($,.RADIAN.)
);
#131=(
NAMED_UNIT(*)
PLANE_ANGLE_UNIT()
SI_UNIT($,.RADIAN.)
);
#132=(
NAMED_UNIT(*)
PLANE_ANGLE_UNIT()
SI_UNIT($,.RADIAN.)
);
#133=(
NAMED_UNIT(*)
PLANE_ANGLE_UNIT()
SI_UNIT($,.RADIAN.)
);
#134=(
LENGTH_UNIT()
NAMED_UNIT(*)
SI_UNIT($,.METRE.)
);
#135=(
LENGTH_UNIT()
NAMED_UNIT(*)
SI_UNIT($,.METRE.)
);
#136=(
LENGTH_UNIT()
NAMED_UNIT(*)
SI_UNIT($,.METRE.)
);
#137=(
LENGTH_UNIT()
NAMED_UNIT(*)
SI_UNIT($,.METRE.)
);
#138=PRODUCT_DEFINITION_SHAPE('','',#142);
#139=PRODUCT_DEFINITION_SHAPE('','',#143);
#140=PRODUCT_DEFINITION_SHAPE('','',#144);
#141=PRODUCT_DEFINITION_SHAPE('','',#145);
#142=PRODUCT_DEFINITION('','',#150,#146);
#143=PRODUCT_DEFINITION('','',#151,#147);
#144=PRODUCT_DEFINITION('','',#152,#148);
#145=PRODUCT_DEFINITION('','',#153,#149);
#146=PRODUCT_DEFINITION_CONTEXT('',#174,'design');
#147=PRODUCT_DEFINITION_CONTEXT('',#175,'design');
#148=PRODUCT_DEFINITION_CONTEXT('',#176,'design');
#149=PRODUCT_DEFINITION_CONTEXT('',#177,'design');
#150=PRODUCT_DEFINITION_FORMATION_WITH_SPECIFIED_SOURCE('','',#158,
 .NOT_KNOWN.);
#151=PRODUCT_DEFINITION_FORMATION_WITH_SPECIFIED_SOURCE('','',#159,
 .NOT_KNOWN.);
#152=PRODUCT_DEFINITION_FORMATION_WITH_SPECIFIED_SOURCE('','',#160,
 .NOT_KNOWN.);
#153=PRODUCT_DEFINITION_FORMATION_WITH_SPECIFIED_SOURCE('','',#161,
 .NOT_KNOWN.);
#154=PRODUCT_RELATED_PRODUCT_CATEGORY('','',(#158));
#155=PRODUCT_RELATED_PRODUCT_CATEGORY('','',(#159));
#156=PRODUCT_RELATED_PRODUCT_CATEGORY('','',(#160));
#157=PRODUCT_RELATED_PRODUCT_CATEGORY('','',(#161));
#158=PRODUCT('Body1_(2)','Body1_(2)','Body1_(2)',(#166));
#159=PRODUCT('Body_1428','Body_1428','Body_1428',(#167));
#160=PRODUCT('Body1','Body1','Body1',(#168));
#161=PRODUCT('Body1 (1)','Body1 (1)','Body1 (1)',(#169));
#162=PRODUCT_CATEGORY('','');
#163=PRODUCT_CATEGORY('','');
#164=PRODUCT_CATEGORY('','');
#165=PRODUCT_CATEGORY('','');
#166=PRODUCT_CONTEXT('',#174,'mechanical');
#167=PRODUCT_CONTEXT('',#175,'mechanical');
#168=PRODUCT_CONTEXT('',#176,'mechanical');
#169=PRODUCT_CONTEXT('',#177,'mechanical');
#170=APPLICATION_PROTOCOL_DEFINITION('international standard',
'ap242_managed_model_based_3d_engineering',2020,#174);
#171=APPLICATION_PROTOCOL_DEFINITION('international standard',
'ap242_managed_model_based_3d_engineering',2020,#175);
#172=APPLICATION_PROTOCOL_DEFINITION('international standard',
'ap242_managed_model_based_3d_engineering',2020,#176);
#173=APPLICATION_PROTOCOL_DEFINITION('international standard',
'ap242_managed_model_based_3d_engineering',2020,#177);
#174=APPLICATION_CONTEXT('managed model based 3d engineering');
#175=APPLICATION_CONTEXT('managed model based 3d engineering');
#176=APPLICATION_CONTEXT('managed model based 3d engineering');
#177=APPLICATION_CONTEXT('managed model based 3d engineering');
ENDSEC;
END-ISO-10303-21;
